fraud_bool,income,name_email_similarity,prev_address_months_count,current_address_months_count,customer_age,days_since_request,intended_balcon_amount,payment_type,zip_count_4w,velocity_6h,velocity_24h,velocity_4w,bank_branch_count_8w,date_of_birth_distinct_emails_4w,employment_status,credit_risk_score,email_is_free,housing_status,phone_home_valid,phone_mobile_valid,bank_months_count,has_other_cards,proposed_credit_limit,foreign_request,source,session_length_in_minutes,device_os,keep_alive_session,device_distinct_emails_8w,device_fraud_count,month
0,0.7000000000000001,0.3823127060657661,11,7,30,0.0044686599230856,-0.9835460189853132,AC,579,6026.037843205444,4085.966958152812,3097.629129162255,0,11,CA,141,1,BB,0,1,-1,1,200.0,0,INTERNET,2.1482908767851026,windows,0,1,0,7
0,0.8,0.1093519518997182,-1,32,20,0.0343962552060327,9.08798829463226,AA,1275,3762.854474533969,5443.327241530887,6646.404937595528,1211,8,CA,195,1,BC,0,1,28,0,1500.0,0,INTERNET,9.158930303688935,other,0,1,0,0
0,0.8,0.9997547989160112,-1,52,20,0.0099591256158261,-1.578229423456846,AD,920,7859.229468495111,3833.788405288687,4877.948880094668,8,15,CA,148,0,BC,0,1,10,1,200.0,1,INTERNET,3.2024393908242272,macintosh,0,1,0,4
0,0.1,0.1981523289450666,-1,26,20,0.0062482121814131,-1.3734876177777269,AC,1909,10219.14223678547,4993.5515877397465,5231.319720841819,0,17,CA,91,0,BE,1,1,-1,0,200.0,0,INTERNET,6.600139236441659,other,1,1,0,3
0,0.6000000000000001,0.0426299216658918,-1,180,30,0.0212414374786513,-0.0845124787736565,AB,1292,1442.9550849802115,3831.777650704707,6297.845181167969,736,8,CB,151,1,BE,1,1,1,0,200.0,0,INTERNET,6.169352402443737,windows,0,1,0,0
0,0.9,0.990819059986918,-1,189,40,0.0156688323358533,16.819535413491067,AA,3609,11800.225211117971,3869.097728107551,5566.942434504448,5,4,CB,228,1,BA,0,1,1,0,1000.0,0,INTERNET,8.030058870297543,macintosh,0,1,0,1
0,0.7000000000000001,0.0451776540687998,-1,42,30,0.9611551232557088,-0.6996198455064491,AD,4896,5998.557887283623,4462.585485303155,4327.882827889189,2185,4,CA,67,1,BB,0,1,28,0,200.0,0,INTERNET,6.69419897353156,linux,0,1,0,5
0,0.6000000000000001,0.6410509876998016,-1,249,20,0.0137046599864061,-0.1804921655342427,AB,699,3904.233924281456,3230.944108459677,4221.166645658725,697,20,CA,115,0,BE,1,1,1,0,200.0,0,INTERNET,2.425805016453705,windows,1,1,0,5
0,0.3,0.1135682211762957,60,9,40,0.0054410568755761,-0.3777613464337317,AB,943,7260.281065053897,6231.544602225948,5958.8580431455575,577,2,CA,209,1,BC,0,1,-1,0,1500.0,0,INTERNET,3.5954175461482576,macintosh,0,1,0,0
0,0.5,0.151083352721378,-1,80,30,0.0224131248892906,12.419193489619634,AA,979,2588.766427890933,4373.859243920714,4224.607062048793,13,17,CA,95,0,BE,0,1,30,0,200.0,0,INTERNET,0.8804600123285655,other,1,1,0,5
0,0.9,0.7954237039438595,-1,73,50,0.0099604046938492,-0.7786461555760312,AB,3818,5560.137048739476,4018.873552077276,5294.026468848398,14,4,CA,92,0,BB,1,1,31,1,2000.0,0,INTERNET,1.5931429551499945,other,0,1,0,3
0,0.9,0.3708649394148393,30,10,30,0.0042812830455986,-0.9379216681885608,AC,1816,9694.204552799098,6177.430500332184,4733.810682616298,0,18,CA,199,1,BC,1,0,-1,0,500.0,0,INTERNET,3.22522180345001,other,1,1,0,3
0,0.1,0.2047694435305661,55,8,30,0.0063800606577162,-1.5097713365489784,AB,764,605.5865491735495,3274.577249693171,3937.6874232916807,1,8,CA,201,1,BC,0,1,5,0,200.0,0,INTERNET,15.599591424012976,other,1,1,0,6
0,0.1,0.7786488549562895,-1,56,30,0.0077912282178483,-0.872401121932615,AB,3124,4112.38924987914,3254.218195472017,4205.452610990321,1390,9,CA,132,0,BB,0,1,27,1,200.0,0,INTERNET,3.74657255624236,windows,1,1,0,6
0,0.5,0.0810772428777456,-1,35,40,0.0211473397947705,-0.7274753450456453,AB,2692,4962.855549585199,4814.593356750531,4639.690297520688,15,3,CA,214,1,BC,0,1,30,1,1500.0,0,INTERNET,2.7401075397425347,linux,0,1,0,3
0,0.9,0.1994205117991073,-1,65,30,0.0338488941800504,-1.6586295005611071,AB,535,3385.000535887261,3476.874994708014,4080.430585793196,20,6,CA,97,0,BC,0,1,20,1,200.0,0,INTERNET,3.1783273580188665,other,0,1,0,6
0,0.4,0.9896919791453022,-1,104,20,0.0024212630884722,-1.3971815635724705,AB,2440,10827.834094582888,5250.0020848453605,5976.217726010716,1,13,CA,69,1,BE,0,1,31,0,200.0,0,INTERNET,5.325536630896308,windows,1,1,0,0
0,0.5,0.4008077910775133,-1,69,30,0.0108169666897712,-0.8534107733725543,AC,606,4164.127045289164,3267.523304614432,3112.6300005778703,1,11,CA,229,1,BA,0,1,-1,0,1500.0,0,INTERNET,2.461030766018222,windows,0,1,0,7
0,0.1,0.914869177168701,-1,48,20,0.0161939773127264,51.46893808417139,AA,925,3213.934976258605,3052.6929908651173,5568.347193039091,1513,12,CA,220,0,BE,0,1,1,0,1500.0,0,INTERNET,8.40453890527599,linux,1,1,0,2
0,0.8,0.1505427626772069,-1,60,20,0.0126387708307416,4.814047249692724,AA,1445,11544.182108047762,3468.263017734728,4309.271212687329,1,6,CA,170,1,BB,1,1,1,1,1000.0,0,INTERNET,1.8349306010073867,other,0,1,0,6
0,0.1,0.1910470877878446,-1,28,30,0.0135559504184874,-1.5042872504780824,AB,1269,1428.0786859104069,4903.8238416510085,4422.408046278066,528,7,CA,117,1,BE,1,1,26,0,200.0,0,INTERNET,4.456408836936374,linux,1,1,0,4
0,0.6000000000000001,0.123564082757601,-1,136,40,0.0143370657997757,-1.9314230342263912,AB,1300,8808.849793899497,6048.214973622068,4664.616169590255,699,4,CC,62,1,BB,0,1,5,1,200.0,0,INTERNET,16.59417159291018,linux,1,1,0,4
0,0.8,0.9974119012268404,-1,125,40,0.0171421778839712,-1.2395333300652782,AB,1020,11270.88347886017,7839.15085165975,5609.344782491217,214,2,CC,-54,0,BB,1,0,11,1,200.0,0,INTERNET,18.456865376582574,linux,0,1,0,1
0,0.9,0.240846627283926,-1,46,40,0.0025427684648237,-0.8025141335271383,AC,996,3827.434394931605,3286.881935917568,3100.150113385272,0,4,CA,120,1,BC,1,1,-1,1,200.0,0,INTERNET,9.368239221759216,linux,1,1,0,7
0,0.1,0.7294463682593484,-1,116,40,0.0316186233770377,48.65108834104807,AA,1537,3800.40197411654,5657.234085492004,4342.796657567883,3,13,CA,186,0,BC,1,1,1,0,500.0,0,INTERNET,3.892257691415866,other,1,1,0,4
0,0.1,0.8489123045573848,-1,108,30,0.0226290893180917,-1.2415821356727197,AC,2740,5115.325695665582,3772.663936081151,5476.047474818709,0,10,CD,100,0,BB,1,1,-1,1,200.0,0,INTERNET,2.234730178137349,linux,1,1,0,1
0,0.1,0.4817412404349424,-1,94,30,0.0185008464674166,27.553480942142965,AA,1620,5513.311461463612,4426.196570470828,5052.715825287566,18,5,CA,133,1,BC,0,1,2,0,200.0,0,INTERNET,2.241048723833494,windows,1,1,0,3
0,0.1,0.8821858370498652,24,24,20,0.0253331871724426,-0.9274655797836172,AB,2803,2816.914368436507,3840.609953576629,3115.016111447676,10,13,CA,91,1,BC,1,1,22,0,200.0,0,INTERNET,9.784568726365627,windows,0,1,0,7
0,0.1,0.5858130013402061,-1,32,30,20.51686755901824,-0.5438133047725768,AC,1290,11517.968407767528,8954.071903729908,5573.031669557839,0,13,CA,79,1,BE,0,1,-1,0,200.0,0,INTERNET,4.455779455453123,other,0,1,0,2
0,0.6000000000000001,0.1225319386652487,-1,32,30,0.0198681684332487,-1.2665797201547813,AC,586,2503.486150257237,5449.105822696841,4842.074582926046,0,10,CA,151,1,BC,0,1,-1,1,200.0,0,INTERNET,8.807916866875193,windows,0,1,0,3
0,0.9,0.9905287549997672,82,9,30,0.0009777698005798,-0.7247091862857612,AC,785,4013.9302823504577,3261.425527154165,3051.3623294425506,1,9,CA,119,0,BB,1,1,-1,0,200.0,0,INTERNET,2.218244816812695,linux,0,1,0,7
0,0.2,0.1164306349249104,28,7,20,0.0133645037244208,-1.01524111277969,AC,2056,7960.420849636288,5523.1081406311605,6237.746755243038,623,15,CB,92,1,BD,0,1,-1,0,200.0,0,INTERNET,9.761458197212246,linux,0,1,0,0
0,0.9,0.0753998740008299,-1,159,20,0.0246395746664828,93.84928150525457,AD,827,3453.843386530406,2941.612170720362,4995.811278024825,10,15,CA,159,0,BE,0,1,25,1,500.0,0,INTERNET,1.6203912874708242,windows,0,1,0,4
0,0.6000000000000001,0.6624702924432145,13,12,30,0.0087677443187011,-0.9746334574108436,AC,409,2013.0273322171463,4691.949387203611,4406.337158994029,0,8,CA,130,1,BB,0,1,-1,0,200.0,0,INTERNET,7.464255970328287,windows,1,1,0,5
0,0.9,0.0104854768391369,94,89,30,0.0146412062767591,-0.7977304344345231,AC,556,2428.120699367233,2664.5578135991627,4278.542649170462,0,13,CA,201,1,BC,0,1,-1,0,1000.0,0,INTERNET,7.485853825164679,other,0,1,0,7
0,0.6000000000000001,0.7595780545763079,-1,29,40,0.0351145380193469,-1.8186817535387416,AC,1060,6281.722979498263,4799.54145493838,4799.10180048379,1,8,CA,206,1,BC,1,1,-1,1,1000.0,0,INTERNET,4.896300268490863,linux,0,1,0,3
0,0.2,0.5820313662895706,175,48,30,0.0085714610544496,26.82803150290764,AC,2343,7595.903992441646,4463.725721719104,4981.164152591721,1,4,CA,114,0,BB,0,1,-1,1,200.0,0,INTERNET,14.157191549947465,other,0,1,0,3
0,0.3,0.0554971508603177,28,5,20,0.0255325673613771,48.857254128789656,AA,2091,9286.129363454844,6006.694662396332,6704.313924214141,3,13,CA,134,1,BC,0,1,1,0,200.0,0,INTERNET,7.322013117290092,linux,1,1,0,0
0,0.4,0.8625915291789071,-1,32,30,0.0101987755262646,-0.953331307932997,AC,1230,2461.537440434728,4998.955276704687,5155.5137266767215,0,4,CF,70,1,BC,0,1,-1,0,200.0,0,INTERNET,3.516144185868264,linux,0,0,0,2
0,0.2,0.7615119855037196,32,8,30,1.168630257581436,-1.0792391522191536,AC,1819,1639.5927662502047,3151.9094926678663,4082.715156522945,0,13,CA,158,0,BB,0,0,-1,0,200.0,0,INTERNET,7.797635417016653,linux,1,1,0,6
0,0.7000000000000001,0.1179917288174107,-1,61,40,0.0253833620409424,26.149894769994965,AA,1106,14957.890952662088,6124.856818092699,4850.703218685723,353,4,CF,93,1,BA,1,1,28,1,200.0,0,INTERNET,4.775183329754702,linux,1,1,0,3
0,0.1,0.663212319041397,-1,158,20,0.0206605203723792,-1.4126724201909082,AC,365,10112.87319102026,5880.45153782842,6817.373234802376,6,18,CA,64,0,BE,0,1,-1,0,200.0,0,INTERNET,8.715598744151126,other,1,1,0,0
0,0.4,0.1978956085191601,-1,99,30,0.9841135974460072,-1.431829763418974,AC,1677,8311.829914871128,6206.052123237133,5282.190960394779,0,14,CA,81,1,BC,0,1,-1,0,200.0,0,INTERNET,9.242493926555044,linux,1,1,0,1
0,0.8,0.7016900500305538,28,11,20,0.0281819795563822,-0.9830884631762722,AB,1100,4299.095236128017,3211.166613105949,4990.774528001438,658,11,CA,121,0,BB,0,1,21,1,200.0,0,INTERNET,5.742264489342652,other,0,1,0,2
0,0.6000000000000001,0.775542720959871,-1,50,20,0.0062938681752123,-1.389011756785372,AC,1984,7798.873944846794,5828.215316010575,5618.284749110821,0,14,CA,122,1,BE,0,1,-1,0,200.0,0,INTERNET,3.770865093258666,other,1,1,0,1
0,0.9,0.2633040066483352,54,9,30,0.0106718178475561,-1.2820170560018864,AB,901,6012.474740936192,4974.056591456491,4302.576701265988,13,13,CA,113,1,BB,1,1,1,0,200.0,0,INTERNET,1.0668351819013433,other,1,1,0,5
0,0.9,0.8198374034196879,149,7,20,19.511846347498008,35.38145721372587,AA,1680,3813.915637466287,3492.199670121133,5155.737275761503,3,17,CA,92,1,BB,1,1,1,0,500.0,0,INTERNET,5.025169511205589,linux,1,1,0,3
0,0.1,0.7087547339403427,-1,30,30,0.0087157966608958,-1.0354882189242898,AB,1237,12506.619435593357,6791.9894793871445,5634.808533622799,10,13,CB,113,1,BE,0,1,15,0,200.0,0,INTERNET,6.726706632996339,other,0,1,0,2
0,0.4,0.4814205465591808,-1,59,40,0.0140043230285785,-1.6622393286657404,AB,3209,3179.316192429221,4727.726280237685,4309.075743704743,15,3,CA,97,0,BC,0,1,19,1,200.0,0,INTERNET,2.83090072207598,linux,1,1,0,6
1,0.9,0.39274434016846,-1,28,30,0.0411051334132476,-0.7526031902994754,AB,782,851.1958682808067,3238.096896961576,3106.879357039815,1,4,CA,276,1,BC,0,1,15,0,1000.0,0,INTERNET,7.81752232568545,other,1,1,0,7
0,0.9,0.8717300024273555,-1,34,50,0.0218199714645983,-0.8812667547779917,AB,562,2710.902251181209,3261.837552330614,4183.560877980634,10,9,CA,279,1,BB,0,1,28,1,1500.0,0,INTERNET,8.57147493050666,windows,1,1,0,6
0,0.1,0.479646949567863,50,13,20,0.006020780400722,13.344920239202738,AA,783,7420.128021598476,7951.538425534045,4925.974874477152,2,7,CF,90,0,BC,0,1,6,1,200.0,0,INTERNET,5.13510454635182,linux,1,1,0,3
0,0.8,0.929818839663317,49,11,40,0.0192926616386041,-0.9783600218146952,AB,4157,5170.971574140147,5020.617721509476,6359.216685855181,2,5,CA,41,0,BC,1,0,30,0,200.0,0,INTERNET,15.182391351625252,linux,1,1,0,0
0,0.2,0.166582305571399,-1,32,40,0.0183718081511909,18.788031485148498,AA,924,5087.43493591141,4280.542926706483,4806.547646839393,1,8,CA,98,0,BC,0,0,1,0,200.0,0,INTERNET,12.006796962231322,windows,1,1,0,4
0,0.1,0.7420716444084758,-1,63,30,0.005383153650153,-1.375228791011924,AB,1382,3381.116345859909,2918.353359480084,4293.403657161974,9,4,CA,67,1,BE,0,1,28,0,200.0,0,INTERNET,1.8885293236692788,linux,1,1,0,6
0,0.7000000000000001,0.4025039479531774,-1,252,10,0.0044803570484065,-1.0560608593332992,AC,1253,3858.039910538363,5540.579441853703,4285.728803874344,0,7,CA,186,1,BA,0,1,-1,0,500.0,0,INTERNET,14.432543554737002,windows,1,1,0,4
0,0.1,0.6090389861093505,-1,101,30,0.0167554721500261,-1.6173277364828529,AB,1247,4977.6586421140255,6171.212142928044,5158.685535056032,1958,17,CF,97,0,BB,1,1,28,0,200.0,0,INTERNET,9.967971087107236,linux,0,1,0,2
0,0.6000000000000001,0.5721773352050507,179,9,20,0.0275608549742861,-1.4560452677856084,AC,1315,5678.842050837733,3428.2135187766444,5447.992061626555,0,15,CA,183,1,BC,1,1,-1,1,1000.0,0,INTERNET,1.5044700263662196,linux,0,1,0,1
0,0.8,0.554762943682559,11,4,20,0.009741877895383,-0.5755679314601074,AC,585,4458.411767382382,3242.707050630833,3196.0459126827386,1,9,CA,193,0,BE,0,1,-1,0,200.0,0,INTERNET,3.052862806694411,macintosh,0,1,0,7
0,0.9,0.6809458592842222,-1,361,40,0.0290421178495627,16.79316519711736,AA,1892,8229.12229474377,4032.2197754934,5248.291829969339,271,14,CB,88,1,BE,1,1,30,0,200.0,0,INTERNET,4.981319439718634,other,1,1,0,2
0,0.9,0.998226262777096,-1,54,30,0.0046416317759347,50.58826918491138,AA,915,13475.288867212636,6831.113312845957,5675.567019934108,616,19,CA,57,1,BE,1,0,15,1,200.0,0,INTERNET,4.665001514451175,macintosh,0,1,0,2
0,0.2,0.438964925518408,-1,255,20,0.0072203589386049,-1.0097299427443438,AB,1146,6303.978827647484,3951.266843856724,6306.478002722246,48,6,CA,102,0,BE,1,1,20,0,200.0,0,INTERNET,5.871967167581139,windows,0,1,0,0
0,0.9,0.7207360833503245,-1,186,20,0.0076382964526915,-1.1465664727552307,AB,2664,5367.055179083652,3263.3766691233104,4366.4975360531125,14,10,CA,218,1,BB,0,1,1,0,1500.0,0,INTERNET,2.166767771473904,windows,1,1,0,5
0,0.8,0.5339711420053582,-1,49,30,0.9100932998779262,50.06251674904701,AA,1164,4865.8753275982735,4123.865586711071,4325.746870028966,21,15,CB,181,0,BE,1,1,7,1,1500.0,0,INTERNET,57.43046871556864,other,1,1,0,0
0,0.6000000000000001,0.9068796002236964,-1,113,20,0.0276528686404606,-1.0708839950221227,AB,1096,1854.9790421777536,3896.629257094301,4292.541954689333,1,11,CA,286,0,BB,1,1,25,0,500.0,1,INTERNET,16.833371343588475,linux,0,1,0,5
0,0.6000000000000001,0.1321150876612933,-1,42,50,0.0316719832842352,-1.53770967225687,AD,1364,5954.847667861446,4665.894522540538,5941.825735399306,198,4,CA,236,1,BA,0,1,1,0,1500.0,0,INTERNET,6.6333438146200345,linux,1,1,0,0
0,0.2,0.785375892660212,-1,199,20,0.0419779471903824,18.51216180218062,AA,2276,4110.630631590328,4219.893135696506,3936.901721945392,29,4,CA,102,1,BE,0,1,1,0,200.0,0,INTERNET,2.3007995406793222,linux,1,1,0,6
0,0.9,0.1063239137115995,-1,160,30,0.0103397630123822,-0.7504577649076061,AC,1576,5293.889744456448,6488.0928091375245,6701.177812931938,0,5,CB,280,1,BA,0,1,-1,0,990.0,0,INTERNET,1.1224509311468998,macintosh,0,1,0,0
0,0.1,0.2288708658943538,-1,19,20,1.890166272358272,-1.0286624435423202,AC,1466,9267.69409049185,4792.870965769015,6026.580358414083,0,5,CE,83,0,BE,0,1,-1,0,200.0,0,INTERNET,5.219716069909311,macintosh,1,1,0,0
0,0.9,0.0978795271497843,305,23,40,0.0271713683943715,27.704166638580222,AA,1389,6283.759181214779,3997.143856720652,5026.051358033117,19,6,CA,205,0,BC,0,1,21,0,200.0,0,INTERNET,4.578330021155305,other,0,1,0,4
0,0.8,0.8603140326847648,81,145,50,2.944553075733252,24.68496176822055,AA,982,9125.769164053154,6782.614610768484,5341.685870378996,2,1,CE,52,0,BA,1,0,10,0,200.0,0,INTERNET,0.8095908492522382,windows,1,1,0,1
0,0.8,0.2683996136117326,-1,31,40,0.0338205457188699,-0.6545768943450114,AA,2021,999.774133799363,3253.0180098312803,3165.9551604074213,7,4,CA,208,1,BC,1,1,1,0,200.0,0,INTERNET,3.1899292943280155,linux,1,1,0,7
0,0.1,0.8962332253890426,11,9,20,0.0061029566323178,-0.3343637555678627,AC,4231,1842.5681596785644,5451.228067181123,6667.699237239635,0,6,CA,2,0,BC,0,1,-1,0,200.0,0,INTERNET,40.08833100459694,linux,1,1,0,0
0,0.9,0.7277107608958221,30,47,20,0.0130784161114468,35.81957078817243,AA,1109,7921.669293472513,5956.368845780263,6328.777288609901,41,10,CA,49,0,BC,0,1,31,0,200.0,0,INTERNET,5.435198499154804,other,1,1,0,0
0,0.3,0.0395795005129589,-1,64,30,0.0205685552093321,-1.431265150658755,AC,1200,4151.512204484605,3132.7626624152376,3181.800807233765,2,10,CA,26,0,BC,0,1,-1,0,200.0,0,INTERNET,19.04120177249057,other,1,1,0,7
0,0.8,0.0978370124096592,-1,127,20,2.808488422159787,-1.0961161082861834,AB,1574,3443.5629721962355,7251.386141445465,5361.346254594815,13,14,CB,5,1,BE,0,1,30,0,200.0,0,INTERNET,26.848092549434533,macintosh,0,1,0,1
0,0.9,0.9963270490232836,30,27,40,12.942989808460258,9.777496035385807,AA,889,3920.969899065057,3904.664101877689,3086.1594257820025,9,6,CA,86,1,BC,1,1,29,0,200.0,0,INTERNET,5.252842806904592,linux,1,1,0,7
0,0.9,0.6600566116799477,-1,114,40,0.0024515834038769,-1.1435658020226347,AC,723,5066.7666799771205,4371.5747815346895,4416.457406344675,0,12,CB,129,1,BA,1,1,-1,1,200.0,0,INTERNET,1.0362406699879585,other,0,1,0,6
0,0.8,0.8845658883054681,-1,172,40,0.0212324854181085,-0.6263459201483068,AB,1744,6347.675907102904,4851.086430607823,4926.5239155426725,5,8,CA,73,0,BC,1,1,3,1,1500.0,0,INTERNET,5.4506283551728165,linux,0,1,0,3
0,0.7000000000000001,0.99841271546234,-1,86,20,17.14591489666219,-0.7716423530303743,AC,1800,5318.1049551011165,5801.345903195835,4434.55026275214,0,9,CA,18,1,BE,0,1,28,0,200.0,0,INTERNET,5.576510729244933,other,1,1,0,6
0,0.9,0.1049561676488558,-1,76,40,0.0110861388370728,50.73244683924639,AA,1981,2541.188062084308,6008.215567032312,4969.3018106985855,1312,3,CA,151,0,BC,0,1,28,0,1500.0,0,INTERNET,5.298497780579289,other,1,1,0,6
0,0.4,0.7990397146806171,27,25,20,0.0267782085109437,-1.147031428853084,AB,1695,7115.650455723034,4283.9517932351855,5029.259784569262,11,19,CA,103,1,BC,0,1,1,0,200.0,0,INTERNET,5.225676547365183,linux,1,1,0,4
0,0.6000000000000001,0.7505305108152714,-1,42,30,0.0324152419746063,-1.5868414713913186,AB,814,8257.179375012758,5502.701749731452,4718.132898041818,8,11,CA,247,1,BB,0,1,21,0,1500.0,0,INTERNET,13.310617914814095,linux,1,1,0,3
0,0.9,0.4797970505283903,23,19,30,0.020639117559039,-0.4593731266289932,AC,693,3649.470861696496,6415.135321090226,5411.883450607264,0,8,CA,152,0,BC,1,1,-1,1,1500.0,0,INTERNET,4.281459891638175,other,1,1,0,1
0,0.8,0.1084554644529147,-1,216,40,0.037032742934363,-1.2116395277630136,AB,898,887.258029770319,5861.122048808926,5593.720798613265,774,7,CA,192,0,BA,1,0,6,0,1000.0,0,INTERNET,20.788930374370302,linux,0,1,0,2
0,0.1,0.3472481570606718,-1,135,40,0.0077295718507131,-1.2864255045608264,AC,1311,6949.193403835995,4912.621819250271,5691.984531335752,0,14,CA,40,1,BB,0,1,-1,1,200.0,0,INTERNET,4.233146230097212,windows,0,1,0,2
0,0.7000000000000001,0.1062215906173342,-1,190,50,0.0048056548017828,28.125483585934145,AA,1846,3023.6217885291217,6744.999077697356,5658.169342712162,45,14,CA,64,0,BB,0,1,10,0,200.0,0,INTERNET,8.386972724728595,linux,0,1,0,2
0,0.6000000000000001,0.286865223602523,-1,29,40,0.0288706528272041,-0.7704061756168047,AD,859,3083.370183003709,3518.6945325039296,3782.238288190031,15,9,CA,125,0,BC,0,1,1,0,200.0,0,INTERNET,3.2832047351316898,windows,1,1,0,6
0,0.7000000000000001,0.4907254072611811,12,9,20,1.2162322738002318,-0.8740305694360371,AC,1656,11864.089599374907,7944.158649271131,5518.034603217219,7,11,CB,115,0,BE,0,1,-1,0,200.0,0,INTERNET,41.90370010708202,windows,1,1,0,2
0,0.1,0.1598217001853467,12,1,20,0.2941778660432269,-1.7953332498078771,AC,1179,3598.938639107477,4793.2475902298,5362.185878143039,1,9,CA,134,1,BC,0,1,-1,0,200.0,0,INTERNET,11.111009548858153,linux,1,1,0,2
0,0.1,0.7037147549714403,-1,148,20,30.344681721805262,19.02428227717064,AA,3003,1825.838333017616,4352.8041895783135,6340.897346548196,1629,8,CE,-57,1,BB,1,1,28,0,200.0,0,INTERNET,4.140611820381535,linux,0,1,0,3
0,0.1,0.7701700793204378,-1,94,30,0.0118858024104238,-0.550905165572239,AB,1784,9351.6224886624,5600.878921527996,4473.374991259883,1,8,CA,332,1,BA,1,1,28,0,1500.0,0,INTERNET,3.8597881101818015,windows,1,1,0,4
0,0.6000000000000001,0.1360812298806151,-1,48,30,0.0164323540160713,-0.3951855400608235,AB,1232,4402.815148263159,2160.7441859525966,3799.374637851584,6,6,CA,128,1,BC,1,1,30,0,200.0,0,INTERNET,1.702119903131074,windows,1,1,0,7
0,0.9,0.8039539948068389,-1,34,40,0.0067540987793301,-1.3226541136160808,AB,3889,8278.745740550423,6946.2950062312975,6728.547604492246,7,9,CB,22,1,BD,0,1,25,0,200.0,0,INTERNET,3.7600901826924895,other,1,1,0,0
0,0.7000000000000001,0.8625331029300355,-1,187,30,0.0097757807730335,-1.2660991538319557,AB,816,1378.4066448959986,4119.271360051665,4356.249074427059,0,10,CA,202,1,BE,1,1,1,0,200.0,0,INTERNET,15.37940666712904,windows,0,1,0,6
0,0.6000000000000001,0.7322325981703194,-1,54,30,0.0341114642433306,-1.3502567566468302,AB,1296,222.87047152838767,4796.022045843582,3546.9454174444013,36,8,CA,63,0,BE,1,0,20,0,200.0,0,INTERNET,5.819703633386951,other,0,1,0,4
0,0.9,0.4179128064867408,-1,46,30,0.0009080788044737,-0.7757694365293035,AB,1282,7831.036234774007,5923.189501724783,4791.812987405502,20,11,CA,158,0,BA,0,1,25,1,500.0,0,INTERNET,4.020440565307846,linux,0,1,0,3
0,0.6000000000000001,0.3655163736019609,-1,187,30,0.0046700780517553,-0.5324158906657278,AC,830,2421.570287417079,3474.4584595251345,4837.4844156496165,0,13,CA,278,1,BC,1,1,-1,0,1500.0,0,INTERNET,4.061785242684825,linux,1,1,0,4
0,0.9,0.9971629229698428,200,4,50,0.0052572738878663,-0.9509762595200764,AD,340,5699.76171579828,6114.153730836827,4930.3013372268015,9,3,CA,159,0,BA,0,1,15,0,500.0,0,INTERNET,1.5438867451990006,windows,0,1,0,4
0,0.9,0.8464446634237714,-1,156,30,0.0058892461944,-0.2607774464112157,AD,1028,14611.491941682423,5079.405668834487,5613.397613826891,16,13,CA,114,1,BB,1,1,15,0,200.0,0,INTERNET,10.74647472484977,windows,1,1,0,2
0,0.4,0.1894261484224081,-1,237,20,0.0093505552598659,-1.8246521435025893,AD,6108,6002.095545302093,7868.385566102171,6047.709155184472,24,15,CF,-20,0,BE,0,1,28,1,200.0,0,INTERNET,4.834538653773818,other,1,1,0,0
0,0.7000000000000001,0.0773909853791828,106,105,60,72.36050494768936,-1.016608482479709,AC,926,4323.045684399994,4715.81568163721,5423.170868547364,0,13,CA,28,1,BC,0,1,-1,0,200.0,0,INTERNET,49.301382680231896,other,0,2,0,1
0,0.6000000000000001,0.3338319236228614,10,7,50,0.011065208120839,26.93641043365365,AA,1703,14278.00461160445,6531.6881543259815,6717.65655529025,37,7,CA,185,0,BB,1,1,28,1,1000.0,0,INTERNET,1.9054941507135608,other,1,1,0,0
0,0.2,0.6394279631497156,-1,152,20,0.003154723945017,-0.798803203161416,AB,1816,8202.54392639627,4042.6658364844,4768.445682483527,52,18,CB,163,1,BE,0,0,5,0,500.0,0,INTERNET,5.880726566318844,linux,0,1,0,3
0,0.9,0.0023659197885217,-1,19,30,2.789570944957326,-0.8520096296116685,AB,4393,5890.844823041422,4987.065510249166,5608.468488495703,15,13,CB,84,1,BA,0,1,30,1,200.0,0,INTERNET,4.617101762166572,linux,1,1,0,3
0,0.7000000000000001,0.410233706896161,26,10,40,0.0124995029927208,-1.2235305521997717,AB,3683,1252.6875357793954,3793.047698644411,6005.451526697355,6,15,CB,76,0,BB,0,1,16,0,200.0,0,INTERNET,8.747531067609946,linux,1,1,0,0
0,0.1,0.2432273648021563,-1,52,20,0.012594037204748,-1.0868136861056716,AC,2937,3552.294449250393,2909.999358233228,3001.1724905919405,0,13,CA,146,0,BB,0,1,-1,0,200.0,0,INTERNET,6.796054987989402,linux,1,1,0,7
0,0.4,0.4950822542090722,-1,41,20,0.0193584183490048,-0.8772660771209025,AB,3082,2926.5366194727203,3118.258497915722,4202.977822193999,1929,11,CA,102,1,BB,0,1,1,0,200.0,0,INTERNET,9.264595781657777,windows,1,1,0,5
0,0.3,0.523990167246198,-1,41,20,0.0097955126536356,-0.7399896354497315,AB,847,10874.508595174537,2625.357142674761,4129.631879545659,1,6,CE,122,0,BE,0,1,28,0,200.0,0,INTERNET,7.218924690452166,windows,1,1,0,5
0,0.6000000000000001,0.8838101646688153,-1,225,20,0.0045260098086639,-1.0743382363618532,AC,2086,409.6181852595414,3324.27311644584,4280.887291809136,1,4,CA,108,1,BE,1,1,20,0,200.0,0,INTERNET,5.520701580836862,other,1,1,0,4
0,0.2,0.1280040765024045,14,0,30,8.435459856875688,-0.7433100524487479,AC,1331,7423.581907614733,5092.9812368843495,5716.916404208752,0,13,CA,53,1,BC,0,1,-1,0,200.0,0,INTERNET,3.0082520906218813,linux,0,1,0,2
0,0.1,0.5331449810242979,-1,92,30,2.4775529485469923,-1.0764253279230755,AC,2957,4990.068741129674,6342.866983409037,4282.5287154795005,0,9,CA,200,0,BE,0,1,-1,0,1500.0,0,INTERNET,8.727766055066787,linux,1,1,0,6
0,0.5,0.7783599563811983,-1,56,30,0.0050759948538373,-0.8097329604782232,AB,1387,8214.563431659259,4951.179294343376,4802.410701599306,10,15,CA,48,1,BB,0,1,2,0,200.0,0,INTERNET,4.952415405877552,other,1,1,0,4
0,0.6000000000000001,0.0899355264067574,-1,3,30,0.0105402272462135,-0.1442937459593002,AC,1847,2935.924810076037,4602.586062381191,4697.665586437807,1,11,CA,146,1,BC,0,1,-1,0,500.0,0,INTERNET,4.9068498439688,windows,0,1,0,3
0,0.3,0.7142260524757138,-1,155,40,0.0173268800059448,-1.5360051656817597,AB,1451,8594.748658166582,7765.806021087486,5338.691920284653,0,7,CA,61,1,BD,0,1,2,0,200.0,0,INTERNET,11.575329842545589,windows,0,1,0,1
0,0.6000000000000001,0.0593860713970496,-1,4,50,0.0030988004353063,-1.1504159788869277,AB,1795,4635.22433645367,3608.0007583284014,4947.266178227303,8,1,CA,158,0,BA,1,1,21,0,1500.0,0,INTERNET,3.1180041124984763,linux,1,1,0,3
0,0.1,0.6838012599059177,-1,186,40,9.209003584856632,17.968956486851248,AA,1555,7001.334607341085,4816.5768201431765,5768.653178640839,15,5,CA,125,1,BC,1,1,26,0,200.0,0,INTERNET,10.641656792767812,other,0,1,0,2
0,0.6000000000000001,0.143065273624871,-1,37,20,0.0087375373793567,-0.9669480662734032,AB,886,1705.3926136907348,3109.811528605272,4129.955624279617,1,11,CA,110,1,BC,1,1,1,0,200.0,0,INTERNET,5.437748456769255,linux,0,1,0,6
0,0.1,0.7419502487829996,-1,187,20,0.0044678192022111,14.424972124171,AA,2110,8371.19118037744,6583.458689183434,6679.695193607155,32,13,CE,48,1,BE,1,1,30,0,1000.0,0,INTERNET,1.2624523582557423,macintosh,1,1,0,0
0,0.8,0.2662807058302474,-1,145,30,1.3062088319926368,17.868278219794362,AA,732,1472.6561472559442,5004.65873773041,4287.025599424983,9,4,CA,125,0,BD,1,0,26,1,200.0,0,INTERNET,11.315451597850013,other,1,1,0,5
0,0.5,0.0098948882150112,-1,362,40,8.585452179158239e-05,-1.3369115719564784,AD,1127,1675.6110679350409,5379.357256957942,5654.85292075398,13,2,CA,48,1,BA,1,1,15,0,200.0,0,INTERNET,3.1607735999757813,linux,0,1,0,2
0,0.7000000000000001,0.1914861915435149,-1,99,20,0.0160132061569953,-1.0350039993829858,AA,402,3915.91889032525,3629.997501377404,3152.927651772925,5,7,CA,155,0,BE,1,1,28,0,200.0,0,INTERNET,7.399953952134509,macintosh,0,1,0,7
0,0.6000000000000001,0.6544825861467476,-1,30,40,0.0290758275230891,-1.252032245574417,AB,1180,4565.248305247071,2888.8303570331605,4850.926809833178,348,7,CF,57,1,BB,1,1,31,0,200.0,0,INTERNET,13.735275244546363,windows,0,1,0,4
0,0.7000000000000001,0.7430351981195671,-1,199,20,0.0060714869948906,-0.2545062822634153,AC,777,4613.370558031607,3712.515884130249,4330.981622334285,5,13,CA,159,1,BA,1,1,-1,0,1000.0,1,INTERNET,7.669606996449961,linux,0,1,0,6
0,0.5,0.0329227552051132,56,15,20,0.0139596225463886,103.80137915048276,AA,1220,12129.606097731305,6505.555800408877,5669.03007168054,5,22,CF,95,0,BB,0,1,28,0,200.0,0,INTERNET,9.486780863625178,linux,1,1,0,2
0,0.6000000000000001,0.6079302465829063,-1,32,40,0.0182898168479032,-0.6902449921061915,AB,2256,4603.880082629552,5818.107533437776,5906.497342347362,27,7,CA,2,1,BB,0,1,25,0,200.0,0,INTERNET,3.547436646470514,other,1,1,0,0
0,0.8,0.8768959968221792,94,0,20,0.0251969063186828,-0.976646321960108,AD,670,7792.415226973771,6193.228667504804,4655.175631226838,6,11,CA,282,0,BC,0,1,1,0,1500.0,0,INTERNET,8.2746753606625,other,0,1,0,3
0,0.9,0.9152360046702288,-1,113,40,0.0147208096094089,-0.6973953268138964,AB,790,1508.2337447194743,3512.4353985244,5240.504340226447,210,8,CA,257,1,BA,0,1,2,0,1500.0,0,INTERNET,5.252029189065299,windows,1,1,0,2
0,0.9,0.2093851427576445,23,9,30,0.0053604695458646,-0.9824838779304286,AB,1001,2959.288300272421,5652.096433965593,4992.957349303762,157,18,CA,155,0,BC,1,1,28,1,500.0,0,INTERNET,4.587692841906665,windows,1,1,0,4
0,0.4,0.7649149726204537,-1,38,40,0.0224949264342273,-0.8860656942912544,AB,694,8044.830354696385,4792.8670822550175,4789.418127319254,46,4,CA,82,1,BC,1,1,1,0,200.0,0,INTERNET,9.508828516316338,windows,1,1,0,3
0,0.4,0.1275179179637749,-1,238,20,0.0025103257435385,-1.0571511209253617,AD,272,6852.364846194746,5187.4960998060005,4325.254902460705,3,13,CE,180,1,BE,0,1,19,0,200.0,0,INTERNET,1.7741706850108192,linux,0,1,0,4
0,0.8,0.6830910998455426,-1,38,50,0.0217237218586329,48.98402397027504,AA,1610,3375.365374261108,4030.551528593925,6731.027181856533,18,5,CF,177,0,BA,1,0,1,0,500.0,0,INTERNET,5.270462457248608,linux,1,1,0,0
0,0.3,0.2287863972788992,-1,30,40,0.0333012777042639,-1.5393504828386275,AB,370,9633.596465372926,6478.4628219057,3460.3476235820453,11,9,CA,144,1,BB,0,1,28,0,200.0,0,INTERNET,4.039603942322782,other,1,1,0,5
0,0.7000000000000001,0.536394816466091,90,1,50,0.0083598402929363,-0.5977135177542268,AD,1340,5362.637771226559,6532.359920848862,6019.197367701497,161,5,CB,165,1,BC,0,1,25,0,500.0,0,INTERNET,15.480094840332525,windows,0,1,0,0
0,0.5,0.4439331207199398,-1,66,40,0.763827366286745,12.730024684433804,AA,1862,2690.133959270055,6621.774105335746,5425.897041538304,13,3,CA,176,1,BC,0,1,5,0,500.0,0,INTERNET,8.242177292302154,linux,1,1,0,1
0,0.6000000000000001,0.0819258566209131,64,0,30,0.0238885991285461,-0.7821712872841553,AC,732,6931.959423180611,3715.3461854640295,5082.5232751842495,1,11,CA,111,1,BB,0,1,-1,0,200.0,0,INTERNET,2.062022795380692,other,1,1,0,2
0,0.9,0.3379470168625718,-1,42,20,0.0056305806328736,9.219571414335666,AA,1984,2750.665495410237,4108.8386594714575,5512.232988630116,24,14,CA,94,0,BC,0,1,1,1,200.0,0,INTERNET,4.161548860715423,other,1,1,0,1
0,0.9,0.1337158769883439,-1,194,20,0.0107412678588752,-0.258057479573323,AC,1152,3254.400134660099,3535.9088035377085,3176.5022534676145,0,9,CA,131,1,BE,0,1,-1,0,200.0,0,INTERNET,1.0378236432804908,linux,0,1,0,7
0,0.8,0.3729489588059085,59,3,40,0.0171493773648447,-0.8919179822012763,AD,2672,1988.3493391042684,3027.7160288381733,4285.210687503796,16,10,CA,109,1,BB,0,1,28,0,510.0,0,INTERNET,6.80269726497717,linux,1,1,0,4
0,0.1,0.0345490742174542,107,8,30,0.0253934005715383,-1.2598564982357194,AC,1370,2104.363703867293,3590.778819589988,5229.430855426043,5,10,CA,109,0,BB,1,1,-1,0,200.0,0,INTERNET,0.5116779541367287,other,1,1,0,7
0,0.9,0.2038277566247737,188,36,40,23.79223361505041,32.985821373354284,AA,1166,6978.46256413843,3204.924038652535,4380.32587844648,873,11,CA,-51,1,BB,1,1,28,0,200.0,0,INTERNET,3.793374770071616,windows,0,1,0,6
0,0.8,0.1653732139451555,-1,77,40,0.0294371111512054,-1.128121036470464,AB,1167,6055.937745914081,3017.586643028933,4389.680848377695,5,4,CA,206,0,BB,0,1,5,1,500.0,0,INTERNET,3.4791218905709584,linux,0,1,0,6
0,0.8,0.1626036954055353,97,4,10,0.9260280286723696,-1.230460326643372,AB,2428,3169.566497498108,8757.922584091453,5306.722523867021,13,4,CA,18,1,BC,0,1,31,0,200.0,0,INTERNET,18.016149244562783,other,0,1,0,1
0,0.1,0.6809906197260852,-1,41,40,0.0283710609146037,-1.1858262333843756,AB,1185,7060.944070761718,6314.126261675329,5319.314858909126,825,4,CA,168,0,BA,1,1,1,0,1500.0,0,INTERNET,20.31158521080591,windows,1,1,0,1
0,0.9,0.0085060925973626,-1,51,30,0.0081086773568296,39.08393996789643,AA,939,11034.839010620328,7016.618898863298,6394.262098103739,15,12,CB,191,1,BC,1,1,15,0,1500.0,0,INTERNET,13.8359711493968,other,1,1,0,0
0,0.6000000000000001,0.776424049828332,12,18,20,0.0031192135827517,-1.0162207272369237,AB,862,14604.212016864712,7856.176073995024,5451.426990271436,7,19,CA,110,1,BB,0,1,1,0,200.0,0,INTERNET,5.512436471374726,linux,1,1,0,2
0,0.9,0.7671672607553917,-1,228,20,0.0035275573702047,-0.9983106504743574,AC,1690,9024.854692460463,6142.270791554387,6607.8012001212655,0,13,CA,218,1,BE,0,1,-1,0,1500.0,0,INTERNET,7.905918782176879,other,0,1,0,0
0,0.8,0.1596176102280307,-1,111,30,0.0318660410633255,49.41479962750847,AB,2751,5249.902585892,5035.600297175777,4749.872274450641,8,9,CA,34,1,BA,0,1,1,0,200.0,0,INTERNET,62.56280589753879,linux,0,1,0,3
0,0.3,0.8455240998852087,-1,69,60,0.0054908534196824,-1.5733475581253549,AB,3818,6965.234008654605,4690.125107388994,4835.754782181235,15,4,CC,76,1,BC,1,1,10,1,200.0,0,INTERNET,22.3845089611534,windows,1,1,0,4
0,0.7000000000000001,0.2410863748798965,-1,10,30,0.009746020062461,24.905058094118512,AA,1589,2701.337708750585,2925.9254120270984,3717.728333112289,16,14,CA,169,1,BC,1,1,28,1,500.0,0,INTERNET,7.297118085334243,windows,0,1,0,6
0,0.9,0.0804655716179348,-1,99,40,0.0019957103914261,-0.2992544433472425,AB,710,4187.550342810313,2389.383912344468,3090.864476887441,819,4,CA,206,1,BC,1,1,1,1,200.0,0,INTERNET,7.550943516084195,windows,0,1,0,7
0,0.8,0.7859421560092494,11,1,20,0.0527963207689246,-1.4376164166644874,AB,975,1783.919040616756,5655.076588818846,4763.798703009014,605,20,CF,104,1,BB,0,1,1,0,200.0,0,INTERNET,7.783793786910389,linux,0,1,0,3
0,0.8,0.0932252327179844,-1,71,50,11.163308641035382,-1.181736589771757,AD,1021,4246.0934091243125,3165.3797284878247,4001.8362618181054,1,6,CA,139,1,BB,0,1,-1,0,200.0,0,INTERNET,8.923877151225659,windows,0,1,0,4
0,0.8,0.2466102412413401,55,20,30,0.0221137662245123,-1.2392677881478806,AC,600,1699.8560430091266,2434.90337748268,3968.702144320557,0,10,CA,136,1,BB,1,1,-1,1,200.0,0,INTERNET,0.9321287789771704,other,1,1,0,6
0,0.9,0.1778650479434148,-1,136,40,0.0318525216249549,-0.7892955115653099,AC,3779,5604.604860778304,5019.527179847576,4217.859976381034,0,7,CA,150,0,BB,1,1,-1,0,200.0,0,INTERNET,1.0248040660854911,windows,1,1,0,5
0,0.6000000000000001,0.9979055490926289,-1,126,40,0.0352614378244603,49.72660115671864,AA,832,6064.931468383948,4533.803832800871,4243.116158392279,2,6,CA,208,0,BE,1,1,21,1,200.0,0,INTERNET,0.9078416851730882,other,1,1,0,6
0,0.1,0.1558721318458014,-1,102,30,0.0122117937585215,-1.7544532419586572,AB,1537,1217.789169717344,2960.2956232053943,4452.262091120208,4,9,CA,162,0,BB,0,1,22,0,500.0,0,INTERNET,1.7280669262033794,linux,1,1,0,4
0,0.1,0.6271832814239214,-1,281,20,0.0194721921348912,17.57095470623215,AA,1101,8403.503707711117,5387.636589041466,6772.765859629308,6,15,CE,45,1,BE,0,1,28,1,200.0,0,INTERNET,3.429708123604918,other,0,1,0,0
0,0.6000000000000001,0.4987437039725541,-1,226,40,0.0076953288550168,49.056799455477325,AA,638,5360.931332807719,2870.6951402243885,3128.71723952111,2,2,CB,117,0,BE,0,1,2,0,200.0,0,INTERNET,6.4852869055479285,other,1,1,0,7
0,0.9,0.9295079377348,-1,194,20,0.0216658727747654,38.60685071705911,AA,2260,3331.7145214840525,3427.208681356869,4332.848825712444,16,7,CA,188,1,BC,0,1,2,0,500.0,0,INTERNET,15.996882798520186,other,1,1,0,5
0,0.8,0.5870386662021388,-1,111,20,0.0010519174408335,-0.9858543992130973,AB,595,607.6930504322576,3301.842634758148,3080.5712447524406,8,8,CA,95,1,BE,0,1,31,0,200.0,1,INTERNET,12.349216610875034,windows,0,1,0,7
0,0.2,0.5563359905150239,17,48,30,0.025267591542979,-1.4738219633773209,AD,468,12477.141057898643,5552.82926663019,5954.6051744420765,543,23,CA,70,1,BC,0,1,15,0,200.0,0,INTERNET,6.305828599657833,other,1,1,0,0
0,0.1,0.5236265603590489,31,34,40,0.0061342189188754,43.19688316298493,AA,1810,11887.948629021945,6240.177103939126,6248.116143680862,43,13,CG,123,0,BC,1,0,6,0,200.0,0,INTERNET,2.684408521583764,other,0,1,0,0
0,0.8,0.0533545850674231,-1,365,30,0.0339415642552154,-0.7480989063895234,AD,2498,7051.77897445697,3378.6356591300823,4988.768609558844,619,6,CA,161,1,BA,0,1,19,0,1000.0,0,INTERNET,6.556725088890087,linux,1,1,0,3
0,0.7000000000000001,0.6999423146595157,-1,81,20,0.0032046918668399,-0.8749531864009783,AC,459,3245.13862047352,3042.020319252056,3147.6606347595007,0,5,CA,142,0,BE,0,1,-1,1,200.0,0,INTERNET,13.106552753121257,linux,0,1,0,7
0,0.9,0.4433553636432976,-1,50,40,0.0320348254795111,8.167823779349726,AA,1935,5956.535985576019,4350.96509431103,5158.779988249146,2,12,CD,129,1,BC,0,1,-1,0,200.0,0,INTERNET,3.336017116066216,linux,1,1,0,0
0,0.6000000000000001,0.6739254647747986,-1,101,40,0.0094615581126395,43.417074311667406,AA,1811,6376.003227867666,5446.155062544899,4117.660996589782,3,12,CA,192,1,BC,1,1,1,0,1500.0,0,INTERNET,1.165052615137566,linux,0,1,0,3
0,0.4,0.4265730227337921,-1,122,30,0.0311198527840609,-0.5701568201092524,AC,1880,4612.5134728416,6976.637841966148,5647.084385593433,1,12,CA,55,1,BB,0,1,-1,0,200.0,0,INTERNET,13.15286048805913,linux,1,1,0,2
0,0.4,0.7097875275289531,-1,170,50,0.0067620266154998,-1.1526343341740717,AB,3677,4631.693334300191,3975.793821279809,5857.73484601559,1446,7,CA,169,1,BA,1,1,25,0,1500.0,0,INTERNET,4.004726309319704,linux,0,1,0,0
0,0.7000000000000001,0.9329239002236034,-1,66,50,0.0107124561928283,-0.5763258734387153,AC,1302,6479.6926774218055,4261.439785750813,4337.21813165877,0,2,CC,112,1,BB,0,1,-1,0,200.0,0,INTERNET,24.246604516026807,linux,1,1,0,3
0,0.9,0.4225545619578052,-1,33,30,0.0427374770632173,-1.397428144613592,AB,861,10415.866050427629,6280.585144967964,6715.4215130853945,12,13,CB,79,0,BB,1,1,30,0,200.0,0,INTERNET,3.3959967110093574,other,1,2,0,0
0,0.3,0.3437436399300825,-1,36,20,0.0152986564677181,28.333541632544645,AA,1699,10265.304413501808,5946.889037285778,4775.058108902063,20,19,CA,69,1,BE,0,1,21,0,200.0,0,INTERNET,5.2881949852586505,windows,1,1,0,3
0,0.1,0.4109240898871711,30,1,20,0.0261421045463429,51.635493511270894,AA,1123,2001.109889076497,3802.532038368873,5181.2757312818185,16,4,CA,73,0,BC,0,1,1,1,200.0,0,INTERNET,3.58895141108557,windows,0,1,0,2
0,0.9,0.1619485324336562,-1,60,30,0.0060268980698937,23.19509678343644,AA,567,9466.861109816113,6934.534085969679,5183.170752214614,17,12,CA,204,0,BC,0,1,30,0,1500.0,0,INTERNET,5.550958089028488,other,0,1,0,2
0,0.7000000000000001,0.2884182753261798,-1,75,40,0.0025576781342177,39.37012075069161,AA,1462,7981.914604644341,3385.165724809079,4879.664580611892,25,12,CB,129,1,BC,1,1,25,0,500.0,0,INTERNET,11.869082548864036,windows,0,1,0,3
0,0.8,0.5201822630844155,-1,185,20,0.0196458300973562,-0.3981356820752583,AC,1668,5272.322847762438,3622.5566463467712,5025.638080376006,0,10,CA,159,0,BE,0,1,-1,0,1000.0,0,INTERNET,1.3897336666756217,windows,1,1,0,3
0,0.1,0.068883855180154,-1,145,40,0.0059913462778738,-0.9965462543340244,AC,1921,5139.587256820091,4117.571118315847,4707.693456459348,2,11,CC,106,1,BB,1,1,-1,1,200.0,0,INTERNET,3.6962996198495386,windows,1,1,0,3
0,0.5,0.0741166832604869,-1,42,50,0.0060854292188549,-0.9355915479489711,AB,1257,6315.564359465036,7753.199982594046,4184.467113643296,16,2,CC,98,0,BB,1,1,15,0,200.0,0,INTERNET,17.70689568605911,windows,1,1,0,3
0,0.3,0.7535384621485508,26,7,20,0.0198101560555191,-1.3366217350155785,AC,857,3496.5995508166448,3221.7102991217607,4639.375538870437,0,7,CA,146,0,BC,0,1,-1,1,200.0,0,INTERNET,1.7912938598331185,other,1,1,0,3
0,0.1,0.7769083710297903,-1,49,20,0.0187834897621928,-0.8951953450119637,AB,1582,4847.17575162409,5003.102844188621,4839.000581880904,13,18,CF,144,1,BC,0,1,25,0,500.0,0,INTERNET,4.103552508060637,linux,0,1,0,4
0,0.2,0.6960618705313429,-1,203,20,0.0386718252854962,-1.1525767119365944,AB,3237,6949.818495655593,1972.2028971476,4342.304665409235,14,5,CA,208,1,BB,1,1,26,1,1000.0,0,INTERNET,3.4772262184055847,macintosh,0,1,0,7
0,0.9,0.4808037860192106,-1,136,50,0.0151006553843721,-1.2138248471971658,AB,1211,6401.022443991554,3676.8924685331785,5599.820550648355,16,4,CC,187,1,BB,1,1,11,1,1500.0,0,INTERNET,19.259384469018475,linux,1,1,0,2
0,0.1,0.4958682840427268,-1,165,60,0.008800299617796,-0.4535032786166519,AB,3911,7265.471121306108,5885.557834080475,6699.142146505319,31,2,CC,70,1,BB,1,1,30,0,200.0,0,INTERNET,4.813213717390452,windows,1,1,0,0
0,0.4,0.2757961276370386,-1,42,40,0.0055455744560268,-1.3729397022430696,AB,940,893.3754634025647,5274.166315026552,4960.732202245359,789,7,CA,-51,0,BC,1,1,21,1,1500.0,0,INTERNET,1.2552531346299094,windows,1,1,0,3
0,0.8,0.7615202738041046,26,-1,30,0.0109389763066861,-1.4969129039992444,AB,468,228.9004809035009,2815.247574551147,3081.8975584710784,4,10,CB,121,1,BC,1,1,31,0,200.0,0,INTERNET,0.9166023129928632,linux,0,1,0,7
0,0.1,0.1602028722027928,-1,85,50,0.0301048537057936,-1.055873951262727,AC,1401,5157.598052413533,4898.2902297045,4724.659552889114,0,9,CA,152,1,BA,0,1,-1,0,1000.0,0,INTERNET,19.210407030514013,windows,0,1,0,3
0,0.1,0.5921401140545569,-1,56,30,0.0060298312965218,23.75903764676745,AA,1522,8426.130923867922,3419.5277756532,5270.981752812396,1717,18,CB,45,1,BB,1,1,16,1,1500.0,0,INTERNET,4.565553991414964,other,1,1,0,1
0,0.1,0.9178758592807044,-1,190,20,0.0257105463537422,-1.1546284199476742,AC,1125,4956.483293058726,4086.57133399974,4372.435991449973,7,11,CA,249,0,BD,1,1,-1,1,990.0,0,INTERNET,1.925728324477969,other,1,1,0,5
0,0.7000000000000001,0.0597023507989072,32,0,30,0.0134152014060794,-1.0340628641863387,AB,987,4812.09442411599,2979.2091100486373,3089.9607499356207,14,21,CB,81,1,BC,1,1,28,0,200.0,0,INTERNET,2.832843839568237,linux,0,1,0,7
0,0.8,0.2131632608116088,-1,189,30,0.0033928459968082,-1.0887605097659798,AD,1498,2793.929569481125,2031.6368560253609,4333.100379219125,11,3,CA,136,1,BD,1,1,10,0,200.0,0,INTERNET,1.2952721152643722,linux,1,1,0,6
0,0.9,0.7053617569042461,149,12,40,0.0077332574922396,-0.7053237746451837,AC,2749,9528.34215888662,4970.4782325291335,6370.659566964735,0,8,CD,137,1,BC,0,1,-1,0,1000.0,0,INTERNET,6.776167546853694,linux,0,1,0,0
0,0.1,0.2614624965976252,-1,168,30,0.002139328646693,-0.9765284608394028,AD,1281,5495.110246589792,3901.4206672593095,5218.650718679767,6,18,CB,54,1,BE,0,1,11,0,200.0,0,INTERNET,9.747920116036203,other,1,1,0,2
0,0.8,0.1907020780155349,-1,105,30,0.0049687766698085,-1.7956760696229104,AB,1314,4505.290478086411,3199.5121051116143,4213.026883449418,7,11,CA,71,0,BC,1,1,31,0,200.0,0,INTERNET,4.157423994843732,other,0,1,0,5
0,0.6000000000000001,0.7089129733326721,-1,41,30,0.0199698924255239,49.85915109032506,AA,631,5351.542170589137,4929.24899530182,4249.449921158621,22,12,CA,110,1,BC,1,1,31,0,200.0,0,INTERNET,2.8473769808613816,linux,0,1,0,5
0,0.2,0.7326161670073265,-1,33,20,0.0210735034839657,-1.319016942403815,AB,1250,7658.888812128464,4617.699342616063,4639.891970965544,14,18,CA,19,1,BB,0,1,11,0,200.0,0,INTERNET,5.267271711205924,other,0,1,0,3
0,0.6000000000000001,0.5171849769571379,-1,70,40,0.0132693971754906,-0.8266580191229215,AC,1763,5952.290013262957,7285.281889739142,5140.232654983684,1,9,CA,90,1,BD,1,0,-1,0,200.0,0,INTERNET,16.269979297556333,linux,1,1,0,3
0,0.1,0.0657290158168769,26,7,30,0.0451664522449231,27.551677202064184,AA,1138,8506.159653701885,5912.971286745378,4705.4791528539,712,9,CA,57,1,BC,0,1,28,0,200.0,0,INTERNET,6.740697846779715,other,0,1,0,3
0,0.1,0.4864643013369598,25,17,20,0.0054833685787427,20.343968020395245,AA,1977,9552.922682093254,4020.952651364111,4706.67795904064,203,11,CA,112,1,BC,1,1,15,1,500.0,0,INTERNET,20.281984535397445,linux,1,1,0,3
0,0.1,0.095480654016623,-1,250,20,8.778529805017017,51.09226421774438,AA,1884,7970.574095460423,5650.743825194313,5353.471889813833,33,12,CE,49,1,BE,0,1,30,0,200.0,0,INTERNET,12.501150105692757,other,0,1,0,1
0,0.5,0.0816243037103948,-1,20,50,0.0262492608888843,100.6232188122914,AA,1455,1928.014201871125,7621.753411878734,6361.152249141025,34,13,CA,55,0,BB,1,1,15,1,200.0,0,INTERNET,15.179627941332596,other,1,1,0,0
0,0.4,0.1347236888642206,46,4,20,0.0073160820936768,-0.96163105891695,AC,4331,4011.350352137128,4933.57201485504,6361.200106277605,0,14,CA,88,1,BC,0,1,-1,0,200.0,0,INTERNET,2.128132437055697,linux,1,1,0,0
0,0.3,0.5008324439942439,8,6,30,0.0084764030086468,-1.4688323393068994,AB,1601,9676.335474652496,7133.483438107845,5533.694771466749,20,12,CA,119,1,BC,1,1,1,0,200.0,0,INTERNET,5.590832634090004,linux,1,2,0,1
0,0.8,0.9012617093796186,-1,82,50,0.0163525954734139,21.699305572167606,AB,1036,5188.471024891072,4577.9690662708645,5186.774327851169,8,4,CA,188,1,BB,0,1,19,0,1000.0,0,INTERNET,14.43281997494914,windows,1,1,0,2
0,0.6000000000000001,0.1256330608964791,30,13,40,0.0191617025985343,-0.4952895087724258,AC,1501,3988.186467392462,6973.834340473916,5469.433627018004,0,15,CB,199,1,BD,1,1,-1,0,1000.0,0,INTERNET,5.500882003412997,linux,1,1,0,1
0,0.4,0.8629053453186128,-1,116,30,2.5913037148394293,-0.5164767863811908,AC,1178,1493.3501214988296,4609.431972466049,5571.50793381433,1,8,CA,-26,0,BB,0,1,-1,0,200.0,1,INTERNET,4.111742800777323,windows,0,1,0,2
0,0.9,0.3387474377433214,-1,43,40,0.0086640510994545,-0.6697728488239221,AC,2048,7691.045012457889,2701.543898895333,3953.334155564365,0,5,CA,219,1,BB,1,1,-1,0,990.0,0,INTERNET,1.0230964432575065,linux,1,1,0,6
0,0.3,0.3620702837675979,-1,192,70,0.0045820953996585,-1.36657570600362,AB,1346,14409.812924148726,6196.1682224230135,5401.356136892035,1504,2,CC,100,1,BB,1,0,5,0,200.0,0,INTERNET,2.963021569609517,linux,0,1,0,1
0,0.9,0.878818515067192,-1,188,50,0.0317394640685828,-0.9162813410605736,AB,1483,1866.3784761555933,4123.397715814697,6029.274341103797,22,5,CA,248,1,BA,0,1,1,1,1500.0,0,INTERNET,2.1993391939646325,windows,0,1,0,0
0,0.9,0.2240822237152453,199,14,30,0.0054477996186669,49.13950101079296,AA,881,1628.408909860732,3580.880478640453,4178.760219768861,2,6,CA,110,1,BC,1,1,1,1,200.0,1,INTERNET,5.642892783677017,windows,0,1,0,6
0,0.1,0.8186402646370305,32,136,40,0.007401713556674,52.91897907087321,AA,1766,14171.660423430289,6746.678983493054,5978.604820872719,2,8,CA,146,0,BA,0,1,28,0,500.0,0,INTERNET,7.309698255447983,macintosh,1,1,0,0
0,0.9,0.7925564489934868,-1,91,30,0.0178787431427644,21.492541659018265,AB,849,7928.065907461857,5455.328369730538,4943.841206238076,19,20,CA,171,0,BB,0,1,31,1,200.0,0,INTERNET,4.786735587744873,other,1,1,0,4
0,0.2,0.9997956495182052,-1,339,20,0.019660141753474,33.033435756609904,AA,1658,8620.703918527877,5570.080819677599,5567.187488939445,244,5,CA,72,0,BC,0,1,11,0,200.0,0,INTERNET,5.32196749435957,macintosh,0,1,0,2
0,0.7000000000000001,0.8821714004907907,-1,134,30,0.0086117137998592,-1.0420256085671784,AC,321,5248.961479354744,4593.818820117812,4939.423849604828,1,8,CA,199,1,BB,0,1,-1,1,1000.0,0,INTERNET,3.3050706080949213,other,0,1,0,3
0,0.6000000000000001,0.3487598134396266,-1,177,30,0.0308765449294327,13.377220391563634,AA,1391,5611.836372313047,4942.524329521158,4395.970798759722,3,10,CA,220,1,BA,1,1,1,1,500.0,0,INTERNET,1.0298749165287533,other,1,1,0,5
0,0.1,0.1018986841734641,-1,52,30,0.0126313506606385,-1.0589398980616986,AB,1009,1261.8920338877165,3102.853810208172,3988.115872574898,641,4,CA,99,1,BE,1,0,1,0,500.0,0,INTERNET,4.883442930213623,linux,1,1,0,6
0,0.5,0.0779681708719939,54,18,20,3.2116263036818298,15.83001681122304,AA,472,8334.873926939965,5189.546723800146,4830.382277257892,16,17,CA,0,1,BB,0,1,31,0,200.0,0,INTERNET,11.449954578197485,other,0,1,0,3
0,0.6000000000000001,0.8719152854003368,56,6,30,0.0165399873060319,-1.304313186274665,AD,1518,2472.3807696680465,3214.1826141940587,5742.30188641144,11,12,CA,224,1,BB,0,1,1,0,1500.0,0,INTERNET,6.910290636483393,linux,1,1,0,2
0,0.1,0.2884496227706113,-1,359,50,0.0242733356355196,-0.3437598334951101,AB,1700,5238.570137588629,3533.836963243673,5310.872044888406,45,5,CC,151,0,BA,1,0,1,0,200.0,0,INTERNET,2.085848314581789,windows,0,1,0,2
0,0.9,0.8713315919109049,-1,110,20,0.0001770262797754,-0.8339446435335038,AB,1574,1260.4070890697435,6628.51051737024,5336.713984278484,779,20,CA,192,0,BC,0,1,1,0,1500.0,0,INTERNET,42.49165622139274,linux,0,1,0,1
0,0.6000000000000001,0.4465577767228174,-1,366,10,0.0001996151310251,-0.7861323398475613,AB,1240,10104.890644370462,5409.514799794471,5344.854942727648,2,8,CE,40,1,BE,0,1,5,0,200.0,0,INTERNET,3.987942265953795,linux,1,1,0,1
1,0.8,0.5879267689505339,-1,191,10,0.0323271214927892,47.58421048849407,AA,2551,2768.648644180193,2735.570884462049,4414.550446459082,7,5,CD,205,0,BA,0,1,11,0,200.0,0,INTERNET,7.844775760669775,macintosh,0,1,0,5
0,0.1,0.6399730142011404,-1,75,30,0.0071456507840855,-0.6889805750896576,AD,1291,4721.220073766159,6841.983076005367,4732.856556374388,31,10,CB,99,0,BC,1,1,-1,0,200.0,0,INTERNET,6.239640037708456,windows,1,1,0,5
0,0.3,0.9042746316070048,-1,43,30,0.0113763928686884,-1.11325978852383,AC,1530,6768.047419362712,4995.359295536761,5420.209006135058,0,13,CA,108,1,BC,0,1,-1,1,200.0,0,INTERNET,4.157521279633353,linux,0,1,0,2
0,0.9,0.992942532951286,104,18,50,0.0035779359619744,-1.2787497339389196,AC,2148,6760.313106139662,5416.523663766833,4392.722703782763,1,11,CA,165,0,BA,1,1,-1,0,500.0,0,INTERNET,4.475417078552057,macintosh,0,1,0,4
0,0.7000000000000001,0.4706576856450953,23,2,20,0.0356317980044796,-0.4458977259916394,AB,714,352.6780675889746,3042.042543849105,4338.868749059903,14,8,CA,141,0,BA,1,1,1,1,500.0,0,INTERNET,3.3353347873477235,macintosh,1,1,0,7
0,0.4,0.99499519442804,30,88,30,0.0126171570287973,14.116068290250974,AA,803,5123.698860386714,3736.48359860964,3622.049456511483,23,14,CA,95,0,BC,1,1,25,0,200.0,0,INTERNET,1.406605990263606,other,0,1,0,6
0,0.9,0.5997876702995136,-1,65,30,7.674497765714768e-05,-0.9247263943270404,AB,2745,3583.794816587996,3398.377109407011,4311.769946372542,10,11,CA,172,0,BB,0,1,6,0,200.0,0,INTERNET,4.471874033734051,linux,0,1,0,5
0,0.8,0.4243661576533737,28,8,20,0.0252263558008547,-1.2811213899278693,AD,674,4762.602812942751,5270.3247209464125,4040.398727505523,8,11,CA,74,1,BC,0,1,1,0,200.0,0,INTERNET,9.117680643697572,other,1,1,0,5
0,0.2,0.7870781335211441,-1,56,30,0.0197771895004583,15.782554144422653,AA,2471,5451.9874155387015,4127.348154454965,4301.402765434085,13,19,CA,230,0,BC,0,1,10,0,1000.0,0,INTERNET,13.670000391772346,other,1,1,0,3
0,0.1,0.712305595699731,-1,220,20,0.0032688691840205,-0.4225058318866968,AC,718,5218.877684753338,6534.41140183261,3151.3279743749376,1,7,CA,148,1,BA,1,0,-1,0,200.0,0,INTERNET,4.261070953415982,windows,1,1,0,1
0,0.8,0.2806912010019357,-1,39,50,0.0138546941141648,-0.8665336720452873,AB,814,2966.027475211484,3093.885249347759,3480.8224292797413,1424,8,CA,126,1,BB,1,1,1,0,200.0,0,INTERNET,10.147810946100975,windows,1,1,0,6
0,0.9,0.103879805580311,-1,52,40,0.0004723285554129,49.860924683527934,AA,1410,9197.580630845629,6845.675815621921,5132.288216783023,23,5,CA,85,1,BC,0,0,29,0,200.0,0,INTERNET,10.017648996718297,linux,0,1,0,3
0,0.6000000000000001,0.208594318773798,-1,81,30,0.0114735971778776,-0.4841839038962077,AB,467,5218.987377946421,4094.1045429207393,4287.279301516688,15,5,CA,290,0,BC,0,1,30,0,1000.0,0,INTERNET,5.4719577432698046,windows,0,1,0,5
0,0.7000000000000001,0.3770683037054779,-1,156,30,0.015332414644372,-1.4259533261659412,AB,1000,8461.640230948267,3633.421885634104,5681.0128110554415,13,11,CA,235,1,BB,0,1,1,0,1500.0,0,INTERNET,6.751069911943184,windows,1,1,0,1
0,0.8,0.9860276436919044,11,8,30,0.0085854291467485,25.02227240120836,AA,2167,4169.171165603711,3520.238756525197,4233.54900108943,15,7,CA,113,0,BC,0,1,21,0,500.0,0,INTERNET,7.677363045042897,macintosh,1,1,0,3
0,0.9,0.1954627792497984,-1,50,30,0.0145342439467273,24.609268075699205,AA,916,8609.578427939805,4561.853130986285,4353.002129050671,12,13,CB,104,1,BC,1,1,21,0,200.0,0,INTERNET,15.515750379775511,linux,0,1,0,7
0,0.9,0.1218109303375464,40,11,40,0.0121613868833958,-0.8062811396758898,AB,518,5797.476984750593,2818.858225402505,3093.7407094143537,9,3,CB,319,0,BC,0,1,21,0,500.0,0,INTERNET,0.4309435263872041,windows,1,1,0,7
0,0.8,0.1327629553966747,-1,18,30,0.0139689755661177,-0.970762754767636,AB,708,1681.3958365167796,3885.345840887685,5080.662930943161,810,5,CB,217,0,BA,0,1,31,0,1500.0,0,INTERNET,4.507537265584877,linux,0,1,0,3
0,0.2,0.4026446856883482,74,7,20,0.0278057375637831,-1.4751742369364105,AA,164,3438.3804878986784,2870.908378850901,3858.681189935368,6,11,CA,164,1,BB,0,1,6,0,990.0,0,INTERNET,34.82665425493426,linux,1,1,0,7
0,0.5,0.7006948749127415,23,34,20,0.0202242250410047,-1.092439939526967,AB,1211,6186.421054149574,5326.918802756275,5941.643153883297,10,23,CA,184,0,BC,0,1,10,0,200.0,0,INTERNET,9.20426953745454,windows,0,1,0,1
0,0.9,0.3379568287759786,241,6,20,0.018083130471215,-1.0656548386051292,AA,683,2638.2847761620105,2197.384996172247,3835.701257038524,1,11,CB,114,0,BC,0,1,1,0,500.0,0,INTERNET,7.172802406444975,macintosh,1,1,0,7
0,0.6000000000000001,0.8616213035984713,-1,102,30,0.0029872644725942,-1.156013247493514,AD,1496,4747.650330839289,3967.064540107324,4383.819164167603,20,8,CF,147,1,BB,1,1,14,0,200.0,0,INTERNET,4.672373667275932,windows,1,1,0,4
0,0.3,0.1070252381268613,-1,278,50,0.0105772755516744,26.83149850486591,AA,1573,5739.713464467756,4601.99100685236,4887.740399964676,34,5,CF,110,1,BC,1,1,28,0,200.0,0,INTERNET,4.335084670305851,linux,1,1,0,4
0,0.5,0.9012811128844672,-1,41,40,0.0077173306819801,-0.5198769242276229,AC,737,2756.684417513846,2678.825944680424,3080.449083486152,2,9,CD,190,0,BC,1,1,-1,1,1500.0,0,INTERNET,0.232661931586386,linux,0,1,0,7
0,0.3,0.8654315025904004,-1,52,20,0.0058586900325385,-0.7025705478304665,AB,2463,1831.377182825286,7319.201839944008,6379.113319473431,7,19,CA,165,0,BB,1,1,25,0,1000.0,0,INTERNET,11.0243018148801,windows,1,1,0,0
0,0.9,0.6955336595237261,-1,300,70,0.0170051808006971,48.96375900927716,AA,1383,14939.73197328887,5604.358640107164,6371.605392700546,2021,2,CB,94,1,BA,1,1,5,0,200.0,0,INTERNET,3.3215748138123145,linux,1,1,0,0
0,0.9,0.2285718318224168,32,26,40,0.0064309875166517,-1.0941823230298628,AA,888,825.744373312587,3222.408062643221,4387.711994489187,1782,7,CA,52,0,BC,1,1,15,1,200.0,0,INTERNET,0.0255528520289141,macintosh,1,1,0,5
0,0.8,0.1686337757555574,-1,50,30,0.0138311424000504,-1.1409808361755798,AB,2404,4298.947624860519,3139.492477964176,3141.309341680744,1,6,CA,152,1,BB,1,1,31,0,1000.0,0,INTERNET,2.17155376493184,linux,0,1,0,6
0,0.8,0.8585338900331746,-1,109,40,0.0388452757025354,-1.2191350131736152,AD,949,2426.122481705405,3310.385695206983,4328.299591907822,12,4,CA,164,0,BC,0,1,1,1,1500.0,0,INTERNET,7.541843240495527,linux,0,1,0,4
0,0.8,0.3660227312529388,-1,32,40,0.0375073039996954,20.669785956302064,AA,3269,4943.028769797462,5767.030536216164,4350.389080806041,1,1,CA,42,0,BC,0,1,1,0,200.0,0,INTERNET,7.5102404341024815,windows,0,1,0,6
0,0.8,0.4375710474370245,341,45,30,0.0090667539731936,52.93930146243461,AA,1099,7830.10242016081,6564.164261020239,5890.542040906124,2,12,CA,159,0,BE,0,1,20,0,500.0,0,INTERNET,1.7038359460457595,windows,1,1,0,0
0,0.1,0.5064186477972047,-1,222,40,0.0003380839961976,-0.9594088655091652,AC,3360,9359.25935030458,5843.294442015756,5113.809227610298,0,4,CA,234,0,BA,0,0,-1,0,1500.0,0,INTERNET,4.811532483217484,other,0,1,0,4
0,0.8,0.6370269868778446,-1,61,20,0.0072194444626925,40.0597759935544,AA,2741,7957.744475010015,5458.368195388725,6422.536392775052,14,8,CA,13,0,BC,0,1,30,0,500.0,0,INTERNET,8.712502775284008,other,0,1,0,0
0,0.7000000000000001,0.3733184369366304,31,8,30,0.0120797528864798,-1.3087179592027431,AB,803,2157.1257579169087,5349.795393566959,4275.52481857304,10,11,CA,151,1,BC,0,1,11,0,200.0,0,INTERNET,16.549004626225905,linux,0,1,0,6
0,0.7000000000000001,0.4590990918458228,-1,77,20,0.0065739244242971,-1.120863312828153,AC,1351,5674.296746464184,3923.876847733012,4680.573818319498,0,14,CB,152,0,BB,0,1,-1,0,500.0,0,INTERNET,3.425695298687105,other,1,1,0,3
0,0.4,0.9923795942029962,-1,73,30,0.0140207429539663,-0.5853436751605412,AB,849,4265.843158896865,6754.752469088407,3859.064448836692,1,17,CA,84,0,BB,0,1,19,0,200.0,0,INTERNET,4.544990482315432,other,1,1,0,0
0,0.6000000000000001,0.5398402152314178,-1,50,40,0.0221454646350236,2.104888652208725,AA,2668,6215.029343545112,3581.661002412863,4335.7112266241575,1388,5,CB,139,1,BC,0,1,1,1,500.0,0,INTERNET,6.273370563223104,linux,1,1,0,4
0,0.1,0.7312652303923272,-1,75,40,0.0043253325652649,24.232506774409288,AA,4314,14714.881315648909,7032.912851522112,5683.188271921164,2022,6,CA,63,0,BE,1,1,28,1,1000.0,0,INTERNET,7.65925269263217,other,1,1,0,2
0,0.2,0.996341680641394,42,31,40,0.0197928673279972,-1.0477750628595013,AC,2500,2594.9460644420333,2374.230697815739,4144.607929049889,0,11,CA,130,0,BB,0,1,-1,0,500.0,0,INTERNET,1.000763239043892,macintosh,0,1,0,5
0,0.3,0.2997479020546795,-1,126,90,0.9157644757153371,-1.1950513832703475,AC,1251,9611.436680724091,6746.459158706593,4291.772967195331,0,4,CB,56,1,BC,1,1,-1,0,200.0,0,TELEAPP,-1.0,other,0,0,0,5
0,0.5,0.4601505427438161,-1,44,10,0.0151531428314309,-0.6229756355964369,AD,4670,8373.308197270446,7118.291545616574,6657.687168626903,6,15,CE,42,1,BE,0,1,1,0,200.0,0,INTERNET,7.501100632637494,linux,0,1,0,0
0,0.1,0.6761460348405324,12,7,20,0.0258576288539687,-0.8472480179228002,AB,858,4318.046238855245,4177.112669711198,4294.481748888549,4,11,CA,129,0,BC,0,1,26,1,200.0,0,INTERNET,0.9017163499646892,linux,1,1,0,6
0,0.3,0.2323191138898229,49,4,40,0.0052487413793753,98.55608771656313,AD,1085,3642.330047893482,6539.872617923875,5566.243465711599,18,9,CA,116,1,BC,0,1,31,0,200.0,0,INTERNET,8.540921903331625,macintosh,1,1,0,2
0,0.8,0.8041465357100537,-1,343,20,0.035465897907602,18.13917392092117,AA,1514,4198.833045453012,3530.703552091773,4457.138204933071,864,15,CA,-97,0,BE,1,1,30,0,200.0,0,INTERNET,2.8143723447946725,linux,1,1,0,4
0,0.7000000000000001,0.6349018530956843,-1,54,40,0.0336418149280304,-1.2331670477627314,AC,389,14855.192281341006,4805.951490830034,5116.517647122007,1,5,CF,132,0,BC,0,1,-1,0,200.0,0,INTERNET,1.0536225838357778,other,1,1,0,2
0,0.9,0.8666163307906379,-1,146,30,0.0192401596406071,-1.0058707299495149,AB,429,1238.830021877508,2642.454537666675,3114.8642136365747,16,3,CA,241,1,BA,1,1,6,0,1000.0,0,INTERNET,2.4816092845079187,other,1,1,0,7
0,0.6000000000000001,0.688699813415527,-1,280,20,0.0005836290424489,-0.8088074859344105,AB,1891,4005.777198075028,3045.1483837014075,3159.081478901405,14,8,CA,99,1,BE,0,1,15,0,200.0,0,INTERNET,3.527589122114656,macintosh,1,1,0,7
0,0.9,0.2330574332365526,-1,30,40,0.0245726452010164,-1.052226442338662,AB,861,1548.0409946408304,3195.223247329874,3754.921437007608,1861,5,CA,194,0,BB,0,1,1,0,200.0,1,INTERNET,7.360333389911673,linux,1,1,0,5
0,0.2,0.0111924012367279,-1,182,30,0.0256338596758186,-1.7503533446806767,AD,803,1697.5801536676693,5888.92231971652,4766.152447786811,1420,5,CA,34,0,BB,0,1,31,0,500.0,1,INTERNET,8.775952962996916,windows,1,1,0,3
0,0.8,0.5729963987910047,-1,168,40,0.0032689506187202,-0.1291100734664408,AC,721,5246.323476822129,3388.9866836308565,5635.359583225985,0,9,CB,193,1,BA,0,1,-1,0,200.0,0,TELEAPP,9.762104441718025,other,0,0,0,4
0,0.6000000000000001,0.2765148226030282,29,11,30,0.0294544008993441,-1.3526950222389624,AB,535,6905.683818745134,4836.21582682681,4642.383161105062,16,8,CF,90,0,BC,0,1,1,1,200.0,0,INTERNET,1.8471491794933947,other,0,1,0,5
0,0.7000000000000001,0.4960958618916295,-1,42,20,0.0221065457256169,-0.4129255241686825,AB,953,6605.220889266087,6965.702318240703,5472.188595965619,860,10,CA,84,0,BB,1,1,1,0,200.0,0,INTERNET,21.59657940045783,windows,0,1,0,1
0,0.8,0.2521898079587105,-1,151,40,0.0016134928135343,-0.4395910606286839,AB,1078,2254.0336765980483,3780.850001830135,4324.420175642094,14,11,CA,295,1,BB,1,1,1,1,1500.0,0,INTERNET,2.119681321654107,linux,1,1,0,4
0,0.9,0.1742012605058169,-1,381,40,0.0140892665555525,-1.1089174677018314,AD,473,949.3079131364038,3858.005390775813,4315.657790993257,488,6,CB,225,1,BC,1,1,1,0,1500.0,0,INTERNET,11.443859427317811,windows,1,1,0,4
0,0.6000000000000001,0.0638382439583153,90,13,60,0.0237042581426401,-1.0295932466302635,AC,873,7907.3060056105505,6404.644281677974,5154.216968711777,0,1,CC,28,1,BB,1,0,-1,0,200.0,0,INTERNET,5.693188019285633,other,0,1,0,1
0,0.9,0.711536730891673,-1,145,40,0.0057499585509356,-1.452655036212597,AB,1076,4689.401136666429,4156.9660674463485,4293.670948516039,284,9,CA,35,0,BE,1,1,2,0,200.0,0,INTERNET,30.68582863375165,macintosh,0,1,0,3
0,0.1,0.5403944687447947,-1,26,20,0.0153859281448061,-1.1946937488699498,AB,3820,9876.516319652212,6594.863486049486,6737.586584220207,11,12,CB,171,1,BC,1,1,4,0,200.0,0,INTERNET,4.332266170891043,other,1,1,0,0
0,0.6000000000000001,0.1965728619915698,94,3,30,0.0021102790223123,49.88707228262143,AA,1410,6001.999050815865,4176.296582560337,4351.822122467092,47,20,CA,78,0,BC,0,1,25,0,200.0,0,INTERNET,0.9411322080640904,other,1,1,0,5
0,0.9,0.997319508643298,12,22,20,0.0164870402715712,-0.6108451572564486,AD,508,1189.0920342502186,3092.991386840449,4828.93826400698,12,25,CA,216,0,BE,0,1,28,0,2000.0,0,INTERNET,10.260751518531276,windows,0,1,0,4
0,0.2,0.7892166069903499,29,5,40,8.381859594821796,37.35991002895291,AA,1925,4371.826566328374,4170.912841001844,5234.637798086549,18,13,CA,65,1,BC,1,1,29,0,200.0,0,INTERNET,15.782442716489555,other,1,1,0,2
0,0.9,0.171700704923413,-1,38,40,0.0181874024944484,18.54518506607232,AA,2331,4829.598145925262,3040.4510243207483,3185.964585791113,2,4,CA,153,0,BC,1,1,3,1,500.0,0,INTERNET,7.621917996751731,macintosh,0,1,0,7
0,0.1,0.4184697698161911,-1,57,20,0.0106590291896379,-0.9014058724567324,AC,1275,3757.106839435557,6838.457687475036,5343.069471922401,0,7,CE,49,1,BC,1,0,-1,0,200.0,0,INTERNET,4.702783924861703,linux,1,1,0,2
0,0.6000000000000001,0.5928072384579555,-1,20,30,0.0039515365550951,-1.42916892044824,AB,1159,3564.61060679031,3794.292761550823,4874.892281532364,1,13,CA,125,1,BB,0,1,-1,1,200.0,0,INTERNET,6.049035626133432,linux,0,1,0,3
0,0.2,0.2780755200256082,-1,16,30,0.0085702630272035,-0.7665330468331042,AC,3087,4462.725619837862,4009.7220878530457,4148.364516334862,0,15,CB,89,0,BC,0,1,-1,0,200.0,0,INTERNET,2.3098970608179994,other,1,1,0,5
0,0.6000000000000001,0.5074695325854033,26,8,30,0.0104452182996922,-1.4273104856245908,AC,161,8942.145577965784,6170.09393416305,5553.891793149834,0,12,CA,232,1,BC,0,1,-1,0,1000.0,0,INTERNET,2.3220816588637563,linux,1,1,0,1
0,0.8,0.1702797100932054,33,16,30,0.0153435461121048,-0.9876755132162216,AB,366,2984.650946120448,4630.3511254245,4163.939520031581,2,10,CA,259,1,BC,1,1,1,0,1000.0,0,INTERNET,12.983932143790115,other,0,1,0,5
0,0.7000000000000001,0.6929696254075037,-1,36,40,0.0008418856771097,49.429043526542365,AA,1160,4523.663162417885,5189.797928421296,4936.819550117049,5,6,CB,153,0,BC,0,1,29,0,500.0,0,INTERNET,6.55311336712567,windows,0,1,0,4
0,0.2,0.7710073787925009,-1,196,50,0.0004328678414429,-0.9638975363925976,AB,5131,7789.863503014632,5339.131443653469,6669.9643220009375,6,7,CA,125,0,BC,0,1,1,0,200.0,0,INTERNET,7.986676790418437,linux,1,1,0,0
1,0.9,0.1062984805292063,-1,60,40,0.0310658429349565,48.40001148905528,AA,451,5370.287134182167,5050.894047203983,3493.841159367856,2,12,CA,237,0,BA,1,1,29,0,1000.0,0,INTERNET,1.1478891469858792,other,1,1,0,6
0,0.1,0.2147250438139201,-1,243,40,0.0052410750559008,-1.1979878089061995,AB,1192,3626.529158401263,3960.8951785798217,4423.596770153673,1911,5,CA,70,1,BB,1,1,20,0,200.0,0,INTERNET,3.369714094785039,linux,1,1,0,5
0,0.5,0.8485066341349748,26,7,30,0.0076975494898652,-1.6673597962298965,AB,1037,9022.63565947464,9028.951756493949,5439.221093589736,54,13,CA,13,1,BC,0,1,28,0,200.0,0,INTERNET,4.0044621256363895,other,1,1,0,1
0,0.8,0.1687535651240987,-1,36,20,24.36664103057736,-0.8571056900904053,AC,1926,4893.090272037663,4796.738621023541,5121.633096749969,1,13,CB,108,1,BC,0,1,-1,0,200.0,0,INTERNET,15.438753870110554,linux,1,1,0,2
0,0.8,0.3057309738886845,-1,47,40,0.0281695110191046,49.27202535537811,AA,1103,7541.933216688632,5447.76303152412,5129.365945713863,11,8,CA,12,0,BE,1,0,31,0,200.0,0,INTERNET,5.530645292461827,other,0,1,0,3
0,0.1,0.885147898842433,35,5,30,0.0247361718781944,-0.6530250161002079,AC,1003,5741.097279798321,3953.6125979198273,4195.050084445014,1,10,CA,254,0,BB,1,1,-1,0,1500.0,0,INTERNET,1.5202762803350087,linux,1,1,0,4
0,0.9,0.8043704310047015,-1,61,30,0.027311962792926,-0.2949064858108427,AC,2143,5612.2444226124535,4897.379415160491,5216.936750795963,0,20,CA,144,1,BB,0,1,-1,0,1000.0,0,INTERNET,9.48336502162788,other,0,1,0,2
0,0.6000000000000001,0.5095914254271,-1,82,30,0.0187158478969081,30.18107017082292,AA,1121,5264.979048979381,3537.873740962673,5304.488363233159,1379,10,CB,47,0,BB,1,1,28,0,200.0,0,INTERNET,10.372080558180189,linux,1,1,0,2
0,0.9,0.2973965314006703,-1,178,40,0.0084254462191795,-0.6390523519144666,AB,631,2977.803700308688,1978.802898268341,3124.7171383962304,12,4,CA,214,0,BA,0,1,31,0,2000.0,0,INTERNET,8.365418203306337,linux,1,1,0,7
0,0.9,0.4899749469746714,-1,39,20,0.021841570503373,-1.0904607131634958,AC,663,4316.544883785202,2836.7033985303765,5083.963192100418,1,8,CA,277,1,BB,0,0,1,0,1000.0,0,INTERNET,3.78714732056988,other,1,1,0,3
0,0.8,0.4364418699106535,-1,31,30,8.549303060488306,-0.6831490746651512,AC,4521,4719.449572840927,4899.037341400671,5582.750509369341,0,12,CA,41,1,BC,0,1,-1,0,200.0,0,INTERNET,5.245762426361771,other,0,1,0,2
0,0.5,0.5195954608976047,-1,36,20,0.0151911945554743,-1.1565555263137697,AC,1150,8304.677264776645,8810.0966992453,5598.413176659456,1,14,CD,115,1,BB,0,1,-1,1,200.0,0,INTERNET,23.712272368461203,windows,1,1,0,2
0,0.9,0.108983874781878,-1,139,50,0.0196814410934758,-1.5430598667499018,AB,965,7333.328352790029,4775.910641514207,4339.574450120353,880,1,CC,154,1,BA,0,1,5,0,500.0,0,INTERNET,17.901089715176877,windows,1,1,0,4
0,0.9,0.2622525242944297,-1,15,20,0.0294663908724315,17.63112819169907,AA,3995,9356.26776656865,6037.849965481905,6809.6843978344,1199,12,CA,63,1,BE,0,1,2,0,200.0,0,INTERNET,16.482816190346178,linux,1,1,0,0
0,0.4,0.1958431638166139,-1,109,20,0.0383929678720431,49.96516406428796,AA,1224,7094.619067284244,5251.056962069494,5487.818560342574,37,4,CA,-31,1,BA,0,1,15,0,200.0,0,INTERNET,17.85755813876852,linux,1,1,0,2
0,0.8,0.7755814579857748,9,1,20,17.503860086857475,-1.4640876825860014,AB,1478,7868.4892703891455,4868.101056172583,4828.479984039269,16,23,CA,69,1,BC,0,1,31,0,200.0,0,INTERNET,8.764677105140247,other,1,1,0,4
0,0.9,0.2414489510360933,-1,42,40,0.0050372952291206,-0.6002074781188718,AC,1984,7663.087952940363,4728.580868544821,5310.1304139234,1,8,CA,162,0,BC,0,1,-1,0,200.0,0,INTERNET,3.396420910445783,other,0,1,0,1
1,0.6000000000000001,0.7511589751697662,-1,54,20,2.431367653232425,-1.2023410109402928,AC,2370,5687.025011485281,3591.9024754742377,4332.087193817815,0,6,CA,70,0,BE,0,1,-1,0,2000.0,0,INTERNET,8.202716602096446,other,1,1,0,5
0,0.6000000000000001,0.0594084543618639,-1,227,40,0.0083629394305443,-1.4407590362267453,AC,1810,7517.313808628115,4667.45179442773,4786.224250886394,0,6,CA,141,1,BA,1,0,-1,0,200.0,0,INTERNET,9.248360418763491,windows,1,1,0,3
0,0.9,0.108216181839296,32,42,40,0.0302091709986125,7.087283732638963,AA,1468,3382.678440183709,2430.8177353150995,3100.031447924069,3,3,CA,118,1,BC,0,1,10,0,200.0,0,INTERNET,62.8130905617002,linux,0,1,0,7
0,0.4,0.1005342801177451,19,-1,20,0.0288976755362363,-1.2629849307593453,AB,719,9880.063007888622,6286.698988793094,5075.072178015405,18,12,CA,142,1,BC,0,1,29,0,200.0,0,INTERNET,31.53333195182688,other,0,1,0,2
0,0.1,0.3355406827140299,-1,33,20,0.0305450357544418,-0.2853621723804161,AD,4008,10554.2776301406,5420.251827856334,5590.520877943853,8,10,CA,94,1,BE,0,1,15,0,200.0,0,INTERNET,7.139192712158105,linux,1,1,0,1
0,0.8,0.1743600106129293,52,0,30,0.0027604345450103,-0.4984976621434676,AD,450,11615.801077752823,3811.458728737413,6394.166434016814,544,15,CA,150,0,BC,0,1,21,0,200.0,0,INTERNET,3.721388885963413,other,0,1,0,0
0,0.2,0.8350865600518611,35,36,30,0.0072579696883819,24.419911364965863,AA,816,4074.795735465713,5544.79880449431,4294.437381683639,2,6,CA,149,1,BE,0,1,21,0,200.0,0,INTERNET,45.90561931113643,other,1,1,0,5
0,0.1,0.0965941802211527,-1,4,40,0.0024580581570539,-1.5479449146398223,AB,1676,8040.297727690314,6937.013394555711,5129.990630549474,8,8,CF,226,1,BC,0,1,-1,1,1500.0,0,INTERNET,1.5873007030796853,windows,0,1,0,3
0,0.7000000000000001,0.5210499635455602,27,11,30,12.509375839068928,-1.3875192713563271,AB,1846,7349.872331541593,4977.9677866327065,6704.858167890151,13,20,CA,76,1,BC,0,1,15,0,200.0,0,INTERNET,6.4639653244527615,linux,1,1,0,0
0,0.1,0.5257220720306717,-1,356,70,0.9589149010938484,16.729308724460765,AA,2985,7793.660249708617,5310.762199185266,5874.60362728317,14,2,CC,124,0,BC,1,0,28,0,200.0,0,INTERNET,5.786499280044973,other,1,1,0,4
0,0.3,0.6032956273646328,-1,76,20,0.0240614707415986,-0.577398037031259,AB,1626,9990.538242921271,7572.67654302711,4797.717738004128,14,19,CA,73,1,BB,0,1,1,0,200.0,0,INTERNET,7.347179206744808,linux,1,1,0,3
0,0.7000000000000001,0.3249336973339684,29,32,30,0.0186330864145119,-1.1438292932069598,AC,1181,6871.6614729393,3440.7276200157203,4433.9961306867135,1,11,CB,131,1,BC,0,1,-1,0,200.0,0,INTERNET,7.275458290334813,linux,1,1,0,5
0,0.9,0.7580320316942967,-1,36,40,0.0236863012642686,-0.8027525788731199,AD,2040,7465.773114467889,5852.49651833477,6374.950962185379,6,14,CA,59,1,BE,1,1,31,0,200.0,0,INTERNET,4.846049964558347,linux,1,1,0,0
0,0.8,0.0335752880142644,-1,65,40,0.020348372029066,-1.0722906802447807,AB,2603,5220.547894518205,4454.003423942367,5071.448678185176,891,4,CB,24,1,BB,0,1,31,0,200.0,0,INTERNET,10.796896385138588,linux,1,1,0,4
0,0.4,0.0620159323502523,-1,265,40,0.0139413853704952,-0.5650866011084662,AB,1706,4089.024595841955,2991.2449167169752,4289.069180424379,2,9,CA,123,1,BE,1,1,2,1,500.0,0,INTERNET,4.760439716130112,linux,1,1,0,5
0,0.4,0.6266871293836324,-1,146,40,21.08207074432981,39.62821010797639,AA,1868,3849.8646200516687,3956.2081198551496,4994.805775754502,1738,4,CA,74,1,BD,0,1,28,1,500.0,0,INTERNET,17.896444511903578,x11,0,1,0,4
0,0.1,0.5201180112887189,25,1,30,0.0028781397114669,-1.3025082498099652,AC,2494,3249.501749942677,6322.861230614481,5549.401606591639,0,10,CA,115,1,BC,0,1,-1,0,1500.0,0,INTERNET,4.826441622010723,linux,1,1,0,2
0,0.7000000000000001,0.2491841765420835,-1,54,20,2.5664858087664992,-1.2539087223666263,AC,1586,6270.6018632443565,4953.29161400375,5320.1240252496,8,7,CE,44,0,BD,1,1,-1,0,200.0,0,INTERNET,11.6956936087803,macintosh,0,1,0,1
0,0.4,0.2221327354851719,-1,112,40,0.0079580177509591,-1.2665394899267488,AB,1234,4416.494189324393,3318.12839604413,4398.652036146219,10,4,CA,115,0,BA,1,1,1,0,200.0,0,INTERNET,4.5770159168177065,windows,1,1,0,5
0,0.6000000000000001,0.5305309617849108,-1,57,30,0.000587047401399,2.216325793353107,AA,3365,11469.990434808204,5305.2460682383335,6428.615122817398,8,14,CB,108,1,BC,1,1,10,0,200.0,0,INTERNET,0.4085110242871141,linux,1,1,0,5
0,0.8,0.7889747115046966,-1,52,50,0.0210083637838995,-0.7510323960031624,AC,1981,3759.146845569825,2504.7592279950104,3260.2014676626104,1,4,CA,167,1,BA,0,1,-1,0,1000.0,0,INTERNET,1.9598468713039183,linux,0,1,0,7
0,0.1,0.8451984956623665,-1,42,30,0.0004197598119339,-1.0346662811867025,AB,739,3009.212069693973,3437.6898618448936,4898.173184150608,5,11,CA,63,1,BB,1,1,15,0,200.0,0,INTERNET,1.2780347414512907,linux,1,1,0,3
0,0.1,0.5221378456958973,-1,47,40,0.0015502051144134,-1.3308243238260788,AC,566,10066.934676903027,5537.6418596651965,5127.421643895546,1,3,CA,73,0,BB,1,0,-1,0,200.0,0,INTERNET,13.657205844066572,windows,0,2,0,2
0,0.6000000000000001,0.8315948615150478,-1,210,40,0.0303101189408497,-0.7995720375583101,AB,1221,1943.4297652965256,4898.296955823416,4905.0327490629525,13,8,CA,76,1,BB,1,1,1,0,500.0,0,INTERNET,4.133953636488415,windows,0,1,0,5
0,0.3,0.3170522762561438,-1,40,20,0.0066086249661616,-0.8270160569462185,AC,1100,5566.961173300932,4119.50158186131,4742.08157938053,0,10,CA,97,0,BB,0,1,-1,1,200.0,0,INTERNET,4.186858928310518,linux,1,1,0,4
0,0.4,0.1438100046249797,52,11,30,0.0202092763771474,24.69083340575504,AA,998,10046.597939796911,5443.214375003317,4222.148816435014,4,10,CA,68,0,BE,0,1,5,0,200.0,0,INTERNET,17.47875821468307,other,1,1,0,5
0,0.2,0.5975420697134773,-1,31,20,0.0057036740374441,-1.1743643276445666,AC,1671,6359.254439084294,6828.044591413708,6757.592819044688,0,20,CA,195,0,BC,1,1,-1,0,200.0,0,INTERNET,5.309378943873055,other,0,1,0,0
0,0.8,0.3228697341415276,-1,37,30,0.0288336611087252,-1.528336320486294,AC,1382,6111.1539598649,3512.6344076152723,3107.838412256812,0,9,CA,174,1,BB,1,1,-1,1,200.0,0,INTERNET,1.431325826559212,linux,1,1,0,7
0,0.8,0.2593573308199363,-1,288,30,0.0047083336808951,-1.099650440277654,AD,1032,1836.7596694731424,3847.816554254323,5674.4486439057055,16,15,CA,208,1,BE,1,1,28,0,1000.0,0,INTERNET,8.350882064129989,other,0,1,0,1
0,0.7000000000000001,0.1533477745369047,-1,46,40,0.0322611281376812,-1.7677952440905795,AB,1070,4834.112195214931,3262.446499038664,4416.169194719263,0,4,CA,123,1,BB,0,1,-1,0,200.0,0,INTERNET,5.715433829651449,linux,0,1,0,5
0,0.3,0.8802951549553175,-1,46,30,0.0051406808577012,-0.8984677210673659,AD,1370,5165.292385373445,4690.173586819782,4256.951148931125,10,14,CB,33,1,BC,0,1,15,0,200.0,0,INTERNET,4.568685705276762,linux,1,1,0,5
0,0.7000000000000001,0.8353442208170673,-1,62,30,0.0143109226141199,-0.265333256390386,AC,2092,7269.030406398449,4000.970691404913,5131.703825778082,0,12,CA,239,1,BC,0,0,-1,0,500.0,0,INTERNET,7.062271584420039,other,1,1,0,3
0,0.5,0.2206861272202394,-1,37,40,0.0139459478980104,-0.9437331487516804,AC,3354,961.324022856584,5895.327651283216,4832.026873500677,0,9,CA,284,1,BA,0,1,-1,0,1000.0,0,INTERNET,1.3559015518412691,other,0,1,0,3
0,0.8,0.1912291357654871,10,9,40,0.0214457633698072,-0.6278018958049484,AD,971,3064.510081689489,3225.4998829622914,4733.302829287842,5,6,CA,110,1,BC,0,1,28,0,200.0,0,INTERNET,17.621359754914458,other,0,1,0,7
0,0.9,0.3656134541702633,102,7,40,0.9092939147696868,-0.9828812845057748,AC,803,1961.2263857342068,4707.04338376093,4279.020188329422,0,8,CA,165,1,BA,0,1,-1,0,1500.0,0,INTERNET,10.006011133993548,windows,0,1,0,5
0,0.5,0.0718489720278937,-1,366,40,0.0431143495964723,-1.3756144184790695,AD,466,7182.137565342448,4032.4774207492273,3110.696296934066,16,4,CA,193,1,BA,1,1,28,1,1500.0,0,INTERNET,6.3698295057774255,linux,1,1,0,1
0,0.1,0.4291203303432101,170,21,20,0.0032512025160278,16.442992731398785,AA,729,7295.130543619277,6631.749068013228,5699.920234910096,2,11,CA,209,0,BB,0,1,1,1,1500.0,0,INTERNET,1.1976620349920242,linux,1,1,0,1
0,0.8,0.8444739339502288,-1,34,30,0.0354400748425869,29.141933263786512,AA,1199,8010.979974489195,5295.307961538459,5113.558804013137,22,7,CA,33,1,BC,0,1,1,1,200.0,0,INTERNET,5.066150579199689,linux,0,1,0,3
0,0.6000000000000001,0.1959016922038803,-1,66,40,0.0175728452357991,6.692811115581328,AA,422,3133.039018768209,2740.2658048477897,4881.290232748963,2,14,CA,170,1,BC,1,0,20,1,500.0,0,INTERNET,3.3495015798140764,linux,1,1,0,4
0,0.7000000000000001,0.8725239869926312,-1,132,40,0.0130362151570877,33.35221942228542,AA,1562,2833.8776651623634,2777.7634408573585,4276.61601543874,2155,4,CA,144,0,BC,1,1,25,0,500.0,0,INTERNET,7.922411165245785,linux,1,1,0,5
0,0.8,0.086534305633722,10,11,60,6.75845257972206,-1.1862514075018626,AB,1250,5627.658166571182,3351.656847341095,3107.246084444372,3,7,CA,101,1,BB,0,1,15,0,200.0,0,INTERNET,1.4771454980958705,linux,1,1,0,7
0,0.7000000000000001,0.3287553937559821,-1,82,30,2.4134036729527923,-1.688522868464692,AB,1607,6833.873513299744,5481.280686818425,5496.231337700373,34,17,CF,28,1,BB,0,0,15,0,200.0,0,INTERNET,5.308499474427487,linux,1,1,0,2
0,0.5,0.1362403289739415,24,6,20,0.0270131188574521,-1.1893148665262876,AB,1015,3268.284377289724,6455.282214443513,4350.181691633582,24,11,CA,33,1,BB,1,1,28,0,200.0,0,INTERNET,5.795038794308879,linux,1,1,0,6
0,0.8,0.1656765436309894,228,11,20,8.852010786327009,-1.1463659379556093,AC,1428,6805.457825517307,5128.816903444006,4258.404463348695,0,11,CA,43,1,BD,0,1,-1,0,200.0,0,INTERNET,7.127922637255366,linux,0,1,0,4
0,0.4,0.5513945168000167,28,29,40,0.0134976043897957,9.118089963174391,AD,1891,5054.061088345918,4364.711850682262,3655.62253862532,34,5,CA,119,1,BC,0,1,29,0,200.0,0,INTERNET,5.350745559821854,linux,0,1,0,6
0,0.5,0.1128208674311312,-1,128,30,0.0111575459495815,3.3923910155755905,AA,3599,5111.836430826357,5250.4963450414925,4346.864774312302,8,11,CB,52,0,BC,0,1,30,0,200.0,0,INTERNET,9.602261526986014,other,0,1,0,5
0,0.4,0.4695762331164303,-1,61,40,0.0141737466654286,15.730208455415216,AA,1943,4836.956937041405,5044.667432399265,4849.235390504976,1,14,CA,73,0,BE,1,0,20,1,200.0,0,INTERNET,3.0120938038877187,other,1,1,0,4
0,0.7000000000000001,0.7964740950553424,-1,37,40,0.0142137465984217,-1.0140553436177209,AC,2190,2660.897295747689,3763.8127428512335,4375.594405287229,0,6,CE,96,0,BC,1,1,-1,0,500.0,0,INTERNET,7.129854636033943,linux,1,1,0,5
0,0.8,0.0097783217243096,-1,308,60,0.0110868025215324,-0.9021623576304256,AB,877,6507.468620804667,5754.906588606908,5926.2193633235765,242,1,CC,34,0,BB,1,0,10,0,200.0,0,INTERNET,2.963155364970917,linux,1,1,0,5
0,0.8,0.2024007258845204,-1,195,50,0.0193155405637875,-0.2799488197912306,AB,1510,4611.329989868302,5140.887791438076,4945.374713086097,196,6,CA,34,1,BC,1,1,31,0,200.0,0,INTERNET,3.829817431266259,windows,0,1,0,4
0,0.8,0.7801565350307426,-1,177,30,0.0028926760987415,-1.0143815992807177,AB,1908,2310.761215005628,3160.340999024578,4316.538846100103,11,14,CA,146,1,BE,0,1,1,0,200.0,0,INTERNET,2.5532400797095205,windows,0,1,0,6
0,0.8,0.9547098347424978,143,19,40,0.0153450464755116,50.55082959073236,AA,3407,3978.588061198232,5152.142485400791,5572.017691041059,1933,7,CA,104,0,BE,1,1,26,0,1000.0,0,INTERNET,9.799527609176527,linux,1,1,0,2
0,0.6000000000000001,0.7657801479145464,-1,47,30,0.023265571607086,-1.0431579073856774,AC,1206,1492.4310367331973,5992.507674609544,4864.791785229591,1,16,CF,132,1,BB,0,1,-1,0,200.0,0,INTERNET,11.4925462830994,linux,1,1,0,3
0,0.1,0.2118063303147561,-1,169,50,0.0057180259006034,4.153906476499067,AA,2824,5824.200089933658,5515.045027927779,4954.721367873786,1720,4,CF,173,0,BB,0,1,1,1,1000.0,0,INTERNET,2.6568108326552107,macintosh,1,1,0,4
0,0.9,0.8514983887797114,-1,17,20,0.0204765318425321,-1.3469415841455072,AB,1671,1609.8588706526775,5838.83287984053,4380.558355960805,5,6,CA,118,0,BE,0,1,31,0,200.0,0,INTERNET,5.36858224026542,other,0,1,0,4
0,0.9,0.137615729420287,-1,197,30,0.9798875711966196,-0.972125971172874,AB,3828,6285.516017899138,4857.563264531841,5428.0433624794205,211,5,CA,43,0,BA,1,0,15,0,200.0,0,INTERNET,11.850121078251467,windows,1,1,0,2
0,0.9,0.337323042078974,-1,38,30,0.0270554135845242,-1.5951284052935688,AB,1200,4249.216252488679,6310.102065914618,4247.935348534106,52,11,CB,103,0,BC,1,1,30,0,200.0,0,INTERNET,5.7278142180372695,other,1,1,0,4
0,0.5,0.4333406882451964,25,12,30,0.0083816715505684,-1.752616412672514,AB,2054,8044.263528997873,4409.464825524025,4223.502787708152,5,8,CA,106,0,BC,0,1,6,1,200.0,0,INTERNET,4.675502470554839,linux,0,1,0,4
0,0.4,0.654694752261707,-1,126,30,0.0092976684703917,-1.0271660359461965,AB,730,5468.502461618969,4558.97875921885,4877.978842402904,702,7,CA,149,0,BA,0,1,25,0,200.0,0,INTERNET,1.4627052127094051,other,0,1,0,4
0,0.1,0.3711277030590009,-1,221,10,0.0124722246216531,-0.5866139193967344,AC,1537,1788.5890811046197,3434.566214208732,4467.046286428673,0,9,CE,116,1,BE,1,1,-1,0,200.0,0,INTERNET,1.3219221895539448,other,0,1,0,6
0,0.8,0.2399474439569357,57,13,30,0.0056234484399543,50.103734766771424,AA,657,2902.8293762031126,2856.705209575311,4995.094138199679,12,25,CA,109,0,BC,0,1,22,0,200.0,0,INTERNET,7.607625487637013,other,1,1,0,2
0,0.6000000000000001,0.2592031549075163,-1,129,30,0.0302329084291504,-0.4065092622513657,AB,4097,5587.85839871116,5642.980416953794,5931.904446844843,466,16,CA,54,1,BE,1,0,1,0,200.0,0,INTERNET,8.076319658102026,other,1,1,0,0
0,0.6000000000000001,0.1921414473987161,-1,68,20,0.0222733027110781,50.26692870155036,AA,2851,2803.3734780431128,5229.290555081322,4957.984397535364,3,7,CA,135,0,BC,0,1,2,0,500.0,0,INTERNET,6.9537233158799685,other,1,1,0,3
0,0.2,0.4742191514337301,-1,42,20,0.0096972081318405,-1.6347151738013252,AD,3362,10915.139260450333,7240.977137365521,6847.01819702923,9,20,CA,93,0,BB,0,1,1,0,200.0,0,INTERNET,4.235076271924418,linux,0,1,0,0
0,0.4,0.9127031326230048,13,-1,30,0.008219106639852,-1.1864011782532984,AB,1987,1046.7105588784882,2990.0444259217293,5185.620651663803,6,8,CB,215,0,BE,0,1,1,0,990.0,0,INTERNET,2.7596117358086625,linux,1,1,0,2
0,0.5,0.0552632273330904,-1,62,40,0.0229012128806941,29.53086261110048,AA,1928,8261.404306254786,7484.95509003766,5912.5438452740855,86,9,CA,54,0,BE,1,1,31,0,200.0,0,INTERNET,6.141364542128429,other,1,1,0,0
0,0.1,0.5076365274160863,-1,189,60,7.621480102111839,14.094288550234308,AA,4734,5596.696651865616,5205.436953885742,6786.673082647658,46,5,CC,63,1,BB,1,0,30,0,200.0,0,INTERNET,22.25892990893936,linux,1,1,0,0
1,0.1,0.250159627617443,-1,129,20,0.0090570590064166,-1.3064317168065689,AB,3450,8098.161643786051,3037.52462633634,4355.9650001341815,14,4,CA,237,0,BE,0,1,19,0,1000.0,0,INTERNET,4.481627789245783,other,0,1,0,6
0,0.9,0.6888131875198715,-1,43,30,0.0197369933420307,-1.0618280978517742,AB,961,5507.683732839048,4265.317550668731,4357.455823055998,1,7,CA,254,0,BA,0,1,1,1,1000.0,0,INTERNET,1.6696924260750174,linux,0,1,0,6
0,0.3,0.0850778445525246,-1,151,50,0.0230771288733749,-1.6254539735968072,AA,526,4878.518320932439,4136.463065091715,3121.4266111973257,527,6,CC,85,0,BC,1,1,28,0,200.0,0,INTERNET,15.579551198580994,windows,0,1,0,3
0,0.1,0.7900092993396776,65,30,20,0.0110687205556465,49.42934503700091,AA,768,3796.487065291076,4874.146282923456,4799.617942864452,26,18,CD,190,0,BC,0,1,1,0,1500.0,0,INTERNET,12.13682339958148,other,1,1,0,4
0,0.9,0.2622928416821141,28,2,20,0.0156818796771175,-1.021345243037814,AB,2024,6357.858381985329,3622.7871242366073,5778.552186257895,18,11,CA,113,0,BB,0,1,1,0,200.0,0,INTERNET,14.561983333502395,linux,1,1,0,2
0,0.8,0.0158984153477981,57,13,30,9.419980165466791,50.24354490973094,AA,3359,6261.427766255748,5261.390736283863,5536.678238806904,17,13,CA,105,0,BE,0,1,28,0,200.0,0,INTERNET,8.1247185256485,windows,1,1,0,1
0,0.9,0.5233588147249073,217,169,30,0.0137617150235241,-0.8458795290043897,AB,1806,11441.086709543892,6668.744635916684,5932.158176922758,35,7,CA,67,0,BC,1,1,25,0,1500.0,0,INTERNET,6.016880527559554,linux,1,1,0,0
0,0.1,0.4127355725823599,-1,94,40,0.0208737158687613,-1.2247468050045829,AB,843,5838.140865647512,4965.784846702439,5142.358254119363,11,3,CD,80,1,BB,0,1,1,0,200.0,0,INTERNET,9.952804733636755,windows,1,1,0,2
0,0.9,0.7694233032614509,-1,39,50,0.0091055702176473,-0.4563200221256554,AB,1292,1468.7310421291488,3151.0538502134136,4265.716311237025,12,5,CA,215,0,BB,1,1,28,1,1500.0,0,INTERNET,3.3543376421577342,windows,1,1,0,6
0,0.4,0.4516786430089399,10,2,20,10.962652249872956,-0.9936509830868226,AB,825,8494.868004663898,4870.0445395089455,5176.462216194858,10,10,CA,75,0,BC,0,1,10,0,200.0,0,INTERNET,2.7339103190835266,linux,1,1,0,1
0,0.8,0.5024466227082118,27,14,30,0.0238929682397059,-0.9061409590899592,AC,2526,7435.390146929022,5157.793698573324,5962.81949733194,1,11,CA,126,0,BC,0,1,-1,1,200.0,0,INTERNET,2.460830934455396,linux,1,1,0,2
0,0.1,0.5028033976953097,94,9,40,0.0037885288613801,-1.196403163757004,AD,2852,7014.994813712892,5367.8085378049045,5690.309978635022,15,6,CA,79,0,BD,1,0,15,0,200.0,0,INTERNET,10.469330000499026,other,1,1,0,2
0,0.8,0.2579065393128031,-1,36,30,0.0409005342878074,-4.481579223234213,AA,1005,2926.0478172512708,7391.013228041177,6436.787595171229,2,15,CA,93,0,BC,1,1,1,0,200.0,0,INTERNET,2.171751566514855,linux,1,1,0,0
0,0.9,0.0446357942821249,-1,18,50,0.0317830716136358,-1.4714586223825772,AD,1497,10462.967044147375,5249.982399690146,5990.157289860545,692,5,CC,143,1,BB,0,1,1,1,200.0,0,INTERNET,1.2799689029875672,linux,1,1,0,0
0,0.9,0.7635182682351482,54,7,20,0.0029075689840024,-0.5264948527699179,AB,529,5056.184804519911,4240.2787349060745,5299.601917812481,8,11,CA,148,1,BD,0,1,11,0,1500.0,0,INTERNET,9.854595571058296,linux,0,1,0,1
0,0.8,0.8785485426595284,-1,189,40,0.0040281437990126,-0.7872418648830743,AC,180,4037.111446322871,3429.142885305848,4832.271835112329,0,11,CA,220,0,BA,0,1,-1,0,1500.0,0,INTERNET,10.11791601998426,x11,0,1,0,3
0,0.5,0.8102070423596741,27,19,30,0.008599451400873,30.028979341197328,AD,2636,8678.973082859542,5437.796421282525,4842.844513149431,616,21,CA,50,0,BB,0,1,28,1,200.0,0,INTERNET,1.865648462895472,linux,1,1,0,3
0,0.1,0.9132366328247856,12,46,30,0.0149807734379781,-1.5675584395176785,AC,3636,5977.274025735369,6161.6517002591845,5112.35851310598,0,12,CF,39,1,BB,1,0,-1,0,200.0,0,INTERNET,3.4086374260328536,linux,1,1,0,2
0,0.4,0.7357211403923979,-1,226,20,8.127584385784184,21.48134901459104,AA,1746,5816.364145545299,4234.460709328067,4359.7151139999,12,9,CE,102,0,BE,1,1,22,0,200.0,0,INTERNET,15.31307610937776,other,1,1,0,5
0,0.8,0.2341821428027626,56,15,40,0.0002313173964944,49.85692057099046,AA,608,6258.466002062281,5239.216769743984,4959.763743185998,5,10,CA,228,1,BC,1,1,1,1,1500.0,0,INTERNET,1.368065639022972,linux,0,1,0,4
0,0.4,0.7005389976110108,-1,43,20,0.003802435910442,-0.7615690849415669,AD,4589,10235.630087833404,7345.333224964334,5460.782444190188,13,13,CB,36,1,BB,0,1,31,0,200.0,0,INTERNET,9.15636644541937,linux,0,1,0,1
0,0.2,0.0367606923219905,48,31,20,0.0264960771363927,-0.3565639384277129,AA,820,9526.595797644002,6094.42000951829,6811.903674863108,32,3,CA,141,1,BE,0,1,28,0,200.0,0,INTERNET,5.689617410868977,linux,1,1,0,0
0,0.1,0.5624923598167203,-1,62,30,0.0016975865252973,-1.3793862208778482,AB,1504,4334.7405745955975,2635.5241888431947,4142.891434003223,29,3,CA,128,0,BA,0,1,28,1,500.0,0,INTERNET,2.3626048623866507,windows,0,1,0,4
0,0.1,0.8380682842652619,-1,239,20,0.0306652620730401,-1.3579821706977575,AB,662,4283.730838721717,3790.869921716404,4151.477622384923,11,5,CA,208,1,BE,1,1,3,0,500.0,0,INTERNET,4.448718826531098,macintosh,1,1,0,6
0,0.9,0.0373302517486144,12,16,20,0.0375974131097349,-1.1170330253151404,AB,1181,2070.8835037362096,4665.300765082363,4812.022847486192,16,22,CA,222,1,BC,0,1,1,1,500.0,0,INTERNET,21.23345848728362,macintosh,0,1,0,4
0,0.6000000000000001,0.6807876930324409,-1,120,60,0.0014838798160273,-1.1861330028808623,AB,910,3035.0877073475685,3008.19443949016,5314.853758979597,9,4,CA,223,1,BB,1,1,25,1,1500.0,0,INTERNET,4.893580990571054,windows,1,1,0,1
0,0.7000000000000001,0.2981408450076233,-1,35,30,0.0131567130931993,-0.6501445541854683,AA,2228,7570.737142603321,6221.080791422229,5889.245986034396,17,19,CA,45,1,BC,1,1,1,0,1500.0,0,INTERNET,6.3430352619433785,other,1,1,0,0
0,0.8,0.8247786924680884,32,-1,30,0.0050420865297199,-0.6579712273841677,AB,1758,2380.325185590505,3763.86596586668,4970.163115651073,3,11,CA,173,1,BC,0,1,1,0,500.0,0,INTERNET,5.0939437340043465,other,1,1,0,4
0,0.8,0.3534641664393173,51,29,40,0.0282298165741424,39.24676403433816,AA,1294,7641.120327538993,6745.747319249836,4935.049684566895,709,11,CD,69,1,BB,0,1,1,0,200.0,0,INTERNET,6.598187947019981,linux,1,1,0,3
0,0.9,0.803296958473856,-1,133,30,0.0142554835395289,-0.8072184703704707,AD,3824,7589.805431917264,5807.04587678466,6729.4970093338525,4,9,CA,175,1,BD,0,1,2,0,1500.0,0,INTERNET,2.5591606855952023,other,1,1,0,0
0,0.3,0.7574962712596086,41,16,20,0.0259563284640207,-0.8433626968025818,AB,536,6130.245305692291,4997.279936253658,6722.149991844679,8,18,CA,218,0,BC,1,1,1,0,1500.0,0,INTERNET,17.60833172479108,windows,0,1,0,0
0,0.3,0.7129267456415498,25,2,30,0.038358291369511,-0.415016061633838,AD,1205,7601.057589804145,3469.108700611908,6351.649932831781,26,6,CA,166,0,BC,0,1,10,0,1500.0,0,INTERNET,14.531152818206465,other,1,1,0,0
0,0.5,0.913998721522952,-1,49,20,0.0114280139387694,-0.993844200943682,AC,2321,6436.478028070967,5183.968604498278,4819.63520721959,0,13,CA,290,0,BB,0,1,-1,0,1500.0,0,INTERNET,8.029206219539521,other,1,1,0,3
0,0.1,0.6185412073912121,-1,111,10,0.0098768141918977,-1.462781937134653,AB,791,5536.525991695728,3979.015087630545,5536.622535725701,13,7,CA,117,0,BE,0,1,10,0,200.0,0,INTERNET,18.409101883509766,windows,0,1,0,1
0,0.9,0.8006976182835079,-1,191,40,0.023778480861693,-0.8172015622350505,AC,1555,5264.341777712271,4909.486963987872,4266.667465851394,2,8,CA,211,1,BA,1,1,-1,0,1500.0,1,INTERNET,2.0165588722415144,windows,0,1,0,5
0,0.8,0.4029620949472855,-1,42,40,0.0140372032986269,39.10524910594553,AA,2977,5598.8667756345385,5876.7925347603,4429.743567600473,18,13,CA,96,0,BB,0,1,28,0,200.0,0,INTERNET,23.48100554296204,windows,1,1,0,5
0,0.8,0.2294320842544365,-1,219,40,0.01447670306995,-0.8457215441144729,AC,1298,2944.166866698135,6422.794806565852,5584.366477192698,0,3,CA,133,0,BA,1,0,-1,0,200.0,0,INTERNET,3.293480642465044,linux,1,1,0,5
0,0.5,0.0658594779317101,28,8,40,0.0094120574376103,30.079101962701124,AA,2072,4153.311180635323,3995.862512003161,5128.887042814714,20,5,CC,137,1,BC,1,1,1,0,500.0,0,INTERNET,7.746381274070702,linux,0,1,0,3
0,0.1,0.1042914712912948,20,262,20,0.0037606824075679,15.420468073818476,AA,2061,7504.639074051305,3696.0854851260106,6636.0887235695,18,12,CB,83,0,BE,0,1,21,0,200.0,0,INTERNET,4.862009889388215,other,0,1,0,3
0,0.5,0.4191299662216136,97,3,20,14.509109344369268,-0.534700340071238,AB,898,8608.501774924764,6978.726878957849,5400.414196941648,64,10,CA,70,1,BB,0,1,28,0,200.0,0,INTERNET,9.63560138814351,windows,1,1,0,1
0,0.7000000000000001,0.5950364442064504,10,17,20,0.0172819062894706,-0.8979693032812379,AD,3533,2156.814684571641,4927.6387248715255,5176.888100799048,40,13,CA,123,1,BA,0,1,22,0,500.0,0,INTERNET,8.277276623570247,linux,0,1,0,2
0,0.7000000000000001,0.1045560055671282,26,41,20,0.0109698509724174,95.20164252270122,AA,687,8425.232414532955,5062.009026517744,4907.123195718957,630,19,CA,100,1,BC,0,0,31,0,200.0,0,INTERNET,4.775605526404403,windows,0,1,0,3
0,0.7000000000000001,0.1166286335319244,-1,36,30,1.0073810507802148,-1.6630811377826755,AB,1006,3036.0544643235608,5555.616381377848,5483.040803615287,0,8,CA,118,1,BC,0,1,12,1,200.0,0,INTERNET,2.358679250344286,other,0,1,0,2
0,0.6000000000000001,0.7431993458519225,-1,68,30,0.0233690600925809,-0.4192284690760093,AD,1847,1282.6262581415212,4080.377032471344,5676.353771938581,0,15,CA,242,1,BE,0,1,5,0,1500.0,0,INTERNET,6.0844595137284125,linux,1,1,0,1
0,0.7000000000000001,0.3816324060531467,25,6,40,0.0068652414827877,30.030400278183063,AA,521,6046.624354804292,3570.050061227288,4741.930549630345,53,7,CA,138,1,BC,0,1,1,1,1000.0,0,INTERNET,1.8696763792481383,other,1,1,0,5
0,0.9,0.4605269614546114,29,0,30,0.0213736262852315,-0.476220066911682,AD,698,5925.044626040265,3732.73021313438,5058.346117034777,7,7,CB,194,0,BB,0,1,1,1,500.0,0,INTERNET,2.128200021160751,other,0,1,0,3
0,0.6000000000000001,0.6817780040590724,-1,364,30,0.0099306229652548,27.00629552823243,AA,1916,1888.5378179432987,7081.3740109476685,5335.835559348537,311,14,CA,197,0,BA,1,1,21,0,1500.0,0,INTERNET,6.438931134973807,linux,1,1,0,0
0,0.9,0.384767135257314,-1,29,30,0.0162013034978852,23.31749508727529,AA,1794,2880.753087432472,4094.248110522181,5193.266564515218,21,8,CB,158,1,BC,0,1,6,1,500.0,0,INTERNET,3.6886261065366353,other,0,1,0,3
0,0.4,0.4789833179868575,55,5,30,0.0013004088044445,-1.9112517099528408,AB,681,7477.641588465605,5785.445081084128,4873.991392331797,24,11,CF,72,1,BC,0,1,31,0,200.0,0,INTERNET,1.9454309521799216,linux,1,1,0,3
0,0.9,0.5086518618810951,-1,65,50,0.0371343375849652,29.46368101946689,AB,1610,5054.568008475883,3521.884626584018,5351.620957272184,806,5,CA,133,1,BE,1,1,1,0,1500.0,0,INTERNET,2.895426827047624,linux,1,1,0,1
0,0.4,0.7823862288116114,-1,204,50,0.0009123277643529,-0.5901016448371224,AC,1343,11317.5992387099,5855.291612655367,5345.402214960695,0,7,CA,243,0,BB,1,0,-1,0,200.0,0,INTERNET,11.4402441710978,other,1,1,0,1
0,0.3,0.6370160782395355,-1,86,30,0.0104819337625764,-0.996600444675308,AB,3160,1725.1369588258983,2346.4984887520945,5651.661365644211,17,12,CA,47,1,BC,0,1,20,0,200.0,0,INTERNET,2.9910418450328224,linux,1,1,0,2
0,0.9,0.1023662309562215,-1,99,30,0.0127962321918411,-1.1195562898709568,AB,401,2835.7475378775416,2046.453780734048,3085.6151278008747,12,4,CA,152,0,BA,1,1,15,0,200.0,0,INTERNET,2.5313223184557545,windows,0,1,0,7
0,0.8,0.8310045823671298,45,-1,40,0.0242467365204665,-1.0651048891466874,AD,749,3382.607610245839,6927.244927778625,5355.676147346822,10,10,CA,129,1,BC,1,1,1,0,200.0,0,INTERNET,6.0859218806703685,linux,1,1,0,1
0,0.8,0.8375799889283685,-1,334,20,0.0276854077718464,-0.9990104879115052,AB,1142,1139.8453900411455,3467.1954394562545,4308.174413824197,9,3,CA,175,1,BE,1,1,31,0,500.0,0,INTERNET,7.478044391789888,other,1,1,0,5
0,0.6000000000000001,0.1819652791571927,59,6,10,0.0161852117769927,-0.6824366970618023,AB,745,2309.199891046111,3728.874140431082,5496.954393983237,1410,5,CA,100,0,BC,1,1,5,0,200.0,0,INTERNET,15.140128524794765,windows,1,1,0,1
0,0.1,0.7095119809779753,-1,206,20,0.0182771850167635,-0.6573755734730712,AD,1270,6851.116513139987,2799.077735813826,4330.162676396235,3,6,CA,102,0,BE,1,1,30,0,200.0,0,INTERNET,7.025597061263663,windows,1,1,0,5
0,0.3,0.2733096716387077,21,3,40,9.87156920994924,26.324217328243407,AA,721,8651.333103490291,3902.823664792757,5195.853888178733,2,10,CA,52,0,BC,0,1,-1,0,200.0,0,INTERNET,10.934478527699012,linux,1,1,0,2
0,0.1,0.7025967551013572,-1,29,40,0.0216988478381435,-1.59768350663987,AC,4949,4779.550779537057,6797.986527669063,5579.360088876562,1,2,CA,139,1,BA,0,1,-1,0,200.0,0,INTERNET,2.965777312060033,other,0,2,0,1
0,0.4,0.7256160132792059,-1,274,40,0.0460217854949515,16.822136367350772,AA,1215,8620.829025790863,7486.832462019609,6353.233695179112,3,14,CB,72,1,BE,0,1,10,0,200.0,0,INTERNET,3.2356735876865104,other,1,1,0,0
0,0.2,0.9977407797515891,24,11,30,0.002080144827524,-1.06453170925295,AC,805,7267.106628617108,6302.458100503653,6293.850147065528,0,10,CA,43,1,BC,1,1,-1,0,200.0,1,INTERNET,7.564829167731004,other,0,1,0,0
0,0.9,0.2957292602095267,-1,32,40,0.0073270163153583,-1.7614525396152696,AB,1033,3999.0234292668415,4551.658679119572,3712.005024572038,11,6,CA,127,1,BC,1,1,1,1,200.0,0,INTERNET,2.7943386763761384,other,1,1,0,6
0,0.8,0.6200767347458646,-1,27,20,0.0458665269842203,-1.7200932205366888,AB,1856,5134.5372208125455,4210.429347800475,4212.419823650766,14,18,CA,97,0,BE,1,1,1,0,200.0,0,INTERNET,8.597646460817016,linux,1,1,0,5
0,0.5,0.7970255689555619,-1,20,30,0.0281857078301065,-1.4793044805813855,AB,697,4601.021592890951,3307.3126853110944,4140.14563455687,50,8,CE,53,1,BC,1,1,20,0,1000.0,0,INTERNET,4.450210240625373,linux,1,1,0,5
0,0.3,0.8206268142143321,-1,176,50,0.0366389848456975,-1.1441756765909383,AB,1803,1135.955985488907,4325.865216324486,4376.68278809057,676,10,CA,295,0,BA,0,1,1,1,1500.0,0,INTERNET,2.021120641787638,other,1,1,0,6
0,0.9,0.3518636410323759,281,142,20,6.5520696844017445,-1.0642019782697671,AB,3035,7356.957643260571,5465.812295381768,6669.832959182554,13,21,CA,30,1,BB,0,1,10,0,200.0,0,INTERNET,6.7482804477686384,linux,0,1,0,0
0,0.1,0.606805305716089,-1,39,20,0.0083380274159385,-1.2555887770315517,AB,1374,5840.418101165613,5185.6120788363705,5573.584448735616,16,13,CD,54,1,BE,1,1,1,0,200.0,0,INTERNET,20.04007866480669,linux,0,1,0,1
0,0.1,0.8038967921273048,-1,44,40,0.0253013772047384,13.986958289245928,AA,1391,8335.056184783549,7067.293242705491,6782.945613106721,1,14,CB,46,1,BA,0,1,25,0,1500.0,0,INTERNET,4.361344838526271,linux,1,1,0,0
0,0.4,0.4770610834831883,-1,168,40,0.0108526075961527,-0.9931661556096212,AC,883,6046.940260910245,2844.763748678052,3049.518747954959,0,4,CA,109,1,BD,0,1,-1,0,200.0,0,INTERNET,2.881994619918891,linux,1,1,0,7
0,0.9,0.5076661715666441,-1,35,50,0.0101112405277492,-0.5979829146015525,AC,659,8200.943329642992,6557.1043839964,5298.844488904484,1,4,CA,71,1,BC,1,1,-1,0,200.0,0,INTERNET,18.943248431149488,other,0,1,0,1
0,0.6000000000000001,0.5847018960936228,-1,5,30,0.0077136177675795,-1.4781593422688006,AD,1626,8779.215657823765,6219.75811041721,6739.421764230072,16,14,CB,89,1,BC,0,1,10,0,200.0,0,INTERNET,2.7273398894776832,other,0,1,0,0
0,0.1,0.2482130865927547,63,35,30,0.0076531254755013,32.7498629515844,AA,1126,4435.228894089804,3332.494477091875,3109.490311724057,21,14,CA,29,1,BC,1,1,31,0,200.0,0,INTERNET,47.97986711096161,linux,1,1,0,7
1,0.5,0.122406543847361,-1,67,40,0.8160255532071974,-0.5620766180306072,AC,1899,9763.170792099578,5492.024730202333,5101.498573297098,0,8,CA,58,1,BA,0,1,-1,0,200.0,0,INTERNET,9.53582862508486,linux,0,2,0,2
0,0.2,0.9964327110495712,-1,129,40,0.0209857597097712,-0.5001542510430721,AB,5007,6403.715856406658,5848.075091750575,5942.8114034411365,162,7,CA,221,1,BA,0,1,30,0,1500.0,0,INTERNET,6.26285721693349,linux,0,1,0,0
0,0.6000000000000001,0.902655818752947,-1,206,20,0.0154230023186016,-0.8684995854530755,AB,1600,7773.511759249381,5949.3269067622605,5182.402499591199,8,7,CA,200,0,BE,1,1,31,0,500.0,0,INTERNET,5.129864519623816,other,0,1,0,3
0,0.9,0.2856070870745366,-1,16,30,0.0019973759584756,-0.7679629793003453,AC,689,2710.4255527835016,5019.895731692379,5677.073508606428,0,11,CA,105,0,BE,1,1,-1,0,200.0,0,INTERNET,11.754570093600616,linux,0,1,0,2
0,0.9,0.5593834790368265,22,11,40,5.931723248549595,-0.5535154910310036,AC,488,4445.761640623533,6632.510330707953,5054.628504285606,0,7,CA,144,1,BC,0,1,-1,0,500.0,1,INTERNET,57.86384494325166,linux,0,1,0,7
0,0.6000000000000001,0.3170554275715061,11,11,20,0.0172932505748098,19.52700932617018,AD,1090,8096.729322022389,4908.2354474875565,5968.442743306476,2,14,CA,125,1,BC,0,1,28,0,200.0,0,INTERNET,9.273111921625052,linux,1,1,0,0
0,0.8,0.221156392956828,-1,108,40,0.0005554782719016,-1.302512732286626,AB,2675,1422.370955454183,3513.58096516789,5072.1053731587,19,7,CA,108,1,BA,1,1,1,0,200.0,0,INTERNET,16.280639087914285,linux,1,1,0,7
0,0.1,0.3050014344397664,-1,46,30,0.0323745672519886,-0.2388940850017647,AB,993,5540.075169187591,4210.893865721175,5429.0068620800375,948,10,CE,1,1,BB,0,1,1,0,200.0,0,INTERNET,18.51508941180089,linux,0,1,0,2
0,0.7000000000000001,0.1477711572027612,-1,149,50,0.0098233130294768,-1.4226564197570115,AB,4297,11190.432026257296,6200.589339991796,6626.979654361219,4,6,CB,98,1,BA,0,1,15,0,200.0,0,INTERNET,3.3675562187025387,other,0,1,0,0
0,0.2,0.0600746334169577,-1,52,40,0.0229155892076484,-1.3829022307459673,AD,764,4685.018090680244,3890.118380029513,4853.821177862316,24,9,CA,316,1,BD,0,0,1,0,1500.0,0,INTERNET,3.1159357632846065,other,1,1,0,3
0,0.9,0.2487090248478928,-1,37,30,0.0146430526291412,-0.9225820055078988,AB,1035,5712.061073800533,3029.3000933375456,4179.847551333178,2,11,CB,160,1,BB,0,1,11,1,1000.0,0,INTERNET,4.305092867067293,windows,1,1,0,5
0,0.8,0.1767538698925247,-1,173,40,0.0406910169452513,-0.6750518391751941,AB,1136,263.262644239823,2365.767413231578,3440.0755974339063,5,9,CA,201,0,BA,1,1,1,1,200.0,0,INTERNET,5.860120799209473,macintosh,0,1,0,7
0,0.8,0.5422995144728054,92,14,30,20.693140470452065,23.757903460906,AA,827,1628.3308876492706,8980.718875981098,5124.049230891466,806,13,CA,131,1,BB,1,1,21,0,200.0,0,INTERNET,19.39031666125253,other,1,1,0,2
0,0.1,0.2065072391982354,-1,34,20,0.0024489688730799,-1.3508529708675092,AC,3055,10504.0954291778,4457.432074960972,6658.423146963563,0,8,CB,53,0,BC,0,1,-1,0,200.0,0,INTERNET,16.446593145150928,other,1,1,0,0
0,0.9,0.8876602722638441,-1,17,20,0.0007127973167718,-0.9966408818676924,AB,1256,10452.629339025374,6485.385823263398,4270.563393024782,23,7,CA,130,0,BC,1,1,1,0,200.0,0,INTERNET,11.152091505729611,linux,1,1,0,5
0,0.6000000000000001,0.0641496664230603,-1,60,20,0.0001952801640159,-1.3766151538060205,AB,1595,1067.9986362297552,6477.684364036229,4637.344302604319,21,17,CF,168,1,BD,0,1,5,0,200.0,0,INTERNET,4.039005960023788,windows,0,1,0,4
0,0.1,0.2698267497521251,-1,146,20,0.0147616217575542,-0.9677140206790428,AD,993,8445.108493293854,3377.48137591875,3101.515266288664,10,14,CB,78,1,BE,1,1,1,1,200.0,0,INTERNET,5.088446706000592,other,0,1,0,7
0,0.1,0.206695873568673,24,6,20,0.0030518657879466,-0.6273201864505744,AD,1701,1766.6852878026873,3230.67089047176,4146.018556573609,5,11,CA,118,0,BC,0,1,1,0,200.0,0,INTERNET,13.630437376661918,linux,0,1,0,6
0,0.4,0.2278350376251068,-1,43,20,0.0041797951018766,-1.1219013087423486,AB,1038,5079.205896204385,5137.576559432796,4159.886956706647,11,19,CA,137,1,BC,1,1,1,0,200.0,0,INTERNET,1.5350278792726828,other,1,1,0,5
0,0.6000000000000001,0.6589205417061793,-1,73,40,0.0271349102102938,-1.2691900007887793,AB,3010,7986.7236243384705,6097.95746379795,4880.495156720005,2,11,CD,140,0,BB,0,1,30,0,200.0,0,INTERNET,9.040804925135571,other,1,1,0,4
0,0.8,0.9373779007826868,-1,231,40,14.971729547807026,36.09271940842022,AA,4615,8441.041517955793,6418.5675073306775,4808.462321326767,18,11,CB,98,1,BC,1,1,26,0,200.0,0,INTERNET,3.7903684634630257,other,1,1,0,3
0,0.2,0.4277131217818156,-1,56,30,0.0225441884233156,21.37870374544815,AA,3186,8011.1387937457985,5567.954947189243,5314.289684556197,3,14,CD,148,1,BC,1,1,15,0,1500.0,1,INTERNET,5.7505194697684825,linux,0,1,0,1
0,0.9,0.9941165346353836,50,12,30,0.0164159492377759,-1.4543417473553633,AC,1074,2815.112115190873,3062.098242970581,4239.399425976286,0,10,CA,75,0,BA,0,1,-1,0,200.0,0,INTERNET,1.0250461453744406,windows,0,1,0,4
0,0.6000000000000001,0.3992657752029236,-1,237,40,0.0114397387614271,-0.7797284047410622,AC,726,5101.697843964109,4541.747620343655,5617.473198965608,0,4,CA,258,0,BA,0,1,-1,0,1000.0,0,INTERNET,12.651489942124376,other,0,2,0,2
0,0.3,0.3647511755042608,-1,196,20,0.0111284495196226,104.46455412149992,AB,1718,8295.961470444718,5875.4656305904,6348.459973749887,132,10,CA,154,1,BE,1,1,30,0,500.0,0,INTERNET,0.8791717993973132,macintosh,1,1,0,0
0,0.5,0.9097762023477028,-1,35,40,0.0042970526248868,98.32622205515996,AD,3633,3265.7899630164006,7358.730257156816,6447.3350261180285,0,8,CB,155,0,BC,1,0,20,0,1500.0,0,INTERNET,8.200567478828221,other,1,1,0,0
0,0.8,0.7593356077031109,33,2,30,0.0100756018342928,109.53099555377072,AA,774,3605.015136693521,3908.649240592695,5411.277794472759,613,12,CA,203,1,BC,1,1,1,0,1500.0,0,INTERNET,4.253349928202479,windows,1,1,0,3
0,0.8,0.4106398238121248,-1,71,30,0.0093434917999804,-0.8552328216919078,AB,1706,10127.158054122168,6862.320444243697,5934.126276101772,1931,15,CA,117,0,BE,0,1,15,0,500.0,0,INTERNET,3.84331286430003,linux,0,1,0,1
0,0.1,0.8789868837983968,-1,30,20,0.5319417907309236,23.50438438623713,AA,2922,3395.148337808717,5595.39200091852,4885.1515911461765,2,11,CA,166,1,BC,0,1,10,1,1000.0,0,INTERNET,6.6183130560675725,windows,1,1,0,3
0,0.5,0.7528033881286401,84,5,40,0.0094029976495705,-0.8467526033960353,AC,715,13389.046437869529,6372.102548524002,5355.166041612835,0,11,CA,84,0,BC,1,1,-1,0,200.0,0,INTERNET,1.861660616332656,windows,0,2,0,1
0,0.7000000000000001,0.2663655683250983,-1,55,30,0.0034610046224959,-0.9524775810312396,AB,1205,3041.3911249414928,3674.539562824244,3108.409593741071,12,2,CB,115,0,BA,1,1,1,0,1500.0,0,INTERNET,7.624854862385365,other,1,1,0,7
0,0.1,0.4570497066217463,23,-1,30,0.0026907321051975,-1.2747550628005562,AC,2218,7415.314383627568,5956.752355894574,4989.183311645314,1,10,CD,116,0,BC,0,1,-1,0,500.0,0,INTERNET,2.2657288895434817,linux,0,1,0,3
0,0.9,0.4583509538172661,56,15,30,70.17618790001731,-0.472529374928084,AC,1022,6712.636087910591,3933.929733266688,4283.586993502124,0,3,CA,260,0,BA,1,1,-1,0,1000.0,0,INTERNET,10.528348647052496,windows,0,1,0,5
0,0.8,0.3486156924788118,-1,40,30,0.0041316199667643,25.75223189303164,AA,1248,2900.0479370467688,3342.126157008557,4283.091017700855,2,15,CB,73,0,BC,0,1,6,1,200.0,0,INTERNET,3.3320200141752148,other,0,1,0,5
0,0.1,0.3361321717295575,30,-1,20,0.0179299123253754,-0.6547998527341294,AB,743,2910.657080814275,3651.1558218390655,3781.979780535751,13,10,CA,77,0,BC,0,1,28,0,200.0,0,INTERNET,8.711991031710793,other,1,1,0,5
0,0.2,0.7630363730093463,-1,247,10,0.0023930128461246,-1.013004894823052,AC,1269,7682.332726062865,7283.520032772421,5558.757290904003,7,8,CA,99,0,BE,0,1,-1,0,200.0,0,INTERNET,4.280061255888487,windows,0,1,0,1
0,0.1,0.9189003923821688,-1,287,30,0.0098824229824247,-0.6856363113148048,AC,4873,6070.810815807315,6853.606045690679,5935.6441463073925,0,6,CA,38,1,BA,1,1,-1,0,200.0,0,INTERNET,5.524789475726032,other,1,1,0,0
0,0.8,0.2520500971192239,-1,49,30,0.0041580871230267,-1.0026750884665496,AD,4782,9118.431678766188,5953.900106407567,4923.955826336822,12,9,CA,73,0,BC,0,1,31,0,200.0,0,INTERNET,7.939682483499231,windows,0,1,0,3
0,0.7000000000000001,0.547296779050018,-1,103,30,0.0071541034746476,-1.094072199784494,AB,1759,6889.760502931357,5952.946491623001,5590.603861829365,0,10,CB,66,0,BE,1,0,4,0,200.0,0,INTERNET,3.899241546846792,windows,1,1,0,1
0,0.7000000000000001,0.7770713321718021,-1,104,40,0.0261680310846964,-0.4954476057242592,AB,1166,923.335648026014,2519.0978019780346,3120.520221563396,16,2,CA,229,1,BD,0,1,31,1,500.0,0,INTERNET,9.229359508805889,linux,0,1,0,7
0,0.1,0.8901887648597119,25,0,20,0.0089046274196259,-0.1675394216755612,AC,545,6982.611005691939,3977.462668154125,5969.22264621264,26,9,CA,125,0,BC,1,1,-1,0,200.0,0,INTERNET,7.7743151562960495,linux,1,1,0,1
0,0.3,0.8716820891783025,-1,320,40,0.0417231343939406,-1.083539292935772,AB,1506,9544.237537881769,5848.163239401073,5422.034995584277,10,15,CA,13,0,BB,1,1,28,1,200.0,0,INTERNET,4.35175259510256,other,1,1,0,1
0,0.5,0.9164261641604649,-1,41,30,0.0207501563646954,-0.1969621295297416,AB,1142,4931.90135487398,3339.4552401268684,5179.832653921088,8,14,CA,218,1,BC,0,1,31,0,500.0,0,INTERNET,3.614242175960341,other,0,1,0,2
0,0.7000000000000001,0.4263223604257951,-1,42,20,0.0358259689575338,-1.4076448295431678,AB,2694,8676.631354941896,5577.516569063988,6803.160487052513,36,15,CB,-1,0,BB,0,1,30,0,200.0,0,INTERNET,5.184273651049975,other,0,1,0,0
0,0.2,0.2730531272972202,25,3,40,0.0055512210284389,-0.9037251394997072,AB,1651,4694.635981879604,3467.5045897646337,3317.381933218385,823,5,CA,132,1,BC,1,1,1,0,200.0,0,INTERNET,2.776028325362001,linux,1,1,0,6
0,0.6000000000000001,0.1773904730924371,-1,107,20,0.0076643644584999,-0.3888232023377385,AB,3224,3845.92969487941,2749.502110294621,4388.0960102605495,13,18,CA,167,1,BA,1,0,25,0,500.0,0,INTERNET,2.846793456287956,windows,0,1,0,4
0,0.8,0.8542066178629915,-1,64,40,0.0153480391184707,-1.079303924006905,AB,1214,8611.001964972666,5181.600097761529,4245.234909129521,13,8,CA,299,1,BC,1,1,1,0,1500.0,0,INTERNET,0.3183913955952069,windows,0,1,0,5
0,0.7000000000000001,0.8102303930138604,-1,76,30,0.0261617095104284,50.107581186483,AA,2125,8509.993807595885,6059.080976541873,6727.385007342429,1,20,CA,92,1,BE,0,1,1,0,200.0,0,INTERNET,5.8038717374816775,other,1,1,0,0
1,0.9,0.1562591692680039,-1,54,60,0.003015213379128,-0.8678812390038826,AB,2771,1247.9672763046162,3032.076078747777,5527.402422134044,1351,5,CA,169,0,BA,0,1,30,0,200.0,0,INTERNET,8.3000288420987,other,0,1,0,2
0,0.7000000000000001,0.1438432287030386,-1,169,40,0.039947169750268,-1.303608339232107,AB,3362,893.3865144981314,3349.6688106741394,3078.288490803192,699,8,CA,280,1,BC,0,1,1,0,1500.0,0,INTERNET,0.7149265290521365,windows,1,1,0,7
0,0.2,0.0109072618759595,-1,61,30,0.011678452349276,5.111063115998512,AA,1053,1517.403706867541,3735.8964494244015,3831.632993445016,8,8,CB,152,0,BD,0,1,5,0,500.0,0,INTERNET,7.202621982176329,linux,1,1,0,6
0,0.7000000000000001,0.0834120199052255,-1,167,40,0.0015165307067024,44.823744331485145,AA,888,7621.398097843266,3941.3879584048896,5610.494784099263,348,14,CA,57,0,BE,1,1,28,1,200.0,0,INTERNET,9.189281284345936,windows,0,1,0,2
0,0.7000000000000001,0.0529218816766862,-1,37,20,0.0118029471553148,-0.7419068355424062,AC,1540,2150.665442881953,4549.969006744065,5156.6301096182815,0,13,CA,71,0,BC,0,1,-1,0,200.0,0,INTERNET,16.116839668643728,linux,1,2,0,4
0,0.9,0.6198634610543328,81,27,30,0.0079182241684887,-1.357965451059812,AC,769,9067.225732404208,6209.773470747205,4913.137683711598,2,11,CA,161,0,BC,0,1,-1,0,200.0,0,INTERNET,4.4533128969891695,other,0,1,0,4
0,0.1,0.1382776741355159,-1,299,30,0.0168565267991436,-0.9667212921760276,AB,1225,5990.394599021892,5000.058678527695,4186.862998036816,20,11,CA,121,1,BE,0,1,31,0,200.0,0,INTERNET,4.2212640417698815,macintosh,0,1,0,4
0,0.8,0.5019806807545473,-1,103,40,0.0063450686726248,-0.2560022191994896,AD,2017,5902.65595556352,5383.791390987203,6340.488529913106,19,6,CB,122,0,BC,0,1,1,0,200.0,0,INTERNET,9.921761945064002,windows,1,1,0,0
0,0.9,0.2822167546686573,-1,303,40,0.0284064035267519,18.796295115221263,AA,1016,4582.561123215539,5718.8344539714535,4948.675711435337,1552,3,CA,215,1,BE,0,1,31,0,200.0,0,INTERNET,3.9013310174034137,windows,1,1,0,3
0,0.7000000000000001,0.4753869009016555,-1,32,40,18.72120890639072,27.930459809044017,AA,2120,12105.763695368663,8015.853989687283,6762.584048668891,24,12,CE,88,1,BC,1,1,11,0,200.0,0,INTERNET,14.221701830405436,linux,1,1,0,0
0,0.9,0.2124858683721139,-1,17,40,0.0215164922469181,-1.2822051855473484,AB,948,6901.947686742961,5104.313270146672,4458.008261989539,34,5,CA,153,0,BC,1,1,1,0,200.0,0,INTERNET,8.45048599698192,linux,1,1,0,5
0,0.4,0.8385217232165335,-1,366,50,0.0089948036256583,-1.5958425086504322,AB,915,5671.562535439054,3434.718959166173,4871.958721073814,44,1,CD,134,0,BD,1,1,30,0,200.0,0,INTERNET,3.0919503894741567,linux,1,1,0,3
0,0.6000000000000001,0.1019161898437626,23,11,50,0.0199157597018303,-1.033384404923574,AB,1003,6316.299010598712,4181.722471808161,3189.528997465304,77,1,CA,143,0,BC,0,1,31,0,500.0,0,INTERNET,23.785220635136323,windows,0,1,0,7
0,0.1,0.6018078179106536,-1,131,70,0.0001458750300428,-1.1625765570576947,AB,722,1351.069840222673,2647.2336147957344,3198.532162375672,670,3,CC,295,1,BA,1,0,28,0,1500.0,0,INTERNET,4.903841428103502,other,0,1,0,7
0,0.8,0.7655696238218018,226,27,50,14.674052029624,11.567522632351997,AA,1552,7534.662465223741,6999.772986385717,4419.331653675105,8,6,CA,160,1,BE,1,1,15,1,200.0,0,INTERNET,7.2080958563013375,windows,0,1,0,4
0,0.4,0.6728529132024477,-1,32,20,0.0076805305508543,-0.8068790348253168,AB,668,1033.0330436952029,2910.881308555925,3144.123409837304,9,9,CA,97,0,BC,1,1,10,0,200.0,0,INTERNET,1.5430050817574918,windows,1,1,0,7
0,0.9,0.2967443364800292,331,47,30,0.0086763763402749,-1.0024959133686049,AB,464,4452.938248581141,3005.6323205071985,3111.7279187993377,34,12,CA,81,1,BF,0,1,28,0,200.0,0,INTERNET,4.310495971279838,linux,1,1,0,7
0,0.2,0.9030040373265248,-1,221,20,0.0281978885821616,-1.2820903669076769,AB,1014,1007.7979777260372,4688.397032871811,5000.10563478053,10,15,CA,122,1,BC,0,1,1,0,200.0,0,INTERNET,5.857465886711288,macintosh,0,1,0,2
0,0.7000000000000001,0.5114790623889935,-1,34,40,0.0300351676459213,-0.3608343491178776,AB,1240,3926.059134372279,4335.544333668682,5348.036961247567,175,19,CB,235,0,BB,1,1,1,1,1500.0,1,INTERNET,3.961271638577311,other,0,1,0,2
0,0.1,0.2656655471088668,-1,44,10,0.026009226995354,-0.9792218185752164,AB,1197,5146.160915086781,3410.9964670786626,4407.838242254627,39,10,CA,94,0,BE,1,1,28,0,200.0,0,INTERNET,1.275008678141603,other,1,1,0,5
0,0.3,0.882252686488194,49,5,30,0.0057894471598576,-0.8438500204589736,AC,2528,5358.895860618039,3058.650675013022,5565.50873398901,0,14,CA,63,0,BB,1,1,-1,0,200.0,0,INTERNET,5.76686826951564,other,1,1,0,1
0,0.7000000000000001,0.1879077304328082,-1,38,40,0.0058684132928065,-1.741555498088606,AB,4618,7635.022908504237,6806.430818269517,5905.551659469701,8,16,CA,62,1,BC,0,1,31,1,200.0,0,INTERNET,4.065717311558627,other,0,1,0,0
0,0.7000000000000001,0.8952426731406211,28,4,30,0.0155760862724554,-1.1119775424563771,AC,1427,9136.103911312037,3466.700007508437,6265.108454309078,0,15,CA,71,0,BC,1,1,-1,0,1500.0,0,INTERNET,3.292550842973144,linux,1,1,0,0
0,0.4,0.6074287194346927,-1,368,60,0.0158273615741406,-0.7995891606191551,AD,987,11260.170255507746,3354.0100003112543,4300.564150260603,41,2,CC,71,0,BB,0,1,30,0,200.0,0,INTERNET,9.216771873710448,macintosh,0,1,0,6
0,0.7000000000000001,0.4715202486681521,-1,59,70,0.0515540037003542,-1.27653595077797,AD,567,9887.042162247955,4757.107920921117,5471.800450871896,623,17,CA,18,0,BB,1,1,1,0,200.0,0,INTERNET,9.629884560717704,other,0,1,0,2
0,0.8,0.9078440585064804,-1,39,40,0.0078966014743044,-0.7925585752754487,AB,342,4548.111002808813,2289.769497803118,3068.6562074129515,7,8,CA,125,1,BC,1,1,3,0,200.0,0,INTERNET,7.32824308193929,other,0,1,0,7
0,0.9,0.0243541138399893,-1,53,50,0.0020034044021025,41.88844252401509,AA,1884,8620.914485314179,5799.546080810829,4736.052243522535,6,4,CA,69,1,BC,0,1,30,1,200.0,0,INTERNET,13.58816119704809,linux,0,1,0,3
0,0.6000000000000001,0.7550556279173181,14,4,20,0.0101268941037244,-0.7441176602687596,AB,512,1512.7177962204678,2776.400828403412,3069.7293360369586,8,10,CA,125,1,BC,0,1,1,0,200.0,0,INTERNET,3.085089394649528,linux,1,1,0,7
0,0.8,0.1488168069501178,-1,42,40,0.0150045706890398,-0.4817955506816957,AB,1325,3269.069414892177,4633.694415819952,5607.571783573045,11,10,CA,74,1,BC,0,1,20,0,200.0,0,INTERNET,4.693013272275769,windows,0,1,0,1
0,0.6000000000000001,0.0725499274652226,26,1,40,0.013878240765735,51.97482863436735,AA,1050,4604.142729710892,3991.031529131003,5283.808481992799,825,6,CA,26,1,BC,0,1,11,0,200.0,0,INTERNET,4.050927951687991,linux,0,1,0,1
0,0.6000000000000001,0.3727195339572021,-1,98,10,0.6537555255294223,-0.4504829858424725,AC,190,6216.642378109069,4513.597644443708,4736.450375552224,1,9,CA,136,0,BE,0,1,-1,0,500.0,0,INTERNET,9.756192473031916,other,0,1,0,7
0,0.1,0.7311410978143235,48,17,30,0.0149259153802988,50.40752979806906,AA,3392,4164.214224383914,2002.2345706539245,3870.0586612896295,1,6,CA,119,0,BC,1,1,28,0,500.0,0,INTERNET,3.857766707390264,other,1,1,0,6
0,0.1,0.7843860825024532,202,291,60,0.0058622513746661,-1.048891558146222,AB,700,8131.055727193107,5164.865131914085,5488.944649689549,10,6,CA,205,0,BB,1,0,1,0,200.0,0,INTERNET,19.204835590347905,linux,1,1,0,2
0,0.9,0.8610401207172598,-1,140,20,0.0194908318867419,-0.6621564934301567,AB,1013,1343.6177714397709,2646.064025780919,4427.990592715377,14,7,CA,112,0,BE,0,1,28,1,500.0,0,INTERNET,4.712615259583331,windows,1,1,0,6
0,0.5,0.3854711503847657,-1,75,40,0.0149016308850384,-0.9836214604682916,AC,992,6091.066142202886,2964.7777329172304,4890.369641049582,1,12,CA,115,1,BB,1,1,-1,0,1000.0,0,INTERNET,5.889708450919125,other,1,1,0,4
0,0.5,0.2069342279530447,84,19,30,11.517743820930129,-0.7079056587895343,AC,933,11232.768255306462,7572.914261567093,5606.7447808308425,0,12,CA,54,1,BB,1,1,-1,0,200.0,0,INTERNET,2.8998624241285653,windows,0,2,0,1
0,0.2,0.4271124350768168,51,12,20,0.015810902846251,-0.9031277262165208,AB,879,4075.585378545121,2565.738940879141,4461.215607609002,12,9,CA,123,1,BE,1,1,28,0,500.0,0,INTERNET,7.817661048118001,linux,1,1,0,6
0,0.2,0.3319577577956081,10,3,30,0.0066953129889502,-0.6742071612731959,AD,1718,1616.182066331552,6714.891129049179,5297.032558725618,4,15,CA,81,0,BC,0,1,21,0,200.0,0,INTERNET,8.832358266250562,linux,1,1,0,1
0,0.9,0.996607099339575,62,15,30,0.000532367137996,52.27703057541103,AA,1920,2553.8777071732643,4579.588835394414,4357.00564070206,7,8,CA,138,0,BC,0,1,22,1,500.0,0,INTERNET,6.107294515606528,macintosh,0,1,0,4
0,0.4,0.1255406305345299,-1,307,50,0.0278410252057202,-1.02384266611568,AC,1871,13436.310629922573,4028.800245519949,5176.084848089599,0,4,CA,108,0,BA,0,0,-1,0,500.0,0,INTERNET,5.012835844105415,windows,1,1,0,3
0,0.6000000000000001,0.4430285292910103,-1,32,30,0.009256522459053,-0.8217257595475691,AC,1095,5949.529468151544,2724.5689040761013,3089.29058340384,2,16,CA,119,1,BC,1,1,-1,0,200.0,0,INTERNET,6.578241997632277,windows,1,1,0,7
0,0.1,0.5186391113252922,208,19,10,0.9554055064940477,-1.4856914719261058,AC,978,9801.618211093411,7152.582985057864,5497.886138204992,1,9,CA,125,1,BB,0,1,-1,0,200.0,0,INTERNET,14.739963510619864,linux,1,1,0,1
0,0.1,0.5255479522522309,87,11,30,0.0208170884675496,-1.1795796780334442,AB,3454,7254.863201139196,7064.086203045638,6616.852814978782,5,15,CA,114,1,BC,0,1,1,0,200.0,0,INTERNET,9.93181053039103,macintosh,0,1,0,0
0,0.9,0.0678833532781697,-1,68,30,0.0155225307359776,18.183438601514908,AA,1317,4821.374330564405,4502.282912747717,4882.569477950426,16,8,CE,84,0,BC,1,1,30,0,200.0,0,INTERNET,3.821399310049413,macintosh,1,1,0,4
0,0.2,0.4647662210895601,20,1,20,0.0076280008555205,-1.3911947229192771,AC,385,7176.867497988465,5440.239959855143,6658.533268281458,0,19,CA,125,1,BC,0,1,-1,0,200.0,0,INTERNET,2.35688210222006,other,1,1,0,4
0,0.5,0.5163189677779432,-1,153,40,0.0114180287616136,28.89788259534699,AB,921,8740.185768439569,4641.282797144694,5325.262801677721,7,6,CB,-54,1,BE,0,1,1,1,1000.0,0,INTERNET,3.1587202141110016,other,1,1,0,1
0,0.8,0.7029040658853751,52,-1,40,0.0217213743072679,20.11021212119236,AA,1174,5289.371956037167,5960.747779951103,5162.313751290143,284,15,CA,138,1,BA,0,1,1,1,500.0,0,INTERNET,1.9804501435633075,linux,0,1,0,4
0,0.8,0.3807383181928953,-1,65,30,0.0210002766957949,-1.5764728305029347,AB,721,5517.595409790346,4508.020068145902,5139.003208516095,5,16,CA,105,0,BC,0,1,24,1,200.0,0,INTERNET,2.451473467769769,windows,0,1,0,3
0,0.3,0.4850169522129785,30,5,30,0.0072630997024874,-0.7479220950976303,AC,1770,8839.990701373124,6681.263571896697,6835.445257442822,0,10,CA,185,0,BC,0,1,26,0,1000.0,0,INTERNET,13.219456753377091,other,0,1,0,0
0,0.8,0.1110239817644861,28,3,40,0.0149901684937509,-1.3325055439349354,AB,2560,11782.465104071232,6949.421903830855,6240.429556195845,193,21,CA,26,1,BC,0,1,25,0,200.0,0,INTERNET,8.766018969192347,windows,1,1,0,0
0,0.9,0.4571280104889504,12,6,20,0.0035793237475715,-0.2230487093042088,AB,764,3012.82017723472,2672.3309835193368,3167.05590024716,15,5,CA,126,0,BE,1,1,25,0,200.0,0,INTERNET,0.7733358931623373,macintosh,1,1,0,7
0,0.8,0.5070145184137252,-1,9,30,20.075615122187333,-1.427807771585362,AC,884,4813.495693172712,2978.157302895313,3112.113504971676,1,9,CA,47,1,BC,1,1,1,0,200.0,0,INTERNET,5.4619771116153695,linux,1,1,0,7
0,0.7000000000000001,0.2612536537773787,27,4,30,0.0145340208323413,27.63740858871747,AA,1653,4571.66515501279,2602.6777610967274,5121.387339111016,5,18,CA,144,0,BB,0,1,1,0,500.0,0,INTERNET,15.301152280844065,linux,0,1,0,2
0,0.9,0.3242911061496281,96,7,30,0.0228272245934235,-1.4640939132285602,AB,707,3952.334509021741,7711.970755647009,6648.413655951746,1,8,CA,159,1,BC,0,1,-1,0,1500.0,0,INTERNET,50.76390298725436,other,1,1,0,0
0,0.1,0.8956404998224905,-1,86,10,0.0195636884343737,-0.6916308170030885,AB,981,4194.254794894739,3376.487740651177,4267.606129317852,16,19,CA,92,1,BE,1,1,1,0,200.0,0,INTERNET,4.2016390339252565,macintosh,1,1,0,5
0,0.6000000000000001,0.0743701185104526,27,12,20,0.0190391125608618,15.648793612630374,AA,1715,7841.532384081734,7017.767299387745,6789.950687553168,24,12,CA,164,0,BC,1,1,10,0,1500.0,0,INTERNET,3.806234289544744,linux,1,1,0,0
0,0.3,0.0864450676844736,-1,175,20,0.0068509340605586,-0.7950425397171399,AC,1768,8334.490158127775,5160.561689091262,4857.953706969008,1,10,CA,122,1,BA,0,1,-1,0,1000.0,0,INTERNET,3.5652221637704624,macintosh,0,1,0,3
0,0.4,0.7989194163401909,-1,76,20,0.0132754566206395,-0.3259712593402458,AD,1211,5202.751314453732,4716.6760772674825,5500.363979330662,12,18,CB,17,1,BE,0,1,10,0,200.0,0,INTERNET,3.634113192774268,macintosh,1,1,0,1
0,0.1,0.1719385562035961,-1,230,40,0.0349457891721215,-1.4874281178588755,AD,3184,4627.801819890708,4028.281461015995,6446.520804656322,1491,10,CA,171,0,BA,1,1,1,0,200.0,0,INTERNET,6.4929549946917104,other,0,1,0,2
0,0.8,0.6595114362152718,-1,110,30,0.0255596337232239,14.306631181922905,AA,378,4417.155343223951,4190.815789924918,3115.8529537515305,5,5,CA,108,1,BE,1,1,1,0,200.0,0,INTERNET,3.175417424011116,linux,1,1,0,7
0,0.6000000000000001,0.8260331928266121,-1,39,30,0.0179273982466064,36.37338220754759,AA,3179,1704.3776357865613,3429.938095958988,4390.181213562959,7,7,CA,126,1,BC,1,1,1,0,200.0,0,INTERNET,5.922874414909559,other,1,1,0,4
0,0.1,0.171627189611376,-1,51,30,0.0032896790466285,39.50316905801353,AA,4248,4411.105528088964,6028.663213292157,5500.220015772191,3,12,CA,23,0,BC,1,1,22,1,200.0,0,INTERNET,1.6989150169718683,windows,1,1,0,1
0,0.9,0.9015398987931514,-1,44,40,0.0203166348160528,19.90348282274932,AB,886,3876.243383051602,2930.961875524089,3766.801334504885,1675,14,CA,121,0,BC,0,1,19,0,200.0,0,INTERNET,3.24570418817694,linux,1,1,0,6
0,0.5,0.4967375968663174,-1,54,30,0.0109363555210368,-0.9051720717596852,AB,4917,7136.225844277486,5824.095199248035,6725.548298588215,30,15,CB,26,1,BE,1,1,24,0,200.0,0,INTERNET,7.046503253158484,linux,1,1,0,0
0,0.9,0.8297809377745432,30,13,40,0.0223394933122375,29.45057791542886,AA,1772,6454.823429096099,3703.340486720686,5088.414629757717,343,10,CA,116,1,BC,0,1,1,0,500.0,0,INTERNET,8.205228723910164,macintosh,0,1,0,6
0,0.1,0.0578921213096412,101,20,40,0.011895772228256,-1.0624256287999725,AC,1118,8654.817584478656,6136.40532172926,4919.658355150823,7,10,CA,76,1,BB,1,1,-1,0,200.0,0,INTERNET,1.9253993422557256,linux,1,1,0,1
0,0.1,0.134680412417926,23,6,40,1.3134212346770406,-0.9800655929780128,AB,869,5878.54110977951,5070.810826108669,5131.219246022265,5,12,CA,70,0,BC,0,1,31,0,200.0,0,INTERNET,4.9501485275520665,windows,0,1,0,2
0,0.8,0.5454624085074687,-1,62,20,0.0035117688039932,-1.3845799769354117,AB,1986,13813.432547932614,5848.110233116475,4932.326738965885,1,21,CA,80,1,BE,0,1,30,0,200.0,0,INTERNET,5.668765439435317,other,0,1,0,3
0,0.9,0.2401451182436531,-1,189,20,0.0012914943843496,-0.7799469254782857,AB,814,3374.8978720558284,5216.806431328225,4992.058164187471,5,11,CB,97,0,BE,0,1,11,0,200.0,0,INTERNET,3.827213693421958,windows,1,1,0,1
0,0.1,0.8535794402233595,-1,31,50,8.027288354318001,27.95852805565155,AA,1170,7678.937669568197,7298.834900230271,5276.730932914092,12,5,CD,86,1,BC,0,1,21,1,200.0,0,INTERNET,15.684517305107413,linux,1,1,0,1
0,0.9,0.1409991162598973,-1,55,20,0.011085127546867,-1.175883763964536,AC,1497,6425.032999199168,4469.116783443803,5143.490713583206,0,11,CA,66,1,BC,0,1,-1,0,200.0,0,INTERNET,2.147042979512092,linux,0,1,0,4
0,0.9,0.4101209234338401,-1,199,50,0.0133871965087179,-0.4003078902651771,AB,1809,1177.312331676936,3894.364377345745,5013.06505285177,36,7,CA,221,1,BA,1,0,15,0,1500.0,0,INTERNET,4.90421813617197,other,1,1,0,3
0,0.8,0.0900413679388751,-1,21,40,0.0387581414509749,-2.118385880663084,AB,1561,8285.748779404623,6948.702727994107,6614.251501287808,1468,14,CA,149,1,BC,1,1,1,1,200.0,1,INTERNET,4.24802352841942,linux,1,1,0,0
0,0.7000000000000001,0.7950884326832564,85,111,30,0.0249318237934045,-1.5438838356097264,AC,693,3298.5367440798163,4514.667298823283,5536.007714143863,30,6,CA,113,1,BB,0,1,-1,0,200.0,0,INTERNET,2.672515735550535,linux,1,2,0,1
0,0.7000000000000001,0.4907940661448098,182,7,30,0.0148793533986345,-1.5195809677729692,AA,2143,3470.5872188938647,2802.2842412170976,3006.574028073605,10,10,CB,165,1,BB,1,1,22,1,500.0,0,INTERNET,2.6240406033507924,linux,1,1,0,7
0,0.9,0.2561889074130031,212,4,50,0.0032982172138176,-1.7306797097907969,AC,587,1861.311431367892,2840.216116838404,3997.775136079071,0,1,CC,156,1,BB,0,1,-1,0,500.0,0,INTERNET,5.560420587525486,linux,0,1,0,6
0,0.8,0.20622164522058,-1,172,30,0.0056155125199301,16.337007900364036,AA,1124,3197.736846217264,3159.270737842057,4328.526727160672,16,11,CA,158,1,BB,0,1,21,0,200.0,0,INTERNET,18.9834975175387,other,1,1,0,6
0,0.1,0.6249441679823152,-1,84,30,0.0215324546261376,18.16706832575709,AA,5218,12104.314312963068,6940.607622596071,5923.998652349494,17,15,CA,32,0,BE,0,1,30,0,1500.0,0,INTERNET,4.4136044963659575,other,1,1,0,0
0,0.9,0.8032573380188887,-1,168,40,0.0060882585679519,-0.5198338028021441,AD,1363,4241.96711922528,6153.794154806792,5951.937177085536,8,12,CA,97,1,BA,0,1,9,0,1500.0,0,INTERNET,30.73068370934552,linux,0,1,0,0
0,0.5,0.5337911105713922,56,8,20,0.0101225366938838,-1.3848139173923488,AB,1627,562.3259649264385,2163.7382215816588,3082.9205627440656,6,9,CA,276,0,BB,0,1,26,0,1500.0,0,INTERNET,0.4576947058879157,other,1,1,0,7
0,0.2,0.5617005665908462,-1,214,30,0.0230627961992352,-1.122369200862415,AB,3652,10121.9773920143,5837.2890752566,4938.331497381717,841,7,CA,145,1,BA,1,1,15,0,500.0,0,INTERNET,9.624181880312891,linux,0,1,0,3
0,0.7000000000000001,0.0956997656928314,-1,98,30,0.0089104564749197,-0.884298208919057,AC,2884,4662.48999952668,4660.556740779705,4291.498123518802,0,6,CA,130,0,BC,0,1,-1,0,500.0,0,INTERNET,1.1909505256867028,windows,0,1,0,5
0,0.7000000000000001,0.5486269399620024,37,1,30,0.7433531693768376,-1.2218055607063203,AB,1459,2785.465296689281,5235.488756772492,4302.098965383935,0,9,CB,101,1,BC,0,1,-1,0,200.0,0,INTERNET,5.565174680138838,linux,0,1,0,4
0,0.2,0.7882926662707577,-1,357,20,0.0175641292238096,36.22214197341867,AA,1933,8337.898570051064,7066.878473963219,5566.004635149139,1,6,CA,84,0,BE,0,1,29,0,200.0,0,INTERNET,7.228441628009549,windows,1,1,0,0
0,0.9,0.11755498787504,-1,92,40,0.0131715227147582,48.509037392970896,AA,1975,5240.340028312296,3663.3790006523545,4355.294444883692,2,12,CA,181,0,BA,0,1,26,0,1500.0,0,INTERNET,1.8795323681823348,other,0,1,0,6
0,0.2,0.3360461696062212,-1,105,30,0.0113877765526836,-0.9555016166734308,AC,2060,2431.1030329908763,4978.986782507221,5472.047685933768,0,4,CA,219,0,BA,1,1,-1,0,200.0,0,INTERNET,6.172899178780559,windows,1,2,0,2
0,0.1,0.9935030193432796,331,4,30,0.0095294285387771,-1.6109533857223168,AC,1634,9184.56950701062,5542.936125651867,6695.662136709463,0,7,CB,163,0,BC,1,1,-1,0,500.0,0,INTERNET,9.486427926934477,linux,1,1,0,0
0,0.8,0.4932703184712239,26,6,30,0.006377161171046,-1.7982572589833787,AB,2677,7298.447329733044,6087.925470181654,5924.977158575989,160,19,CA,60,1,BC,0,1,28,0,200.0,0,INTERNET,25.94097374522668,linux,1,1,0,0
0,0.7000000000000001,0.1315145342615064,220,9,20,0.0002888045005118,51.83353987632282,AA,2935,6188.258531249267,3764.479640404944,4251.459048721128,222,5,CA,132,0,BC,0,1,28,1,200.0,0,INTERNET,2.1370376840539853,other,1,1,0,6
0,0.9,0.6893978016681255,-1,25,30,0.0304529250820126,-1.312999553672177,AC,1023,1211.9805806714007,4232.258738794728,4242.38669379704,0,10,CB,188,1,BA,1,1,-1,0,1000.0,0,INTERNET,3.259562183159155,other,0,1,0,6
0,0.1,0.9054259805365076,-1,49,40,0.0480668196209727,-0.9643585619187288,AB,5972,3988.768226219706,3802.727717564606,3098.756848790284,68,10,CE,52,1,BB,0,1,15,0,200.0,0,INTERNET,3.3868846759887417,windows,1,1,0,7
0,0.7000000000000001,0.7379710165754064,-1,29,30,0.0099557637529448,-1.3078632853777912,AB,3037,5901.933078468471,4751.859956562711,5673.380552094637,216,14,CA,67,1,BC,0,1,15,0,200.0,0,INTERNET,2.4522167548703995,windows,0,1,0,1
0,0.6000000000000001,0.0790232729276735,-1,17,20,0.0214568042983689,-1.058307426207928,AB,597,1474.6734521441997,3285.298696229914,3067.252845999651,12,5,CA,38,1,BE,0,1,11,0,200.0,0,INTERNET,4.892753632469076,windows,1,1,0,7
0,0.8,0.5099801902066635,-1,99,20,0.0202384380740969,-0.7242649728486564,AC,695,6276.858739237641,5203.759326770043,4293.334896293619,1,8,CA,165,1,BC,1,1,-1,0,200.0,0,INTERNET,3.536319867979928,macintosh,1,1,0,4
0,0.7000000000000001,0.6371437104625354,-1,99,40,0.0119010018860039,-0.8070749862925521,AD,1162,3688.0185983788506,3082.345599784044,3121.565547812468,1376,6,CA,260,1,BB,0,1,1,0,200.0,0,INTERNET,2.8011888515483485,other,0,1,0,7
0,0.1,0.9975179229747798,32,17,20,18.40527316107282,-1.8339162573169367,AC,956,7726.082560900724,5297.919362828921,5129.457859526523,1,8,CF,105,1,BB,0,1,-1,0,200.0,0,INTERNET,8.379953886555676,other,1,1,0,0
0,0.8,0.2025667651926092,-1,23,40,0.0271214392750505,-0.9990905449446706,AB,882,1876.5053654002768,2885.0919659023084,3710.690694910072,22,4,CF,132,1,BB,1,1,1,1,200.0,0,INTERNET,3.0460814168869392,other,0,1,0,6
0,0.2,0.0474595008781788,-1,65,30,0.0018848615360819,-0.7602368256407689,AB,1490,2521.8689479009054,4001.436697543212,4349.04602151693,803,11,CA,105,0,BB,1,1,27,0,200.0,0,INTERNET,9.267802299734193,linux,1,1,0,5
0,0.9,0.6306526040072921,-1,33,30,0.0036460161641378,-0.2111238869934272,AB,895,4924.677872267677,3698.2115539988536,5139.591152035279,9,20,CA,181,0,BA,0,1,1,0,1500.0,0,INTERNET,2.3100444041987807,other,1,1,0,3
0,0.1,0.1663647413999185,23,21,20,0.007827317778158,-0.9076758655575052,AB,1478,8011.834153839358,6313.079502840395,6704.8563072473535,4,21,CA,72,1,BB,0,1,20,0,200.0,0,INTERNET,12.512582483801848,linux,1,1,0,0
0,0.2,0.8165517450657765,-1,75,20,0.0092623547478886,14.337287036961206,AA,2371,11789.785186406336,6332.004479311226,5546.973934486497,1,35,CA,136,0,BE,0,1,20,0,200.0,0,INTERNET,3.956871147815389,windows,0,1,0,2
0,0.7000000000000001,0.6730851399188756,-1,190,30,0.0074124190052714,33.21421504409284,AA,2738,4497.693898225468,7540.763447675966,4412.185588985776,393,7,CA,185,0,BE,0,1,31,0,1500.0,0,INTERNET,2.158935896404814,windows,1,1,0,6
0,0.2,0.1643070776692517,31,4,30,0.0163939734913785,-1.3979326921865538,AB,1988,3375.128042880988,4762.081098015307,4834.872533288593,5,10,CC,110,0,BB,0,1,31,0,200.0,0,INTERNET,17.04224223019919,linux,0,1,0,3
0,0.1,0.0757629788229393,-1,38,30,0.0031600706064247,17.012455529346948,AB,1849,2926.052056301545,3228.6438476968688,3826.852216142308,3,16,CA,132,1,BC,0,1,19,0,200.0,0,INTERNET,3.5821209530033524,linux,1,1,0,6
0,0.9,0.1370225261171882,-1,23,40,0.0046018309179952,-1.3531111529597857,AD,2642,11064.963465043124,6971.2432568336535,5186.9031710910185,13,8,CB,94,1,BB,0,1,16,0,200.0,0,INTERNET,11.833424336079792,linux,0,1,0,2
0,0.3,0.3939075833663635,-1,13,20,12.766197154740857,-0.8474177917263355,AC,781,5722.99719388441,3382.0262516320754,3027.549775181753,0,5,CB,174,1,BD,0,1,-1,0,990.0,0,INTERNET,5.537717393964551,linux,1,1,0,7
0,0.9,0.0641208980194435,30,2,20,0.0043663607645583,-0.8379711738747354,AD,4157,7437.008474821154,6674.27246893868,6689.311047315816,10,16,CA,44,1,BC,0,1,1,0,200.0,0,INTERNET,4.010569904125341,windows,1,1,0,0
0,0.4,0.8593811460012173,-1,40,30,0.0353457653617166,10.311955880418887,AA,1097,8226.90803316767,6064.5341759385055,4897.410796562345,258,8,CA,212,1,BB,1,1,1,1,1500.0,0,INTERNET,3.260167715366012,linux,1,1,0,1
0,0.9,0.8344806261609691,-1,243,20,0.0070217158052452,-0.661733011447609,AB,2061,7570.12101406539,4943.642246773534,4318.2728187640005,17,11,CA,181,0,BE,0,1,31,0,500.0,0,INTERNET,6.703512755780707,other,1,1,0,4
0,0.8,0.0584436084515778,-1,103,40,0.024393728481522,44.29943614352317,AA,1041,8025.600858510043,6264.860616851515,4872.621395086102,34,13,CB,255,1,BA,1,1,2,0,1500.0,0,INTERNET,3.026299455020632,linux,1,1,0,3
0,0.7000000000000001,0.621083433608219,-1,171,50,0.0162663714638772,-0.9024781593173844,AB,741,5867.2707626045885,2724.279730526244,4332.422821856068,1540,2,CB,216,0,BB,1,1,15,0,1500.0,0,INTERNET,1.4623614377776268,windows,1,1,0,5
0,0.9,0.7417954992997996,173,35,20,0.0168697881503223,-2.8386220626602707,AA,1948,2943.6393571926424,5210.048005170281,4785.274454265924,19,13,CA,74,0,BC,1,0,26,0,200.0,0,INTERNET,5.606118086534307,other,1,1,0,0
0,0.4,0.2919496251316885,46,16,20,0.0028172840399912,-0.8841390249666333,AB,434,7884.078898605742,6194.289799934874,6749.786906696158,236,17,CA,32,1,BE,0,1,25,0,200.0,0,INTERNET,14.676442353042424,windows,1,1,0,0
0,0.5,0.2145014459524008,-1,107,40,0.0056950491607798,-1.3217625714205918,AC,688,1513.3179027062226,2100.96307455662,3718.666491350453,0,3,CA,242,0,BA,0,1,-1,0,500.0,0,INTERNET,5.107973830521632,other,1,1,0,7
0,0.5,0.9997356582590968,-1,111,30,0.0075240521864696,-0.2058664797672778,AB,4612,1168.4300405354347,3492.1696868556205,5336.901847804059,800,19,CA,11,1,BB,1,0,28,1,200.0,0,INTERNET,1.7471720149812138,linux,1,1,0,1
0,0.9,0.0226400815630768,26,27,20,0.0254819090783744,-1.7526383768081528,AC,620,8219.638494535506,6978.821878386876,5971.981484939108,0,20,CA,54,1,BC,0,1,-1,0,200.0,0,INTERNET,2.5927097113223327,macintosh,1,1,0,0
0,0.7000000000000001,0.5351290412412051,-1,46,20,0.0420988590198476,-1.4581832746786036,AB,1204,7001.102443199139,2955.381822257661,4269.193917512932,1108,4,CA,176,1,BC,0,1,28,1,200.0,0,INTERNET,3.9264793542153855,windows,1,1,0,6
0,0.6000000000000001,0.6678879775658029,7,15,20,0.0290345060921064,-0.7881571866172498,AB,557,4651.73285105824,2333.574128114952,3131.580855540704,6,7,CA,156,1,BC,0,1,1,1,500.0,0,INTERNET,2.9112462638695966,linux,1,1,0,7
0,0.9,0.9891688445191484,53,15,30,23.37645570945396,-1.827373813681613,AB,638,5066.901372468398,5496.3468198955325,4310.766160646487,11,15,CA,134,0,BB,0,1,26,1,500.0,0,INTERNET,1.3745304664283473,windows,0,1,0,6
0,0.6000000000000001,0.5722811141060733,-1,389,30,8.202904689775622,31.85367314818232,AA,2156,987.0922857273227,3138.287409917092,5223.249510958365,2057,17,CB,53,0,BE,1,1,28,0,200.0,0,INTERNET,5.281115888801544,linux,1,1,0,2
0,0.6000000000000001,0.3794472577710796,-1,92,50,0.033422063425598,-1.2685465860888598,AC,3565,4383.112294789676,6191.423000610447,5528.224079582171,0,8,CA,225,1,BB,0,0,-1,0,500.0,0,INTERNET,15.72616353730324,windows,1,1,0,2
0,0.1,0.4453023162186453,279,2,30,0.0019112882629365,-1.2418184518422877,AB,2681,7074.2748432075,5681.128947650378,6778.0301023052925,6,17,CA,144,0,BC,0,1,31,0,200.0,0,INTERNET,9.279072032854785,other,0,1,0,0
0,0.4,0.6469794124954916,26,8,40,0.0204646582769504,-1.4362670118904608,AC,3667,7928.93767468636,4965.178687465137,6593.7250278632055,0,8,CA,214,1,BC,0,1,-1,0,500.0,0,INTERNET,9.042670563492466,windows,1,1,0,0
0,0.7000000000000001,0.6851199600742789,-1,147,60,0.0191837779885741,-0.2816559262028045,AB,1312,4656.715571093928,3946.078259652258,4480.647598078333,14,5,CA,171,1,BA,1,1,28,0,1000.0,0,INTERNET,3.129732385515017,windows,1,1,0,5
0,0.1,0.9073238960794122,-1,190,20,0.0225473987341938,-0.9952389382648774,AB,1003,7313.489632698905,5150.8293738219045,5455.378818345057,1905,10,CA,-88,1,BC,1,1,11,0,200.0,0,INTERNET,9.03495432288318,windows,1,1,0,2
0,0.1,0.1458903555968488,-1,128,20,0.0100063533231836,-1.6805183305920846,AB,2055,5493.956665238421,5330.157021826231,4284.192276645348,8,14,CA,55,0,BB,0,1,30,0,200.0,0,INTERNET,5.24462576432384,linux,1,1,0,6
0,0.1,0.6702556670472699,-1,180,20,0.0077723413122793,-1.0142113926380298,AC,1768,3376.5466826240418,5283.467649405454,5352.1082527495255,0,10,CE,74,1,BE,0,1,-1,0,200.0,0,INTERNET,9.40487914289102,linux,0,1,0,1
0,0.7000000000000001,0.4278281273408039,32,15,30,0.0141882765856196,-0.8451372644879036,AC,1944,7433.722725470568,8341.462268723695,4838.471203171494,0,19,CA,227,0,BB,0,1,-1,0,1500.0,0,INTERNET,30.09341511599801,linux,1,1,0,4
0,0.3,0.1887764336839691,-1,52,20,0.0144203472862516,-0.6770412295544942,AD,618,5984.669064614604,4444.254571866555,4903.435754513158,10,11,CD,161,0,BB,0,1,15,1,200.0,0,INTERNET,2.7355476317614627,other,1,1,0,4
0,0.8,0.4820661488064224,-1,37,30,0.0005421605863614,-0.9279675835510736,AC,1396,2753.5079637761683,3805.454820131065,5338.471433466468,1,11,CA,96,1,BC,0,1,-1,0,200.0,0,INTERNET,4.320935002138809,linux,0,1,0,1
1,0.8,0.8989613090911863,-1,19,40,0.0069893983634358,-0.906214298011229,AC,1153,3697.301830900406,3014.740525963045,3090.907415458701,12,18,CA,262,1,BC,0,1,-1,0,1900.0,0,INTERNET,6.260270828384784,windows,0,1,0,7
1,0.9,0.210789607698789,-1,64,40,0.01390805219236,-0.5575515130165647,AC,909,4198.729149330107,3761.632266969148,4183.19862976925,0,11,CA,240,1,BA,0,1,-1,0,1900.0,0,INTERNET,3.702482992544368,windows,0,1,0,6
0,0.3,0.7595167369999141,-1,364,20,0.021684308217327,25.688673234157523,AA,2069,9938.959372247427,6093.12540109257,6638.829486331885,1,16,CA,126,1,BE,0,1,-1,0,200.0,0,INTERNET,1.0638806666308291,linux,1,1,0,0
0,0.1,0.1418062855434182,-1,253,40,0.0143538139296587,-1.5637074541686828,AD,3207,5910.892423625777,5192.6247538246,6381.019255772227,7,11,CA,206,1,BE,1,1,26,1,1500.0,0,INTERNET,8.124120959952227,windows,1,1,0,0
0,0.4,0.0244083731053083,-1,246,20,0.0072836729001181,19.18243667267048,AA,1427,5829.152823702993,3794.823402758133,6326.4922192651575,1,12,CA,86,1,BE,0,1,15,0,200.0,0,INTERNET,2.4977557050383083,linux,0,2,0,0
0,0.1,0.0286437749479897,101,11,40,0.0093560896789309,-0.8877047118823477,AC,889,4834.390673803468,3655.698643129037,3109.10449582201,12,11,CF,97,0,BA,1,1,-1,0,200.0,0,INTERNET,7.171721541944134,other,1,1,0,7
0,0.7000000000000001,0.0369717952002348,-1,56,40,0.0155362361030032,-0.8484792646120427,AB,1171,6596.968281555598,4995.653538569463,5570.706962305446,11,15,CA,28,1,BE,1,1,20,0,200.0,0,INTERNET,3.467041633542753,other,1,1,0,1
0,0.1,0.8669228245477579,-1,82,20,0.0236343253129723,-0.3240129101118232,AC,1323,2681.707857072153,7128.1845961881945,5407.438956619038,0,12,CA,140,1,BA,0,1,-1,0,1500.0,0,INTERNET,11.749432765418822,windows,0,1,0,1
0,0.6000000000000001,0.0994632041882303,-1,32,50,0.013269796517906,-1.351819235948937,AD,4348,7972.577904399183,7914.5762149859775,6661.9037415328685,76,8,CA,79,1,BC,1,1,15,0,1500.0,0,INTERNET,5.3047338554435575,linux,1,1,0,0
0,0.6000000000000001,0.8939538960520212,142,13,30,0.0176975419259705,49.541785975272894,AA,4339,9410.266352667812,7337.813309380866,6709.360649126208,11,7,CA,135,0,BC,0,1,15,0,500.0,0,INTERNET,10.231263751510449,other,0,1,0,1
0,0.6000000000000001,0.1562327396479693,29,16,40,0.0275462975689896,52.2310975489464,AA,1526,9362.113177619392,3986.847875970952,4947.804000905668,1166,7,CA,117,1,BC,0,1,1,0,200.0,0,INTERNET,2.9890020873259826,windows,0,1,0,3
0,0.8,0.8347572527105979,-1,80,40,1.9650003529730675,-1.0078166949353875,AC,1389,5220.644422598316,5249.065470625781,5336.211713221694,2,3,CC,108,1,BA,0,1,-1,0,200.0,0,INTERNET,7.971195234943334,windows,0,2,0,1
0,0.9,0.7890434220783653,-1,86,40,0.0063788610136991,26.766369650919323,AA,1230,12266.74917526383,5360.322034979015,4281.857855922978,769,15,CB,183,0,BE,1,1,1,1,500.0,0,INTERNET,1.2668992927036191,other,1,1,0,5
0,0.2,0.6835874600495251,-1,20,50,0.0369389411195592,-0.8831551549581196,AB,949,2343.9490209179808,7406.852035234488,5498.42950044945,743,6,CA,132,0,BB,1,1,21,1,200.0,0,INTERNET,10.28102707638303,windows,0,1,0,1
0,0.1,0.6852073024462985,-1,32,20,15.017690610134954,-0.66917892066634,AC,2521,8619.260923442267,5380.406193626772,5537.494561253627,0,21,CA,37,1,BE,0,1,-1,0,200.0,0,INTERNET,4.679595387331373,macintosh,1,1,0,2
0,0.9,0.0365629947937509,-1,155,40,0.0011364956684944,-0.632520800697429,AB,812,9340.60207450802,5445.790238271095,6740.547652837133,1624,3,CA,197,0,BE,0,1,20,0,1000.0,0,INTERNET,7.730056063485581,windows,0,1,0,0
0,0.2,0.1306058146961438,-1,47,30,0.0007686500977471,-0.4679585038273327,AB,1120,1309.5622821585926,6169.791612010282,5408.307105713578,34,15,CB,40,0,BB,1,1,10,0,500.0,0,INTERNET,10.321600357755292,windows,1,1,0,1
0,0.2,0.8753917960333492,-1,186,40,0.0175767933903675,20.745570871854067,AA,2055,6806.1063489911085,5406.364186973905,5547.228827702274,1483,3,CA,114,1,BB,0,1,22,0,500.0,0,INTERNET,6.960689397493062,windows,0,1,0,2
0,0.2,0.8978857458326639,-1,130,40,0.007257884807909,-0.2747821378926998,AB,1932,8734.977289460798,6104.990843761202,5185.796783974114,11,19,CA,269,0,BA,0,1,5,0,1000.0,0,INTERNET,3.3785147540213663,windows,0,1,0,3
0,0.9,0.5281635070746139,51,6,30,0.0104477519919435,-1.6133593998948734,AC,908,3039.507424357659,3447.4233430065924,4109.997057294974,0,11,CA,83,1,BB,1,1,-1,0,200.0,0,INTERNET,6.186562880429982,other,1,1,0,6
0,0.8,0.8780841509266112,-1,222,30,0.0007168620809423,-1.026945674591994,AB,2015,4848.113874670837,3315.680280502844,3069.075863573738,13,6,CA,338,0,BA,1,1,28,0,1500.0,0,INTERNET,3.3210409215167926,other,1,1,0,7
0,0.2,0.868829879136053,-1,191,20,2.244153645321417,-1.4813704540744388,AC,1555,7461.333026598917,5643.149332079979,4438.4515890522725,0,8,CA,113,0,BE,1,1,-1,0,200.0,0,INTERNET,6.797516326122085,linux,0,1,0,4
0,0.8,0.0727325783278248,-1,41,30,0.0090691635580074,17.878973527496697,AA,1226,6098.817420120706,2954.624581653885,4892.364769640971,11,11,CA,169,1,BA,0,1,16,0,1500.0,0,INTERNET,1.9643277567764383,other,0,1,0,3
0,0.1,0.1543139708216028,-1,133,20,25.59748251060104,-1.1184357155304745,AC,827,5454.45865992841,8598.471898765518,5524.407671844694,0,22,CA,38,1,BB,0,1,-1,0,200.0,0,INTERNET,46.37285897856128,other,1,1,0,1
0,0.8,0.574550719859817,-1,37,10,0.0218504880155725,-1.5521434712291111,AD,520,6856.549786748408,6582.638713763933,5444.323942195269,1,2,CA,95,0,BB,1,1,1,1,200.0,0,INTERNET,14.15175436757834,windows,0,1,0,1
0,0.9,0.8107835975023918,-1,21,30,0.0173639202275511,-1.1971117088428078,AC,3110,10006.392812572014,3295.355740971865,4900.524673581919,1,18,CA,193,0,BC,0,1,-1,0,1000.0,0,INTERNET,4.788558906362264,linux,1,1,0,3
0,0.5,0.2557204629077195,-1,23,30,0.0102377754864483,39.91731002775264,AA,1476,8265.961437238158,6218.109574655388,5469.725240432759,1,19,CA,39,1,BC,0,1,15,1,200.0,0,INTERNET,3.727723380962484,linux,0,1,0,1
0,0.7000000000000001,0.1347945970924536,48,2,20,0.0027656221464446,-0.8330943737418711,AC,2231,4659.887620781326,2827.315409688841,4347.65579786644,1,13,CF,152,0,BB,0,1,-1,0,500.0,0,INTERNET,6.635215467979199,other,0,1,0,6
0,0.6000000000000001,0.4109895656904756,28,4,20,0.0160397945508061,-0.7914356924594859,AC,915,3147.274396875685,2620.6430264736314,3078.755394895827,1,9,CA,166,1,BC,0,1,10,0,200.0,0,INTERNET,10.952618479481028,linux,0,1,0,7
0,0.8,0.5177120586211114,-1,52,50,0.0227748670841918,-1.6878659166852563,AD,4300,9870.655359118173,6118.602333598886,6304.414504460367,2,26,CB,166,1,BA,0,1,1,0,1500.0,0,INTERNET,5.290512785012114,other,1,1,0,0
0,0.4,0.4569629966259141,-1,48,30,0.0068146236190579,-1.2155295554837258,AB,901,852.6434141239165,2992.899851577001,3090.094413868212,14,14,CB,104,1,BC,1,1,6,1,200.0,0,INTERNET,0.7466451802780094,other,1,1,0,7
0,0.7000000000000001,0.8235217533962947,-1,42,30,0.0138941449412017,49.162239577178354,AA,963,5877.688124757243,2597.362162357165,3931.002504642358,8,7,CA,141,1,BC,0,1,1,0,200.0,0,INTERNET,4.5701655574812,other,1,1,0,6
0,0.3,0.5119403300734576,-1,148,40,0.0085818124302172,49.296526648380286,AA,3967,793.3149307259819,6768.861493484716,6080.715159797153,3,7,CA,209,0,BA,1,1,28,0,1500.0,0,INTERNET,3.8125366852824505,other,1,1,0,0
0,0.9,0.7608206821836302,-1,47,30,0.0214512577535221,-0.4121015104840915,AA,352,10956.07811983312,8472.26284144588,5341.6055305900345,7,15,CB,52,0,BE,0,1,5,0,1500.0,0,INTERNET,5.554708623169364,windows,0,1,0,1
0,0.4,0.196714356627097,-1,10,40,0.0066367949863876,-0.9600961216323772,AB,2023,9774.94267549395,8690.34794123047,4766.530838996057,208,8,CA,183,1,BC,0,1,2,0,1500.0,0,INTERNET,7.243607746359989,linux,0,1,0,3
0,0.4,0.2528778158471741,-1,37,30,0.0268059943358466,-1.5369891589583813,AB,1561,3249.326633132452,6978.937955684624,4262.554121238535,225,18,CA,88,0,BC,0,1,19,0,200.0,0,INTERNET,5.972907250158247,linux,0,1,0,5
0,0.9,0.0831990937007898,-1,14,10,0.0103280963934773,-0.5643258799943285,AB,292,4016.957349821421,2677.6876150052544,3121.3492985891216,11,6,CE,108,1,BC,1,1,25,0,200.0,0,INTERNET,0.9021286717121364,windows,0,1,0,7
0,0.4,0.199464369164233,-1,31,40,0.0486830227524109,-1.7255519806144504,AD,994,4088.909736039321,4577.2379979439975,4764.726231855265,11,10,CA,116,1,BB,0,1,1,0,200.0,0,INTERNET,1.1181694199530656,other,1,1,0,3
0,0.4,0.2047361308532268,-1,195,40,0.0272005220074665,-0.9565524576848078,AB,836,717.0918573133267,2932.270779208937,4361.7540258996505,1459,8,CA,189,0,BE,1,1,15,0,1500.0,0,INTERNET,3.142389076791233,windows,1,1,0,5
0,0.9,0.0806545254294453,-1,131,40,0.0311953010154655,-0.7224446166642425,AB,4767,6201.4311580883,4826.441881560678,5180.544529358464,784,8,CA,57,0,BA,1,1,1,0,200.0,0,INTERNET,4.221109896253719,windows,0,1,0,2
0,0.9,0.9034665950929468,-1,39,30,0.0078821079314589,-1.3376422156522207,AC,1216,3012.9598778452832,4104.873999573147,5079.032195235955,1,6,CA,52,0,BC,0,1,-1,0,200.0,0,INTERNET,1.8381494685941813,macintosh,1,1,0,4
0,0.7000000000000001,0.8219148486074523,-1,34,30,0.0236481141559312,9.703992222393524,AA,1731,2724.943200318928,5830.406599665341,4941.640237544763,1479,7,CB,144,0,BC,0,1,6,0,500.0,0,INTERNET,1.5642844172458583,other,1,1,0,4
0,0.1,0.5682920893954156,-1,195,20,0.0367572548714916,-1.0718144227026458,AB,662,3656.838320356299,1999.8246322982088,3085.48246933558,13,5,CD,107,0,BB,1,1,10,1,200.0,0,INTERNET,3.5353834846144294,linux,1,1,0,7
1,0.8,0.2144752341341797,-1,263,40,0.0119998456008985,-0.546612387323536,AB,797,2214.135102391843,4839.151613002523,4288.036036850595,2,15,CA,148,1,BA,0,1,30,0,1000.0,0,INTERNET,4.350159435814708,windows,0,1,0,4
0,0.2,0.4874485246192702,-1,322,30,0.0136702787567968,49.80932573443424,AA,671,5189.923639269729,6414.53538543922,5535.5042912204135,2,24,CA,72,1,BE,0,1,15,0,500.0,0,INTERNET,6.15260660841968,other,1,1,0,1
0,0.1,0.7980703019759169,-1,24,20,0.0045391202039937,50.28772105497789,AA,2910,6436.928950184856,4863.741902436564,5087.010812464469,1470,8,CA,225,1,BC,0,1,21,0,1500.0,0,INTERNET,24.25703975702204,macintosh,1,1,0,1
0,0.9,0.5926922302368802,21,24,30,0.0187810015517584,-0.8543904186468151,AB,869,5630.857632830501,3549.5999718441008,4165.400920555905,11,11,CA,113,1,BC,0,1,15,0,500.0,0,INTERNET,2.017938428177466,linux,0,1,0,3
1,0.7000000000000001,0.8168467119263312,-1,82,40,0.0081462147354915,-1.855309325429208,AC,795,2254.424399248568,2918.729401112372,4155.350680121229,1,3,CA,185,1,BB,0,1,-1,0,1000.0,0,INTERNET,20.430613675155204,linux,1,1,0,6
0,0.1,0.3477346709948829,-1,58,50,0.0033406837227992,-1.18509407685276,AC,1950,5169.731178962303,3353.114500130209,3139.472000713236,0,7,CF,156,1,BB,0,1,-1,0,200.0,0,INTERNET,22.50016008400064,linux,1,1,0,3
0,0.1,0.7721572308039537,-1,182,20,0.0435989831445899,-1.6359300594507549,AB,1973,7593.864588051388,7262.137066754422,4274.756464281491,15,23,CA,40,1,BE,0,1,25,0,200.0,0,INTERNET,22.989531361056667,linux,0,1,0,5
0,0.3,0.4933587884249296,-1,52,30,0.0125358245596565,-0.9109993138313636,AC,3419,2267.227680805603,4720.0324902658,5581.230310654542,0,8,CA,-23,1,BB,0,1,-1,0,200.0,0,INTERNET,12.785746794885954,windows,1,1,0,2
0,0.4,0.5894217807616742,-1,41,30,0.0045766341394774,50.44661291757525,AA,4373,2588.507702360167,3428.2483377295234,5588.607131242851,7,11,CB,60,0,BE,0,1,7,0,200.0,0,INTERNET,6.6394028115884725,other,1,1,0,2
0,0.2,0.8762539647259457,34,18,30,0.0044109078454729,-1.0251814698324029,AC,1349,4162.228610477177,3110.4511678262734,5647.282601980352,1,12,CA,81,1,BC,0,1,-1,0,200.0,0,INTERNET,5.086931770497672,linux,0,1,0,2
0,0.4,0.8853042920713055,-1,81,20,0.0051993615579718,-0.3639984845681081,AB,948,4873.349354163277,6712.912282471509,5322.683722739491,14,13,CA,102,1,BB,1,1,15,1,200.0,0,INTERNET,5.179558905666605,macintosh,0,1,0,2
0,0.5,0.3227258872006281,164,53,20,69.99816332220226,-1.0256979576025704,AC,1984,6179.667148800992,4807.410581153529,4162.2968145873165,0,7,CA,141,1,BC,0,1,-1,0,200.0,0,INTERNET,18.09314609465412,windows,0,1,0,1
0,0.9,0.8819130517812016,-1,146,40,0.032611789580902,-1.0569239434050863,AB,961,3938.572181337979,4905.727537811972,5218.323524469364,2047,10,CA,185,0,BA,1,1,2,0,500.0,0,INTERNET,2.6192544163610934,other,1,1,0,2
0,0.9,0.4935507712483322,-1,154,40,0.012477916675882,-0.3291424322788343,AD,813,14102.754840655018,6495.009489195782,6458.412204702231,41,7,CB,122,0,BA,0,0,2,1,1000.0,0,INTERNET,5.1094729278950535,linux,0,1,0,0
0,0.9,0.6333540535836654,-1,66,40,16.5064493764597,-1.1811556047655338,AC,666,7621.733248709809,6707.405432020321,5547.646694383349,0,12,CA,145,1,BD,1,1,-1,1,200.0,0,INTERNET,4.22731586471681,linux,0,1,0,2
0,0.6000000000000001,0.7941010128790144,-1,135,40,0.001002861266622,-0.3877474975886326,AB,781,3685.759260216724,2542.140437476009,3168.483115920542,2,7,CA,101,0,BD,1,1,1,0,200.0,0,INTERNET,11.002051916580724,other,1,1,0,7
0,0.9,0.2531341647544011,152,5,60,0.0021272108577903,-0.7701922942429253,AC,66,3166.648395827967,3101.385990803681,3092.3861899297112,0,2,CA,153,1,BD,1,1,-1,0,200.0,0,INTERNET,1.572939943089824,linux,1,1,0,7
0,0.9,0.8381808588622437,33,19,30,0.0039548735702586,-1.5472963450917432,AA,1684,6194.899961832559,4762.319445500501,4997.655302425511,1,16,CA,168,1,BC,0,1,1,0,500.0,0,INTERNET,19.0730442291781,linux,1,1,0,4
0,0.1,0.6226889406985572,-1,63,20,0.0198033100513213,15.47665724635826,AA,1504,4008.58751906373,5529.590159895944,4857.460459071245,735,8,CA,141,0,BE,0,1,4,0,200.0,0,INTERNET,4.161699461068877,windows,1,1,0,3
0,0.7000000000000001,0.1591471655114375,-1,102,40,0.0053542825677751,-1.3053721041486757,AC,1068,6410.462412562566,4400.765018868116,5333.715652362847,1,13,CA,61,1,BA,0,1,-1,1,200.0,0,INTERNET,2.489070240569436,linux,0,2,0,1
0,0.9,0.3343599128763114,-1,64,20,0.0222872683782207,-0.8272664592986935,AB,1712,1108.0385952656195,6607.482060160652,5976.285541565548,3,18,CA,104,1,BE,1,0,28,0,500.0,0,INTERNET,4.9131221680682575,windows,1,1,0,0
0,0.8,0.873423228788629,94,2,20,0.0072917125057121,-1.5693454236633508,AC,2861,11767.380482411609,5765.473755174121,5541.020069877674,1,14,CA,141,0,BB,0,1,-1,0,200.0,0,INTERNET,12.137026259781956,linux,1,1,0,2
0,0.9,0.2067723881208366,32,23,30,0.0102263408741693,48.36970806694874,AD,3288,8543.752783814822,5723.782461893958,5174.589799790538,34,9,CA,109,0,BC,0,1,16,0,210.0,0,INTERNET,5.702820154443303,other,0,1,0,2
0,0.1,0.1569957465458564,-1,55,20,0.0100044291535664,17.682116510105942,AA,1193,9728.25993079897,5087.458576787817,4266.680253620842,4,10,CA,54,0,BC,0,1,20,0,200.0,0,INTERNET,2.6835531705087203,linux,0,1,0,2
0,0.8,0.3533394841872456,52,3,20,0.0048649755311034,-0.923160485930288,AC,764,2561.921159420214,2817.5844804501007,3728.259696675852,1,15,CA,199,0,BC,0,1,-1,0,1000.0,0,INTERNET,16.976943713835766,linux,0,1,0,5
0,0.3,0.4309432923335869,46,1,30,0.0130021788958369,-1.048124852925742,AB,369,2009.9369950536145,3137.544889030121,3146.51396854523,15,4,CA,121,0,BB,0,1,1,1,200.0,0,INTERNET,1.9579899794840152,linux,1,1,0,7
0,0.5,0.436084529464561,-1,378,30,0.021701111317421,41.10409092701634,AA,5705,3527.418312811964,4675.629947823318,6387.064694091837,4,21,CB,113,0,BC,1,1,30,0,1500.0,0,INTERNET,7.565568401501332,other,0,1,0,1
0,0.2,0.1422154846724738,-1,216,70,0.0278715466070071,-1.764189450214941,AB,1509,7790.043002258291,3346.434447716917,4192.034909609339,7,1,CC,289,1,BB,1,1,10,1,1000.0,0,INTERNET,11.775869776279135,linux,0,1,0,5
0,0.2,0.6865444095680091,-1,252,30,0.0159338653373874,52.48425023792099,AA,802,4845.063054757544,4789.682136028464,3440.1542123480485,11,5,CA,105,1,BE,0,1,26,0,200.0,0,INTERNET,16.221137861635412,linux,0,1,0,5
0,0.1,0.9982235542493118,-1,24,30,2.632360847503516,4.581808690639821,AA,1006,7549.299582178307,4468.233489801828,4273.90247089503,1499,15,CA,152,0,BE,0,1,11,1,500.0,0,INTERNET,12.201533755379211,other,0,1,0,6
0,0.8,0.770879813535585,-1,187,40,0.8160203180908087,6.236449423048043,AA,464,3656.391832379405,6809.0392744833325,4265.698248829664,14,7,CA,152,1,BD,1,1,22,0,500.0,0,INTERNET,11.830905181226631,macintosh,0,1,0,6
0,0.1,0.5616163926210769,-1,129,30,0.0169277423242991,-0.799301520091819,AC,783,2468.618001078137,4064.319810320677,4997.99005137253,1,6,CF,75,1,BC,1,0,-1,0,200.0,0,INTERNET,20.491196096485776,linux,1,1,0,3
0,0.6000000000000001,0.8971810244873851,-1,44,40,0.0125057873812579,-0.969736329246322,AC,2708,6009.582072826274,4701.244938109366,4403.244167880155,0,5,CA,119,0,BB,0,1,-1,1,200.0,0,INTERNET,4.734352631908687,linux,0,1,0,6
0,0.7000000000000001,0.5243026753247018,-1,238,30,0.0140323869380784,-0.8206316542317698,AC,2250,6176.693498218301,4225.993670640099,5355.609142135035,0,9,CA,217,1,BA,1,1,-1,1,1500.0,0,INTERNET,8.209435732375379,linux,0,1,0,1
0,0.9,0.2244905336263098,35,311,30,0.0035241096062337,-0.8926656368959471,AC,2004,2793.3233163329364,6384.758642657399,4253.265379750087,6,11,CF,212,1,BA,1,1,-1,1,1500.0,0,INTERNET,19.26795579909655,linux,0,1,0,6
0,0.9,0.0574865221048099,29,2,20,72.45771899721339,-0.7578013167717832,AC,993,1873.760392262076,5973.48801531432,5160.800263847241,1,8,CB,83,1,BB,0,1,-1,0,200.0,0,INTERNET,16.17720696359768,other,0,1,0,3
0,0.8,0.9070333702579972,-1,208,50,0.0114326783228521,-1.2591544079163075,AB,1704,5783.271890806024,5703.330992424745,5013.026601306698,2,4,CC,163,0,BB,1,0,29,1,200.0,0,INTERNET,4.848268838734271,windows,0,1,0,4
0,0.8,0.6206194193705802,-1,36,20,0.04131763854845,25.54136814558598,AA,2084,6211.569835990866,7244.076984938705,5917.357131214762,18,12,CB,46,1,BC,0,1,1,0,1500.0,0,INTERNET,4.6450442742156834,other,1,1,0,0
0,0.5,0.1750088111643882,25,24,20,0.0208751828761331,-0.8689041850026886,AD,2135,3745.0708611483938,8637.83410566398,5310.616322176998,232,9,CA,72,1,BC,0,1,10,0,200.0,0,INTERNET,2.2476699767417467,other,0,1,0,1
0,0.7000000000000001,0.7107734809471846,49,3,40,0.0068689679275098,-1.4794313794956584,AB,1095,3273.920219235586,2784.650165505732,3127.396633485097,17,4,CA,106,0,BC,1,1,29,0,200.0,0,INTERNET,1.6148311530684811,other,1,1,0,7
0,0.6000000000000001,0.2781428690082442,-1,65,50,0.0369678069474317,22.85152292993364,AA,1214,8010.310985469178,5251.37539782661,5167.800045857997,6,5,CA,29,0,BE,1,1,25,1,200.0,0,INTERNET,4.780436708394203,windows,0,1,0,2
0,0.2,0.804571182703161,-1,261,50,0.0056649467153906,-0.5753652338654971,AB,2969,4124.550315689691,5838.077541468223,5483.369549341538,14,2,CA,292,1,BA,1,1,5,1,1500.0,0,INTERNET,3.959989624868376,windows,0,1,0,2
0,0.9,0.5633747345719907,-1,34,30,0.0244391548938516,-1.1961153439306016,AB,1465,1704.7172251121772,2849.060673299666,4155.101913390325,45,5,CA,123,0,BC,0,1,1,1,1000.0,0,INTERNET,7.728245219642511,other,1,1,0,5
0,0.6000000000000001,0.9243078739424088,-1,242,60,0.0242472555039295,31.37154564672773,AA,1321,3149.9440699092665,5154.3874366138125,5630.438414586905,1596,2,CD,109,0,BB,0,1,10,1,200.0,0,INTERNET,26.83137005151184,macintosh,0,1,0,2
0,0.7000000000000001,0.4611680147139074,-1,180,20,0.0024185246827391,-0.4417777920429845,AD,860,6613.336726360287,4762.002460040061,4408.081859214054,15,10,CA,140,1,BE,0,1,1,0,200.0,0,INTERNET,4.702264129251878,windows,0,1,0,4
0,0.5,0.1733607948441587,-1,239,60,0.008111479220821,-0.4651717480871913,AC,1306,5357.04230119856,4200.4663650275925,4236.894400225918,0,5,CD,132,0,BB,1,0,-1,0,200.0,0,INTERNET,3.70920742777672,windows,0,1,0,5
0,0.5,0.5011183523353685,51,10,30,0.0338375121128261,-1.6408644594087132,AB,1923,9526.776194853272,6647.617321854455,6748.064756066754,1546,13,CA,66,0,BC,0,1,25,0,200.0,0,INTERNET,3.2319333489480377,other,1,1,0,0
1,0.8,0.1994501202456065,-1,50,40,0.0096570629016966,-0.3198796183827184,AB,1049,6472.5988195768105,4108.287455635928,4182.343131301317,45,6,CA,14,1,BB,1,1,28,0,200.0,0,INTERNET,4.366896549485098,windows,1,1,0,5
0,0.3,0.995960160177688,54,3,10,18.39353298791613,-1.286199498087579,AD,1010,3353.5422733906207,3525.265622229779,3097.909775706157,7,13,CA,97,0,BC,0,1,22,0,200.0,0,INTERNET,26.89385219515196,windows,0,1,0,7
0,0.6000000000000001,0.8797144506222804,74,24,20,6.808401824430176,-1.1243422750266692,AC,4086,6764.110543929535,4616.120147540147,6794.9701587178015,0,21,CA,137,0,BC,0,1,-1,0,200.0,0,INTERNET,7.917443348066349,linux,0,1,0,0
0,0.8,0.9957259529409554,61,6,20,0.0144827174577446,-0.7907555438633296,AB,1091,5378.64270284288,6293.161100640417,5545.2219435718725,13,13,CA,36,0,BC,0,1,1,1,200.0,0,INTERNET,4.65624588338534,windows,0,1,0,1
0,0.9,0.1751109026143301,125,6,40,2.906143237080652,-0.4324935967331957,AA,1104,3046.206827008981,2948.993945548841,3727.5570255037487,11,11,CA,178,1,BA,0,1,1,1,1000.0,0,INTERNET,5.140092175911487,macintosh,0,1,0,7
0,0.2,0.2063867173948553,-1,29,30,0.0033480966174332,-0.7242502927375917,AB,2081,5734.341717429633,4984.335753659443,4086.6805522067134,2,8,CA,164,1,BC,0,1,25,0,200.0,0,INTERNET,10.836655242814826,other,1,1,0,6
0,0.9,0.0016801738760558,149,8,30,0.0058216279845248,-1.5128650074660983,AB,368,3977.842726922987,2502.5456953303383,3083.9688421770275,13,5,CA,163,0,BA,1,1,1,1,200.0,0,INTERNET,3.3137563488102386,linux,0,1,0,7
0,0.3,0.9204354571708264,-1,161,20,0.0090778539138936,-0.9121101275789166,AB,1557,10169.676135546017,5170.822646111962,5442.220046128792,12,8,CE,184,0,BB,1,1,20,0,1500.0,0,INTERNET,8.288484536228644,linux,0,1,0,1
0,0.8,0.6005241814344635,-1,17,30,0.0391711100116232,-1.508878651321941,AB,2170,3655.777426046336,2760.334697944339,4241.885856783734,7,6,CA,128,1,BE,1,1,1,0,200.0,0,INTERNET,3.9295506161468623,windows,1,1,0,5
0,0.8,0.7741310617661561,-1,44,30,0.0287738696868377,-1.7790463501592138,AB,3420,8558.1731168273,4606.445053621299,6286.093540659202,1373,15,CC,91,1,BE,0,1,1,0,200.0,0,INTERNET,4.190284660471662,other,1,1,0,0
0,0.3,0.218331662853813,-1,66,20,0.0081505701040985,-1.3368942920089504,AB,1246,5971.877824945785,6112.000673789712,3497.311070144233,1,11,CD,9,1,BB,0,1,1,0,200.0,0,INTERNET,5.1595746405906295,linux,1,1,0,0
0,0.1,0.8954512262103613,-1,292,30,0.0198911847839597,-0.981855275014326,AC,1221,4935.569048028849,3402.401471681583,5556.90299711265,0,25,CA,151,1,BA,0,1,-1,0,200.0,0,INTERNET,8.609816106453888,other,0,1,0,1
0,0.7000000000000001,0.8179503713059961,-1,40,40,0.0119856778373919,-1.0829534052207008,AB,1876,3975.21346849506,4359.065843906481,4667.416726472279,2,12,CA,217,1,BC,0,1,-1,0,1500.0,0,INTERNET,5.6888813372122335,windows,0,1,0,3
0,0.2,0.6233340054274437,-1,142,50,0.0097120056276175,-0.6789301452194381,AB,929,5043.360153034904,4738.140628464351,4360.283631441452,17,5,CB,60,0,BB,1,1,15,0,200.0,0,INTERNET,2.758056192078367,linux,1,1,0,4
0,0.9,0.3865020882384392,50,1,30,0.000705277412113,0.0431359055968689,AB,205,1186.1204248029087,3136.9685722361733,3114.322311166231,1,7,CA,225,1,BA,1,1,5,0,990.0,1,INTERNET,9.698721481381297,linux,1,1,0,7
0,0.9,0.1176583966974758,-1,229,20,0.0090294097986557,-0.5154760286418567,AB,1418,4188.420954797988,2692.5927484315853,4265.810586168312,14,3,CA,-49,0,BA,0,1,1,0,500.0,0,INTERNET,1.5473745638559937,other,0,1,0,5
0,0.1,0.5460312316324756,-1,21,20,0.0205429148394301,-1.403626961588084,AC,3129,9489.98137514491,6648.909001799525,6762.12229890819,1,14,CA,76,1,BB,0,1,-1,0,200.0,0,INTERNET,4.671580599778953,other,1,1,0,0
0,0.9,0.1651619029859284,-1,163,30,0.0062590075527575,46.23443905171232,AC,1058,4127.686309326938,4169.331706979434,4980.875661384568,1,13,CA,106,1,BC,0,1,31,0,500.0,0,INTERNET,2.9454243027513867,other,1,1,0,3
0,0.6000000000000001,0.0764299887145511,48,14,20,0.0058186666563672,-1.3976431241942533,AD,462,5951.025329647621,3764.015568050415,4929.616327538472,4,8,CF,118,1,BB,1,0,31,0,200.0,0,INTERNET,1.8565138503704304,linux,1,1,0,3
0,0.4,0.5802883363670777,119,5,40,7.957610595611722,-0.292453719406712,AC,2878,2902.353116864467,5290.211772546784,4218.712909307077,0,5,CA,100,0,BC,0,1,10,1,2000.0,0,TELEAPP,3.6756483823608335,linux,0,1,0,5
0,0.6000000000000001,0.0345373551390143,-1,187,20,1.318312474721812,38.99711460726626,AA,2941,9943.719453806942,5418.726060555886,4274.135561632121,16,9,CA,111,1,BE,0,1,1,0,1500.0,0,INTERNET,4.328723310237334,linux,1,1,0,5
0,0.7000000000000001,0.6607252212175945,-1,116,30,0.0238977549022238,-1.2506966916532731,AC,2477,5852.785659879699,6772.058766637051,5335.809053241586,0,8,CA,160,1,BB,1,1,-1,1,200.0,0,INTERNET,19.854729752162108,windows,0,1,0,1
0,0.6000000000000001,0.4835978987760317,30,15,30,0.0004914042259631,-0.184606899809971,AC,456,386.71002714329,3278.855780457185,4259.213886467445,0,2,CA,214,0,BA,1,1,-1,0,1500.0,0,INTERNET,7.419419402402072,macintosh,0,1,0,5
0,0.7000000000000001,0.1137354190450473,-1,31,20,0.0156412259725217,-1.6927247869114763,AD,1300,7591.704509182858,5453.145827855955,4288.162037991216,11,17,CB,67,0,BE,0,1,1,0,200.0,0,INTERNET,4.880105465806613,other,1,1,0,4
0,0.3,0.3526861032927232,-1,19,20,0.0267545001822822,-1.189045716215178,AB,1512,5909.990509574195,3729.895749486215,3097.884834698487,10,5,CA,140,1,BC,0,1,11,0,200.0,0,INTERNET,4.505626238721283,macintosh,0,1,0,7
0,0.6000000000000001,0.1010012806435168,-1,146,20,0.0187574086099858,-1.1210247940498657,AB,1651,1783.459753658205,2356.27089094865,4129.845666273959,25,5,CB,114,1,BA,1,1,30,0,200.0,0,INTERNET,4.010269470479733,linux,1,1,0,6
0,0.9,0.0744396500692944,27,7,30,0.0335382154814967,-1.1162151077988085,AC,796,5420.085579281825,4665.849422846833,4974.0501419434295,0,9,CA,176,1,BB,0,1,-1,0,500.0,0,INTERNET,5.621194512502093,linux,1,1,0,4
0,0.9,0.8769693388524696,-1,304,30,0.0296981000125331,41.87282556260092,AA,1667,6787.511379453274,5016.570819801496,4610.887997878906,1993,11,CA,183,0,BA,0,1,1,1,1500.0,0,INTERNET,2.3735469240105376,windows,0,1,0,3
0,0.6000000000000001,0.3509572481727161,-1,55,30,0.0092216446685422,26.06733959542745,AA,1130,5672.8104208236,2456.278617332173,3655.901219450494,15,6,CA,247,0,BA,0,1,16,0,200.0,0,INTERNET,5.873578671207179,other,1,1,0,6
0,0.7000000000000001,0.8911852066552365,86,6,20,0.0002167718138352,-0.3400168310088782,AB,1127,7283.3107704016675,3490.408205626521,5558.786484370785,14,1,CB,123,0,BB,1,0,6,0,200.0,0,INTERNET,27.92544424975556,windows,1,2,0,1
0,0.7000000000000001,0.5371905021246004,-1,24,40,0.0284502891564019,-0.3845219522081462,AB,685,13413.531704035042,6661.107568906704,5104.685418593882,2,7,CA,339,0,BA,1,0,1,0,1500.0,0,INTERNET,12.992053774584448,other,1,1,0,4
0,0.4,0.8004575535599411,-1,54,20,0.0065406221770406,-1.125793790619033,AD,1185,3013.826362400948,3847.46470953748,4297.934770925515,5,10,CB,84,0,BC,0,1,15,0,200.0,0,INTERNET,17.160523878662087,linux,1,1,0,5
0,0.9,0.7587290762238398,-1,131,50,0.0404661661473607,-0.7215691665599666,AB,1247,3303.1733245122937,2708.325515303731,5495.96364952661,523,7,CA,171,1,BB,1,1,30,0,1500.0,0,INTERNET,4.620130896515224,windows,1,1,0,1
0,0.6000000000000001,0.1666929887725768,-1,33,30,10.562489456451946,-0.5120482339144261,AC,1175,5165.063819947007,3661.166777794839,5580.237645169477,1,7,CD,237,0,BC,1,0,-1,0,200.0,0,INTERNET,11.360819579362678,other,0,1,0,3
0,0.4,0.4636316311440944,26,2,40,0.00506471162187,-0.6821481824515172,AC,622,2779.497885322858,2154.587803014143,3562.41951573611,7,10,CA,135,0,BC,1,1,-1,0,200.0,0,INTERNET,2.2383436790058013,linux,1,1,0,7
0,0.5,0.8451497109400864,9,26,20,0.0133836721603599,-1.0817787385931117,AC,2474,8609.355696112327,6234.360863200159,4977.653062983443,0,10,CA,122,1,BC,0,1,-1,0,200.0,0,INTERNET,6.303007541484339,other,0,1,0,3
0,0.8,0.8933718664135796,-1,30,50,0.0196272889685312,-1.4678920053529556,AD,1674,6127.638769849113,3400.7046296165227,4887.337803515852,35,7,CB,108,0,BB,1,1,15,1,200.0,0,INTERNET,8.688885034814572,linux,1,1,0,4
0,0.9,0.1195132580967992,-1,47,40,0.8755202050498032,-0.6882818914525082,AC,1314,6163.530719762671,4854.962087651948,5383.307067422718,0,4,CA,313,1,BA,1,1,-1,0,1500.0,0,INTERNET,7.743213254335339,windows,1,1,0,2
0,0.3,0.9361852567075925,-1,132,20,0.0059126740133082,-0.975391903668076,AC,2034,4272.795029551308,5802.200687756994,4818.110319376337,1,19,CA,211,0,BE,0,1,-1,0,500.0,0,INTERNET,7.130637781974528,macintosh,1,1,0,4
0,0.1,0.5246591928347331,-1,56,30,0.0047710981322595,-1.4797670273480337,AB,3690,2261.1190520791297,3914.1468507605714,4864.949149968397,1425,7,CA,69,1,BB,1,1,30,0,200.0,0,INTERNET,4.168999595658484,linux,1,1,0,7
0,0.1,0.0462039352290316,30,27,40,0.0020401174296954,-1.3817189465569977,AC,1187,3055.004624104381,2598.867057684793,4247.582431148769,6,10,CA,118,1,BB,0,1,-1,0,200.0,0,INTERNET,9.110027492387994,linux,1,1,0,5
0,0.3,0.0744222215874831,-1,49,50,0.0114277196864633,26.26705990971508,AA,1866,14331.915296653364,5456.181778375637,5135.539569601349,4,4,CA,221,1,BC,1,1,29,0,200.0,0,INTERNET,17.368329299725932,windows,0,1,0,2
0,0.7000000000000001,0.9030516480945135,-1,72,20,0.0306447549507854,-1.188212222092449,AB,2505,9002.150125048685,5213.202762561089,4363.649969292075,3,7,CE,33,0,BE,0,1,1,0,200.0,0,INTERNET,2.9546111545174507,linux,0,1,0,4
0,0.8,0.8642613721900229,30,2,20,0.0058333295559657,-0.9926281050255537,AB,1501,3662.500819518064,2702.456517676177,4885.499588493379,1793,11,CA,157,1,BB,0,1,2,0,500.0,0,INTERNET,4.514514422039516,macintosh,1,1,0,4
0,0.7000000000000001,0.262255749921284,-1,121,30,2.318272359292626,-1.2071109264171755,AC,3908,4044.665902190761,4651.580717578951,4161.053131197799,0,5,CA,258,0,BA,0,1,-1,0,500.0,0,INTERNET,4.772119940846902,other,0,2,0,6
0,0.8,0.0712045066879841,12,-1,40,0.0322432337172212,-1.0115865565618494,AD,2071,3752.7786902211415,3408.051907374705,5315.282436557263,28,6,CA,111,1,BC,1,1,15,0,200.0,0,INTERNET,10.59980361691698,linux,1,2,0,2
0,0.6000000000000001,0.1701775394426041,129,10,30,69.05730257613754,-1.0699558926263677,AB,1180,3696.387856575925,3803.725740987412,6686.6469976347535,8,9,CA,59,1,BC,1,1,-1,0,200.0,0,INTERNET,2.2747998235916813,linux,1,1,0,0
0,0.5,0.3314324229821488,-1,57,30,0.017707239317904,34.917386077615994,AA,1301,6875.532364879503,3684.362144319161,6302.142062656473,213,15,CA,242,0,BC,1,1,2,0,1500.0,0,INTERNET,4.875053214765557,linux,1,1,0,0
0,0.9,0.6618209021870571,96,37,40,0.0055227343333454,-0.6705847374091449,AC,1704,9855.68951745361,7369.509335289395,6729.127294580966,0,13,CA,36,0,BC,0,1,-1,0,200.0,0,INTERNET,9.459841466269127,other,1,2,0,0
0,0.1,0.4168920414954816,9,111,30,0.0110233685147788,51.972145916887605,AB,745,9574.818866159843,7064.262943806944,5323.357784966624,503,15,CA,77,0,BC,1,1,5,1,200.0,0,INTERNET,3.435161021239128,windows,1,1,0,1
0,0.4,0.8981858772249494,-1,21,30,0.0002662311450309,-0.9093687120902012,AD,2524,10942.152825796024,4573.484486168923,5625.686497639084,5,24,CA,104,1,BC,0,1,6,0,200.0,0,INTERNET,5.831210481289919,linux,1,1,0,5
0,0.9,0.3959617429450492,43,10,30,0.016139931894662,-0.5103203288111453,AD,591,2366.1743889669715,3751.428435644968,5180.54562816419,38,10,CA,124,0,BC,0,1,1,0,200.0,0,INTERNET,17.24039185174852,windows,1,1,0,3
0,0.4,0.2854637419957589,-1,193,40,0.0216499340509555,-0.6673006060586995,AB,1145,5354.335022920168,9474.913484703524,5509.709678838126,2065,7,CA,62,1,BC,0,1,4,0,200.0,0,INTERNET,2.073704705035591,linux,1,1,0,1
0,0.2,0.8653201153622521,31,18,30,24.04134539262141,-0.9392583371257744,AD,2337,4509.384465129119,3942.085022462693,5910.713792870409,0,18,CB,77,1,BC,1,1,31,0,200.0,0,TELEAPP,2.6808212773346005,other,0,0,0,0
0,0.7000000000000001,0.427482922407124,-1,75,40,0.0382004718936543,-1.931536171937315,AD,1275,6138.65505637515,4607.607968704718,5344.79196073642,8,5,CA,51,0,BB,1,1,2,0,200.0,0,INTERNET,1.9371934727559008,linux,1,1,0,1
0,0.6000000000000001,0.4964917741803764,-1,11,20,21.34537859908666,-0.5612530525936823,AB,1552,4782.967883728024,5830.536186977334,6776.634703539999,830,15,CA,122,1,BE,0,1,1,0,200.0,0,INTERNET,6.2413458313907935,linux,1,1,0,0
0,0.8,0.0830368842554326,12,22,30,0.0069329415315553,-1.6260779343480178,AA,2115,8532.826231152574,7101.785989266392,5407.215909641578,1,18,CA,219,0,BC,1,0,1,0,1500.0,0,INTERNET,6.604533411571508,linux,1,1,0,2
0,0.4,0.205210780204826,-1,73,30,0.0208257307042312,-1.4565187069705428,AC,1162,2361.264352795036,4171.934337428306,5308.483348551898,0,13,CB,108,1,BC,1,0,-1,0,200.0,0,INTERNET,4.337899848802794,other,1,1,0,6
0,0.6000000000000001,0.4901244840642581,-1,37,30,0.0128486737731603,-1.3044312771222992,AC,2444,6671.562166507997,4535.0735277826125,5525.990807766918,1,13,CA,157,0,BC,0,1,-1,1,500.0,0,INTERNET,4.6554595018393305,linux,0,1,0,2
0,0.2,0.0329636973358413,-1,22,20,0.0180472242021725,-0.956040690522874,AC,1698,4550.792071334436,6322.445953215227,5301.1733188051785,13,12,CA,-8,1,BE,0,1,-1,0,200.0,0,INTERNET,2.1036234841503285,linux,0,1,0,7
0,0.7000000000000001,0.9201150197850948,33,37,30,0.0057020107843678,100.05897039604751,AB,982,4762.0786939018,2849.568557912653,4212.854363445068,12,10,CA,106,1,BC,0,1,1,1,200.0,0,INTERNET,5.543896521486782,linux,1,1,0,5
0,0.9,0.5264366003834245,32,4,50,1.0771984295593615,-0.5878050030950943,AB,3065,9033.734009523338,8771.685187851102,4892.210971508303,0,8,CA,149,1,BC,0,0,2,0,200.0,0,INTERNET,5.900188872703729,other,1,1,0,3
0,0.7000000000000001,0.3613861274802335,-1,11,30,0.0142409089459065,-0.7956131589960846,AB,778,3978.245958556671,6279.7848958994055,3094.934403802652,128,8,CA,121,1,BC,1,1,1,1,200.0,0,INTERNET,4.589553361711946,other,0,2,0,1
0,0.9,0.1408524818846749,-1,155,50,0.0140303999266269,-0.8492207446951129,AB,1433,5959.910410943287,5334.788656137907,5547.994303992308,1,6,CA,3,1,BB,1,0,28,0,200.0,0,INTERNET,4.269441145484996,linux,0,0,0,2
0,0.7000000000000001,0.7254342186040124,-1,26,30,0.0107832295311392,-1.0941228629769548,AB,1833,7420.695841344203,8330.331648022468,6332.217200230629,1881,18,CA,62,1,BD,0,1,1,0,1500.0,0,INTERNET,5.308920440662432,linux,1,1,0,0
0,0.9,0.1373998934457995,-1,64,40,0.0011387073100546,-0.9269217489058176,AB,520,3843.8705713898494,1594.497628256605,3033.512376880037,12,7,CB,105,1,BB,1,1,30,1,200.0,0,INTERNET,2.263008382464712,linux,1,1,0,7
0,0.1,0.8568926221853945,-1,106,50,0.0398865117391713,-1.471523214871262,AC,892,4694.045211905534,5513.0488736529005,4335.423291640595,0,8,CC,96,1,BB,0,1,-1,0,200.0,0,INTERNET,6.171681770817822,linux,0,1,0,5
0,0.9,0.8409826909683255,-1,251,20,14.409662347829174,33.34338404594157,AA,1122,8281.14355365835,5824.897610630872,4953.297880086606,1634,26,CA,130,0,BE,0,1,26,1,510.0,0,INTERNET,7.315419770618213,other,1,1,0,3
0,0.1,0.1649843819080123,-1,91,30,0.0152228961995274,-1.3489318261953729,AB,3211,5096.84337480246,3065.4661678791217,4403.117773293353,39,12,CB,112,1,BE,0,1,30,0,200.0,0,TELEAPP,2.4044322894353978,linux,0,0,0,5
0,0.1,0.9960421823224896,-1,8,20,20.09124392355256,-1.3502858927451271,AC,1837,9304.284644501216,5248.196568374151,5156.616420139554,1,13,CA,162,0,BE,0,1,-1,0,500.0,0,INTERNET,3.698548090378076,other,1,1,0,4
0,0.1,0.5212644645029921,50,31,30,0.0040338718263944,-1.1212447715920042,AD,3452,8477.638208053662,6886.005354296608,5141.557611762562,16,6,CA,41,1,BB,1,1,29,0,1500.0,0,INTERNET,6.409991189094907,windows,1,1,0,2
0,0.5,0.1158776192812839,-1,36,30,0.0226770783123178,49.78492542549993,AA,1365,4425.6552336861705,7520.853913621551,4342.074567014807,1263,10,CA,90,1,BC,1,0,1,1,200.0,0,INTERNET,2.8981064175615407,other,1,1,0,7
0,0.6000000000000001,0.3632613498393813,93,15,50,0.0096321953482908,-1.61824489603246,AB,829,7499.607313674936,4190.826781910807,5496.589865857362,15,10,CE,3,1,BC,1,1,6,0,200.0,0,INTERNET,8.299621419374391,linux,1,1,0,1
0,0.1,0.5990028176502651,62,43,30,0.0083427516205449,-1.2186662133520247,AC,1692,4682.759384375361,3573.541286980347,3058.528433350857,1,8,CB,182,1,BB,1,1,-1,0,500.0,0,INTERNET,2.5097327379783314,windows,1,1,0,7
0,0.9,0.1211854470687619,-1,151,20,0.0005286437145844,25.369220892253427,AA,888,4776.9887068355465,5143.656364360239,3639.2490035006335,1346,9,CA,222,0,BE,0,1,1,0,1500.0,0,INTERNET,10.090209607872971,other,1,1,0,6
0,0.7000000000000001,0.7858612829576436,-1,25,20,0.0020809021836483,-0.7568284624496637,AD,1861,3630.3031149055696,3859.2504098404943,6361.137339267119,9,13,CA,3,1,BE,1,1,25,0,200.0,0,INTERNET,5.8663375926109245,other,1,1,0,0
0,0.8,0.8582873776827474,-1,291,30,0.0247754642616818,-1.0155641984912227,AB,815,4124.532142625591,3980.204054389928,4329.764810089656,16,6,CB,171,0,BB,1,0,1,0,1000.0,0,INTERNET,3.99364696222238,macintosh,1,1,0,5
0,0.3,0.0936897537588801,-1,4,20,0.0014181668797594,-0.9722295135821952,AB,2027,5000.741325471479,4651.46039919243,4387.081890424552,228,13,CA,123,0,BE,1,1,21,0,200.0,0,INTERNET,8.042888358947843,windows,1,1,0,5
0,0.7000000000000001,0.4225486423417924,-1,28,20,0.0175325068015312,104.70375428445448,AA,3212,9210.423162320742,6868.5916415754,6719.496587339288,487,15,CA,165,1,BC,1,1,28,0,500.0,0,INTERNET,5.5752142125976505,windows,0,1,0,0
0,0.3,0.7458072275344291,-1,66,40,0.0037998725302952,20.136051329972783,AA,1764,13689.973390719397,7909.373122587771,6901.637140812177,1,9,CA,68,0,BB,1,1,10,0,200.0,0,INTERNET,5.4831493757969465,other,1,1,0,0
1,0.9,0.8435869530550991,-1,69,30,0.0083045483444984,-1.3251958571819322,AB,1308,7172.172969703803,4580.719128960252,4709.383682727365,14,20,CD,66,0,BB,0,1,28,0,200.0,0,INTERNET,6.300006256751621,windows,1,1,0,0
0,0.7000000000000001,0.8911554389138039,-1,64,20,0.0219272587655835,-0.7855122116138957,AC,2371,5287.355563233167,4456.156601635779,4290.319146657657,0,13,CA,116,0,BC,0,1,-1,0,200.0,0,INTERNET,5.77166929700729,other,0,1,0,4
0,0.7000000000000001,0.9091153269567296,-1,36,20,0.0077487283731017,-0.8752067713118825,AC,1650,7240.165106967293,5505.88013143519,5594.018564510988,0,7,CA,105,0,BB,0,1,25,1,200.0,0,INTERNET,2.409434467974489,linux,0,1,0,2
0,0.9,0.2610343987384652,-1,94,30,0.0009281420069376,18.31583368521017,AA,979,2390.774016256983,3638.135111673576,6795.0872915699465,10,11,CB,80,0,BB,0,1,19,1,200.0,0,INTERNET,5.100125208616006,windows,1,1,0,0
0,0.7000000000000001,0.2336963629945016,93,1,40,0.0148494867895671,-0.7831797997081128,AB,718,3088.328437073872,2081.5929279226,3073.681821963491,14,10,CA,126,1,BD,1,1,28,0,200.0,0,INTERNET,14.586093254953902,linux,1,1,0,7
0,0.9,0.1129762957493601,-1,343,50,0.032967236666024,-1.0726678414341329,AB,926,7601.525172492107,4926.75239874816,5041.901860703109,1,7,CA,205,0,BA,1,1,20,0,1000.0,0,INTERNET,5.3210736669620005,other,1,1,0,3
0,0.2,0.8777966442621457,-1,47,30,0.0417905796093281,-0.8209846156502483,AC,3442,5946.203385155113,3997.583649315863,5079.907165053142,2,9,CA,145,0,BC,1,1,-1,0,510.0,0,INTERNET,2.3732076012942565,other,1,1,0,4
0,0.9,0.38173518266111,-1,81,40,0.0116692230125217,28.005671134548567,AA,3145,5594.040922538468,5332.8332077962605,4297.874791898952,3,9,CB,175,0,BB,1,1,28,1,200.0,0,INTERNET,5.839800751747505,other,0,1,0,4
0,0.4,0.5698935176479832,-1,100,20,0.0250688829101274,-0.6512344683855896,AC,2454,14617.070705366092,6221.440288253489,5538.8933023776135,1,13,CA,98,1,BE,1,1,-1,0,200.0,0,INTERNET,4.783551571222872,other,1,1,0,1
0,0.6000000000000001,0.7474746700986444,-1,172,20,0.0340380175743157,-0.7402694764676775,AB,578,5358.418980883318,2804.2269143728945,3104.483200857437,1,8,CA,192,1,BC,1,1,5,1,1000.0,0,INTERNET,9.10558457027705,macintosh,0,1,0,7
0,0.8,0.6405146134922844,-1,184,20,0.0109000485050394,50.36238374014636,AA,1193,7019.201261467196,4164.172111549439,4756.302840673372,1464,13,CA,147,1,BC,1,1,30,1,200.0,0,INTERNET,2.906785067951444,windows,1,1,0,4
0,0.9,0.5966304008357279,-1,105,40,0.0333869471613776,104.27986649568192,AA,1050,7800.392793571158,5081.742016321201,4303.313217154566,2,5,CA,122,0,BA,0,1,28,0,200.0,0,INTERNET,16.05949226450739,linux,0,1,0,6
0,0.8,0.192380026784961,-1,45,20,0.0041569768056025,-0.7444240151361554,AB,1145,6170.111063247108,3715.029870130281,4230.238120708045,10,19,CA,89,1,BA,0,1,1,0,200.0,0,INTERNET,3.949622671310946,linux,1,1,0,4
0,0.2,0.8769398897686146,-1,65,50,0.0151001347841382,-1.1308759778325042,AC,998,5751.84402348094,5079.524618958314,5596.9448489574415,1,6,CA,78,1,BB,1,0,-1,0,200.0,0,INTERNET,2.5128454829175912,linux,0,1,0,2
0,0.6000000000000001,0.2036355546906018,-1,40,30,0.0219049828959505,-0.84990171134326,AB,617,7045.418004437513,5338.005281100819,4286.629629651965,15,7,CA,86,0,BC,1,1,15,0,200.0,0,INTERNET,1.0549222528843982,windows,1,1,0,3
0,0.9,0.5743368070766132,23,8,30,0.0037551445629997,51.93691890464104,AA,5378,8303.06094269556,4954.284660365057,6736.26579794954,2,8,CB,57,0,BA,0,1,29,0,1000.0,0,INTERNET,13.36283044204884,other,1,1,0,0
0,0.5,0.4636917555904447,-1,62,30,0.0005653662003173,-0.847749147607308,AB,925,7847.370038127313,3973.513290515377,6409.353550367573,12,14,CB,34,1,BB,1,1,15,0,200.0,0,INTERNET,2.7189040597127017,other,1,1,0,0
0,0.8,0.9951659488483704,25,11,40,0.0253789417892675,-1.5178870398427788,AB,3184,9457.255346608816,8024.773365605097,5162.143294762971,1867,7,CA,134,0,BC,0,1,11,0,210.0,0,INTERNET,12.86071073197513,linux,1,1,0,3
0,0.1,0.8464662224740952,-1,74,40,0.0050674587076118,-1.1493575204667748,AC,443,2461.978176302181,2970.9758032284967,5331.56388986156,1,5,CA,235,0,BE,1,0,20,0,1500.0,0,INTERNET,14.191019954691928,windows,0,1,0,4
0,0.6000000000000001,0.9046908118866688,-1,39,30,0.0109306135591409,-1.2726602221578058,AC,1578,5635.039729456614,5264.883265062451,4407.260835388343,0,15,CA,82,0,BB,1,1,-1,0,200.0,0,INTERNET,1.213730056820772,other,0,1,0,6
0,0.9,0.0737843316888058,-1,83,30,0.0111712691010871,16.398726294827554,AA,3821,6143.563835493529,3970.2883282276,5495.107120707128,39,12,CA,97,0,BC,1,1,28,0,200.0,0,INTERNET,2.092731455163072,linux,1,1,0,2
0,0.1,0.2508970577567698,33,5,20,13.926450571145631,32.033476814571245,AA,973,5621.909154002391,3747.760188907994,5006.342196943596,2,12,CA,2,1,BC,0,1,2,0,1500.0,0,INTERNET,49.76428918359763,linux,1,1,0,3
0,0.2,0.5415027101955244,51,9,30,13.458102397632883,-1.333795152470304,AC,2570,6559.817724680477,3712.749148980817,5113.50956906431,1,7,CA,50,1,BC,0,1,-1,0,200.0,0,INTERNET,1.8403271353263428,linux,1,1,0,3
0,0.5,0.5566417923433707,59,4,40,0.0296723480854381,-1.0691176302690906,AC,619,4027.908563141325,4138.754384035561,3174.355954074266,0,2,CA,134,1,BC,0,1,-1,0,200.0,0,INTERNET,1.4663136231299496,windows,0,1,0,7
0,0.6000000000000001,0.8622171001013125,-1,191,40,0.0091790942794346,-0.1702550853358593,AC,830,5655.4109633636535,4371.665597237523,3082.8691936004484,0,11,CA,194,1,BC,0,1,-1,1,1000.0,0,INTERNET,12.9575274869425,other,1,1,0,7
0,0.3,0.5737498032381165,-1,388,30,0.0368293078839799,49.57857831773794,AA,1733,12498.527340723946,7657.925115023391,5360.540200232217,2,19,CA,195,0,BE,1,1,1,0,1500.0,0,INTERNET,22.44000632744337,windows,1,1,0,1
0,0.4,0.4242920844412082,11,8,60,0.0115574469593292,-0.8782196567933795,AD,3820,10522.895624988632,6320.044999627047,6328.580530057404,8,6,CA,90,1,BB,0,1,6,0,200.0,0,INTERNET,13.491853323803165,windows,1,1,0,0
0,0.9,0.4701096385752543,-1,37,30,0.032735533993006,-0.6095490043051548,AB,1659,6834.022812775676,5095.625306428081,5967.473149488479,17,13,CA,197,1,BC,0,1,1,0,500.0,0,INTERNET,9.206871237843435,linux,0,1,0,0
0,0.3,0.7851947992014403,-1,102,40,0.0117382478130908,41.04941119272785,AA,1817,7645.319506400546,6329.048628514611,6710.724914452394,12,14,CA,98,0,BC,0,1,10,0,200.0,0,INTERNET,14.166746708834228,other,0,1,0,0
0,0.8,0.1556588826637614,-1,104,30,0.0262346210282712,-1.4370840329114607,AB,2253,4749.03746039908,6300.652364572454,5887.23085345148,10,14,CA,225,0,BA,0,1,2,1,1500.0,0,INTERNET,2.4398457945001857,windows,1,1,0,0
1,0.5,0.8681428758712,312,44,20,0.0072209514851443,-0.7694045437945218,AB,2583,8985.635170623966,5676.701903713215,4772.487110480316,13,16,CB,174,0,BE,0,0,31,0,1500.0,0,INTERNET,4.7995228515073,other,0,1,0,4
0,0.8,0.0646758187767191,-1,111,30,0.0102833336656073,19.39068980838024,AA,1095,4690.35393601419,7240.620910427074,5162.211216758992,103,5,CA,83,0,BB,1,0,25,0,200.0,0,INTERNET,3.009935674579311,linux,0,1,0,2
0,0.6000000000000001,0.7352051305763385,-1,142,30,0.0382857209903307,-0.8107942092400974,AB,3696,5463.994703674329,5040.959173111889,4960.35981456324,14,5,CA,173,1,BB,0,1,28,0,1000.0,0,INTERNET,5.895452535326622,other,1,1,0,4
0,0.9,0.3418051264656445,-1,23,30,0.0372210547096302,-1.15983718109586,AB,3768,1204.7497107035035,3570.139818014956,4756.685674170791,750,18,CA,223,1,BC,0,1,16,0,1500.0,0,INTERNET,4.024256357448952,other,1,1,0,3
0,0.9,0.4619632547140949,-1,80,40,0.0156021098170637,-0.8548269334302546,AC,1657,5189.835384664799,3899.6825734483855,5112.322673297177,2,10,CA,245,0,BC,1,1,-1,1,1500.0,0,INTERNET,3.278975402062817,windows,0,1,0,3
0,0.8,0.0836761695927928,-1,36,50,0.0117394678789757,-1.1065255060936072,AB,1434,5913.467507990867,5993.961152516303,6792.215803923848,15,6,CA,80,1,BB,1,1,15,0,200.0,0,INTERNET,7.498497947916013,other,0,1,0,0
0,0.9,0.2740507945185629,-1,173,40,0.0128714750933399,-0.690465709256979,AB,1188,2674.7606940743467,3311.7485771113206,3994.4684555858057,1,4,CA,270,1,BA,0,1,14,1,1500.0,0,INTERNET,3.9180963105418862,windows,1,1,0,6
0,0.3,0.8574615233111378,-1,260,20,3.424994205250839,32.52774022766179,AA,1766,8821.727775460384,6166.958027708781,5053.15052301879,1,10,CA,93,0,BE,1,1,11,0,200.0,0,INTERNET,4.8354362344196185,windows,1,1,0,3
0,0.8,0.3239026724424798,-1,11,40,0.0067263048705727,51.13502273893324,AA,1930,4126.2677368646255,3978.487774737527,4342.524085428308,422,4,CB,148,1,BC,0,1,1,0,200.0,0,INTERNET,7.166838711104751,linux,0,1,0,6
0,0.2,0.5474896441221249,107,20,20,0.0298149052438805,-0.8696772889586023,AB,911,8653.572046912077,6246.927358746941,5542.873376383721,2084,5,CE,54,0,BC,0,1,11,0,200.0,0,INTERNET,5.885436160250503,linux,1,1,0,2
0,0.9,0.3226759509725797,-1,158,40,0.0150032471498165,-0.6911127099382273,AC,1216,7351.960555082242,4813.658964183423,4907.900463363067,1,5,CB,128,1,BC,1,0,-1,0,200.0,0,INTERNET,1.1829831714092278,linux,1,1,0,1
0,0.4,0.9140074335941551,-1,52,30,0.011325462159787,-0.7624666336557815,AB,1003,1641.5450444246808,3712.481222815779,4826.247062256857,804,11,CB,186,1,BC,1,1,26,0,1500.0,0,INTERNET,1.8122555220687504,windows,0,1,0,3
0,0.9,0.6376432697559277,-1,82,40,0.0066127721957836,51.33480205580136,AA,1332,14725.706326963307,5136.6657271572885,5576.661926557023,2,12,CA,27,0,BC,0,1,-1,0,200.0,0,INTERNET,5.267879787289663,linux,1,1,0,2
0,0.1,0.0749867306816641,-1,106,50,0.0150563219091793,-1.4567604021121037,AB,727,2097.42110969066,3300.871413056756,4142.875007625015,43,8,CA,255,1,BB,1,1,1,1,1500.0,1,INTERNET,1.856505937863704,windows,0,1,0,5
0,0.1,0.6637802034069918,12,14,20,0.0108240479341368,-1.3623881987193007,AD,2151,8481.730828858648,5956.184951444938,6507.716663625472,5,21,CA,85,0,BC,0,1,20,0,200.0,0,INTERNET,6.7873025969280025,linux,1,1,0,0
0,0.4,0.993571664489363,27,12,20,0.0185062184010049,-0.9065397818477756,AC,831,9729.459207942578,5902.17759888523,5032.856525034427,0,13,CA,205,0,BB,0,1,-1,1,1000.0,0,INTERNET,5.19043588049265,linux,0,1,0,4
0,0.9,0.0624913269119419,-1,7,40,0.0233265594394488,-0.9087892231105634,AB,1000,6820.772865162521,5258.248313229372,5104.831769226619,9,4,CA,59,1,BD,0,1,15,0,200.0,0,INTERNET,4.9308373356686594,windows,1,1,0,2
0,0.9,0.2217850193903312,-1,34,20,0.0114240819519101,-0.72442557998742,AD,283,5055.623096580301,2893.1472221578388,4306.63385377181,14,11,CE,125,0,BE,0,1,1,0,200.0,0,INTERNET,2.9907206624997453,other,1,1,0,6
0,0.2,0.0143278891918168,30,6,30,10.324896948339884,-0.7643554596711921,AC,1948,7736.713843555312,4703.015224782801,5493.595754829164,1,13,CD,52,1,BC,0,1,-1,0,200.0,0,INTERNET,0.8975334970912696,linux,1,1,0,1
0,0.8,0.2871963054489744,-1,38,20,0.0133564457381927,13.317238307643237,AA,1436,9000.411995522478,5035.906908381262,4698.521676530268,4,15,CF,169,1,BC,1,0,28,1,500.0,0,INTERNET,3.976331754497664,windows,0,1,0,4
0,0.9,0.8862993311442638,-1,259,20,0.0301966927607095,-1.3588871154984627,AC,756,778.1145548834761,2032.9464199962847,3130.3702909765484,0,7,CA,214,1,BB,0,1,-1,0,500.0,0,INTERNET,5.614350310489249,windows,1,1,0,6
0,0.4,0.2812751439109927,-1,50,30,0.0015382210021205,50.4969935320697,AA,1411,6125.175658661639,3191.185704955625,4939.0128655204135,2,7,CF,95,0,BC,1,1,25,0,200.0,0,INTERNET,0.7854809649962401,linux,1,1,0,3
0,0.9,0.9043362183637542,-1,110,30,0.0028048941283343,52.54733122786288,AA,2631,4180.965318491793,6489.193901852664,3929.459868309341,169,12,CE,159,0,BE,1,1,28,0,200.0,0,INTERNET,15.620794012033624,macintosh,1,2,0,1
0,0.8,0.5719279897080536,50,3,30,0.0506618856785236,-0.9643167936408922,AB,248,6822.076937771495,6034.311440344693,4941.999185695639,14,13,CA,176,1,BC,0,1,28,0,500.0,0,INTERNET,3.945075585769018,macintosh,0,1,0,3
0,0.6000000000000001,0.6959756193084895,33,8,20,0.0129018679613392,49.55120813850624,AA,975,2141.313884010751,7158.8156989076415,5651.817345365358,98,16,CA,106,0,BC,0,1,25,0,500.0,0,INTERNET,5.7617115023947205,windows,1,1,0,2
0,0.8,0.7082706167866025,-1,71,30,8.081592678713577,11.833165502412148,AA,537,4965.055191519392,5109.489670608667,4339.799931669707,2196,4,CA,-43,0,BD,0,1,25,0,200.0,0,INTERNET,23.17464635842693,other,0,1,0,4
0,0.8,0.8570702297837778,-1,255,40,0.0289482610645479,-1.3495231545164916,AD,1684,4200.390596531587,3469.4635447854325,4171.782279552289,1,7,CF,202,1,BB,1,1,-1,0,200.0,0,INTERNET,1.3409323808260645,other,1,1,0,5
0,0.9,0.4691774168452769,-1,169,40,0.0291170875167772,-1.0955626680990418,AC,1392,3974.604118333503,4251.963350934687,4946.155847613297,0,3,CF,205,1,BB,0,1,-1,0,500.0,0,INTERNET,2.9795690999776605,linux,0,1,0,4
0,0.9,0.0429256570550239,-1,34,20,0.0190530820577003,49.26482071880236,AA,1931,5220.917684952113,2587.334772713661,4867.535397882209,3,14,CA,89,0,BE,0,1,29,1,200.0,0,INTERNET,3.3031036413262687,windows,0,1,0,4
0,0.4,0.0354257963222044,34,9,30,0.0379194641748875,-0.757707319236202,AB,1168,5267.874940119185,6790.813233479106,5146.577320247348,9,13,CA,209,0,BC,0,1,5,0,1000.0,0,INTERNET,5.8387183296572855,linux,1,1,0,2
0,0.9,0.0731684235444549,-1,171,40,0.008248019354081,34.885661885872146,AA,653,3222.940172413237,3914.653719057895,4282.03106753195,1,4,CB,130,0,BA,1,0,15,0,500.0,0,INTERNET,2.081298351472728,windows,1,1,0,6
0,0.8,0.6321735953262334,-1,110,20,0.0005220312832593,-1.6210308449268025,AC,1123,2710.409081543189,3463.127359298869,4179.6328834063015,1,11,CA,130,1,BB,0,1,-1,1,1000.0,0,INTERNET,4.622456247004847,windows,1,1,0,6
0,0.4,0.8200869846518367,118,31,20,0.01532746145445,21.799930040464098,AA,2499,11948.163328353354,6034.037666382721,6738.100133126997,16,12,CA,182,1,BC,0,1,15,1,200.0,0,INTERNET,18.39990213058564,other,1,0,0,4
0,0.7000000000000001,0.3362937769420351,11,18,30,0.0298227756846827,-1.3185770097319216,AB,267,12422.873758442238,5224.207135724664,5170.315983898747,14,17,CA,55,1,BB,0,1,1,0,200.0,0,INTERNET,4.9623386385831285,linux,1,1,0,2
0,0.7000000000000001,0.8809394788635909,-1,286,30,0.0303617683044217,-2.0092472027916632,AA,855,6220.538755737036,4484.150178835072,4749.429132062729,2,6,CA,139,1,BA,0,1,25,1,200.0,0,INTERNET,6.212804082708125,other,1,1,0,3
0,0.9,0.494565412883062,13,14,30,0.0054403877446497,-0.9381408781065712,AB,1720,3948.3220895313616,3840.6164777829217,5043.85384397302,17,8,CA,44,0,BB,0,1,22,0,200.0,0,INTERNET,4.664883373054979,linux,1,1,0,3
0,0.1,0.2741449558040048,-1,41,30,0.0144596267355717,-1.5727510749560758,AB,2632,2983.7782322279872,3089.188721576716,4361.716611626535,20,18,CA,51,1,BC,0,1,2,0,200.0,0,INTERNET,8.79352046807938,linux,1,1,0,5
0,0.8,0.3894718518053744,-1,54,50,0.0290170870022947,-1.8770141946180177,AB,922,1712.6163766070283,5608.194112159553,4237.823881488353,1,2,CD,286,1,BB,0,1,-1,0,1500.0,0,INTERNET,6.763805218236526,windows,1,1,0,3
0,0.7000000000000001,0.0550279042343934,-1,82,50,0.015278508268606,-7.363014665189612,AA,946,8747.939450871687,5766.1236846688025,6670.879827223864,623,2,CB,85,0,BC,0,1,15,1,500.0,0,INTERNET,1.3614648631233848,linux,1,1,0,0
0,0.9,0.9059082636114812,-1,73,40,0.0368397457569912,50.3961064421482,AA,940,14368.030142885296,2989.839800104855,4301.267890237726,6,7,CB,162,0,BC,1,1,1,1,500.0,0,INTERNET,2.597477817040585,windows,0,1,0,4
0,0.2,0.0040784863324041,53,31,20,0.0306290755064756,-1.123277574757766,AB,652,7129.158947111162,7301.724048734682,5092.535581924699,17,24,CA,97,1,BB,1,1,26,0,200.0,0,INTERNET,15.495725276322752,windows,0,1,0,0
0,0.9,0.2595394404865448,28,3,20,0.0210427056148527,-1.4660956528310614,AD,1815,2980.591645522038,5353.188234614751,5105.534387510553,10,16,CA,68,0,BC,0,1,1,0,200.0,0,INTERNET,5.973410571180552,windows,0,1,0,4
0,0.2,0.754018918298164,25,30,50,0.0258780858563251,-1.1035294747243556,AB,805,10449.449791848154,7203.42967564356,6732.4261323662295,28,3,CA,89,1,BC,1,1,1,0,200.0,0,INTERNET,5.476426089825016,other,1,1,0,0
0,0.1,0.3949755774988331,-1,76,30,0.004552584480192,-0.9380695506967032,AD,2424,7802.780561570378,5410.097189365329,6737.09487739205,140,17,CD,19,1,BC,0,1,1,0,200.0,0,INTERNET,7.951650108421638,windows,1,1,0,0
0,0.7000000000000001,0.8264813633853973,-1,80,40,0.0066959364663683,20.40790175606145,AB,578,7342.933453916778,7335.80996528587,4264.233401040527,12,16,CA,251,1,BC,1,1,25,0,200.0,0,INTERNET,11.22975426371663,linux,1,1,0,5
0,0.5,0.6914952608851906,-1,97,30,0.0088716889458247,-0.5421996579993847,AA,1799,8879.365925788781,5223.8085376136,4269.616921342149,2,11,CB,149,1,BA,0,1,19,0,500.0,0,INTERNET,8.802157755668784,other,1,1,0,5
0,0.1,0.0161176645802214,98,5,20,0.003518655833753,100.48320140921255,AB,841,2027.6484380333109,2582.8598155855075,3127.98776697586,178,11,CA,176,0,BC,0,1,21,0,500.0,0,INTERNET,6.307363977397664,other,0,1,0,7
0,0.9,0.514844593521242,-1,43,30,0.0074803920963619,-0.4998740962517597,AB,402,3591.4786266264587,3557.479897240732,3046.1369881455025,1,14,CA,248,1,BA,0,1,1,0,1000.0,0,INTERNET,1.9617151329977272,other,1,1,0,7
0,0.2,0.3765276561636376,-1,80,20,0.0027092690001339,-0.5743844231473045,AC,998,6393.314210448049,3876.558043495927,4873.679848958623,2,14,CB,199,0,BC,0,1,1,1,1000.0,0,INTERNET,8.540375708117983,other,1,1,0,1
0,0.6000000000000001,0.5505258283372939,-1,225,40,0.0271804611139837,-0.5147290239063016,AB,2219,10383.580945471069,4884.8569298615885,5528.032315838912,8,7,CA,91,0,BE,0,1,20,0,200.0,0,INTERNET,4.6734556685636575,other,1,1,0,1
0,0.3,0.7517147662715153,-1,255,10,0.0302555787908861,-1.191799144741345,AC,791,3233.943539953956,2682.7787216782667,3961.915952323191,1,10,CA,247,0,BE,0,1,-1,0,1000.0,0,INTERNET,7.942901032307223,other,1,1,0,6
0,0.7000000000000001,0.1504125627144603,-1,128,40,0.0043803664467809,-1.1370850484723578,AB,3128,4378.246395271292,3638.718099709188,4383.946345646775,202,8,CA,88,1,BB,1,1,31,1,200.0,0,INTERNET,11.345124087047608,linux,0,1,0,4
0,0.1,0.8553851397491635,-1,43,20,0.0070977776012111,50.06088600858154,AA,517,6822.922504014792,5044.46749025581,4450.554559269434,1,14,CA,176,0,BE,0,1,26,1,200.0,0,INTERNET,1.3945260406158606,other,1,1,0,5
0,0.1,0.8557175630843544,-1,75,30,0.0088422580565183,-1.1383892026444915,AB,1680,8833.697740073614,5641.127527451333,4974.668143094706,6,11,CA,99,0,BE,0,1,28,0,200.0,0,INTERNET,3.930501985881989,linux,1,1,0,4
0,0.2,0.607243814119921,-1,224,10,0.0095105252532676,-1.1406757812264157,AB,1150,4851.623149803687,4488.01409093003,4465.5923306438735,1796,13,CE,104,0,BE,0,1,21,0,200.0,0,INTERNET,25.707108958270712,windows,1,1,0,5
0,0.5,0.5717068539791299,-1,159,50,0.0049052715251349,-0.096982549545482,AC,817,1493.637181361793,2670.917639136077,3102.006510065337,0,4,CA,249,0,BB,0,1,-1,0,1500.0,0,INTERNET,0.5970541138864146,windows,1,1,0,7
0,0.6000000000000001,0.1150434848640202,-1,219,40,0.010930002419736,-0.5550544149182569,AD,986,1250.458180303492,4031.074878158723,5141.556481719886,746,10,CB,297,1,BB,0,1,6,0,200.0,0,INTERNET,10.846911563737226,windows,0,1,0,3
0,0.7000000000000001,0.0760924655142331,27,8,30,0.0220475147822124,-0.9830845648223512,AB,1962,10159.333395078986,7730.774736597135,6788.444834134742,36,9,CA,180,1,BC,1,1,5,0,500.0,1,INTERNET,4.552322431287256,windows,1,1,0,0
0,0.4,0.6424401064444614,113,10,30,0.0206149500674383,-1.0923006241523434,AB,1096,3636.80175239529,4921.929717371006,5722.40684626133,14,16,CA,43,0,BB,0,1,20,0,200.0,0,INTERNET,4.160333100112149,linux,0,1,0,2
0,0.6000000000000001,0.2390201376778529,-1,97,40,0.0300706395997424,-1.328029163442198,AB,1086,3877.5958101388255,2697.046731706408,4185.336346921815,12,2,CF,166,0,BB,1,1,4,1,500.0,0,INTERNET,10.232581663469675,other,0,1,0,5
0,0.7000000000000001,0.3830559392487922,-1,236,20,0.004862669419628,-0.4480502112842499,AC,1680,2417.138145846302,2891.1151483439703,3110.556089938086,1,3,CA,192,1,BE,0,1,-1,0,1000.0,0,INTERNET,1.2593774711705843,macintosh,1,1,0,7
0,0.6000000000000001,0.6877321397791093,24,28,40,0.0198775634890215,-1.6465032805739466,AB,2258,7439.11940304888,7100.154417555612,6250.947276892068,11,8,CD,168,0,BD,1,1,2,0,500.0,0,INTERNET,8.51192488723078,windows,0,1,0,0
0,0.7000000000000001,0.8752222557614585,229,12,50,0.0177291390760684,-1.2442051689528182,AC,5358,6641.062902522695,4970.281223920073,4878.452628632167,1,2,CC,99,0,BC,0,1,-1,0,200.0,0,INTERNET,3.3932633445208658,other,0,1,0,4
0,0.9,0.5615031659466171,-1,43,30,3.22158564751542,19.06740206044024,AA,1214,4326.919789882822,4117.101782736076,5386.129922719872,707,14,CD,128,1,BC,1,1,10,1,200.0,1,INTERNET,37.98788273979245,linux,1,1,0,6
0,0.9,0.4754271175126257,-1,14,40,2.37991659096452e-05,-1.1776436627449849,AC,1927,4173.348120993481,4378.724379917272,6051.980654927913,4,6,CA,107,1,BA,0,1,-1,0,200.0,0,INTERNET,3.935232648696712,other,1,1,0,0
0,0.6000000000000001,0.0974057136797429,-1,82,20,0.0324187439004029,-1.0472150222254764,AD,3188,2678.191113730717,5034.097334931512,5079.268586902558,7,12,CA,90,0,BC,1,0,21,0,200.0,0,INTERNET,4.338175255877964,linux,1,2,0,2
0,0.9,0.036860341810636,318,21,30,0.0083755866210077,-0.8548520577119395,AD,867,976.0294129909848,6766.930291029004,3194.651726911125,0,5,CB,133,0,BB,0,1,2,0,200.0,0,INTERNET,1.6415042507489326,linux,1,1,0,7
0,0.1,0.9104267885097213,-1,54,20,0.0105856948862014,-0.6635572897991013,AA,1751,5786.496912576906,4869.343275560405,4272.06716278511,3,8,CE,112,1,BE,0,1,28,0,200.0,0,INTERNET,10.592634335769445,linux,0,1,0,5
0,0.7000000000000001,0.8402713680919163,-1,27,40,0.0133509341661518,-1.1098617350290452,AD,1247,3381.311668164921,3641.6043243778254,5108.394825023968,33,14,CA,113,1,BE,1,1,1,0,200.0,0,INTERNET,3.3654134671128872,other,1,1,0,1
0,0.7000000000000001,0.0757477676016261,30,11,30,0.0060550161412191,47.715330331596135,AA,3308,1448.9119700681797,5474.903404895777,4265.6511705346375,6,9,CB,128,0,BC,1,1,28,0,200.0,0,INTERNET,4.110611157216471,windows,1,1,0,6
0,0.9,0.943992405110857,-1,34,50,0.0226898378683595,-1.239799634003708,AC,927,6017.471726063556,3553.848164452777,5482.940773847373,0,5,CA,104,1,BB,1,0,-1,0,200.0,0,INTERNET,5.420661509176696,other,1,1,0,7
0,0.2,0.7163728271139954,-1,73,30,0.0370222597917661,49.12178738714158,AA,1220,6657.510056513806,4733.56879025937,4368.655785098731,1969,4,CA,59,0,BE,0,1,19,0,200.0,0,INTERNET,10.573937159236769,other,1,1,0,6
0,0.5,0.1694259854856923,-1,96,20,1.1679525728376876,29.134665624146663,AA,1116,3164.0494409856856,4713.651100064692,4863.4544628442245,2,15,CF,77,0,BE,1,0,15,0,200.0,0,INTERNET,3.7154385749522216,other,0,1,0,4
0,0.6000000000000001,0.9177170931989675,13,6,40,0.0134052172495404,-0.7361262784651519,AD,1604,2370.6665730947984,5171.036886683534,5669.577019628413,9,5,CA,277,0,BC,0,1,1,0,990.0,0,INTERNET,9.872061692458834,windows,1,1,0,2
0,0.8,0.8824036710215513,-1,76,30,0.000695844453137,-0.341366997803937,AC,1648,5249.194984105048,3403.024944572116,4697.070899251806,0,10,CA,257,1,BC,1,1,-1,0,1000.0,0,INTERNET,6.250318460371988,windows,1,1,0,3
0,0.5,0.3122907232774228,-1,211,50,1.065963408498206,-0.2849473639902075,AC,2028,8865.281346986421,4728.373934546488,5078.907744982399,2,4,CA,247,0,BA,0,1,-1,0,1500.0,0,INTERNET,8.529090636298342,linux,1,1,0,3
0,0.1,0.8948838278536958,97,11,50,0.0337487740245204,-1.2609239328153858,AC,962,8658.219507774504,5430.646434880165,5184.267191281025,0,2,CC,82,0,BB,1,1,-1,1,200.0,0,INTERNET,1.712489037322098,other,0,1,0,2
0,0.4,0.9957492963925724,107,82,30,0.0114875545489342,38.558037352372615,AA,739,8591.327720313506,5844.285522361426,4875.771308357746,1,16,CA,77,0,BB,0,1,1,1,500.0,0,INTERNET,1.4961401668367866,other,1,1,0,3
1,0.6000000000000001,0.3918820847540421,-1,197,20,0.0140104002582074,-1.4641794837080186,AB,3115,6650.350882438026,3049.595288097644,4327.494773146837,1,13,CA,69,0,BA,0,0,-1,0,200.0,0,INTERNET,9.946112445350437,other,0,2,0,4
0,0.5,0.2563880970713166,-1,181,20,0.0383995448961153,-1.7852095762690172,AB,2904,660.2559005256949,2605.208497016371,4203.914340917681,10,14,CA,110,0,BE,1,1,1,0,200.0,0,INTERNET,1.1312310262516307,linux,0,1,0,5
0,0.4,0.9153854905358342,-1,78,20,0.0071896352489925,49.74002109312788,AA,1171,13316.406992553975,6931.690210901635,5541.595525384585,1,8,CB,124,1,BE,0,1,26,0,1000.0,0,INTERNET,6.083935794108764,linux,0,1,0,2
0,0.2,0.1954605170210373,-1,195,10,0.0286689962248248,28.447916172836013,AA,2266,2958.931145682897,5606.0475442025245,4790.048698858433,9,13,CA,204,1,BE,0,1,31,0,500.0,0,INTERNET,3.0917304512630746,macintosh,1,1,0,3
0,0.6000000000000001,0.8113711374157161,-1,38,40,0.0348234836861296,30.062275483991137,AA,1032,3350.0793242621307,7284.818184276312,5936.178829661243,39,6,CD,39,1,BB,0,0,1,0,1500.0,0,INTERNET,12.879462391233494,other,1,1,0,0
0,0.7000000000000001,0.7932043936928627,152,28,30,0.017106668744419,23.828836698449173,AA,3584,2853.735468322776,4735.561526475676,4697.8122463284335,4,12,CA,157,0,BC,0,1,1,0,500.0,0,INTERNET,3.165437284537924,macintosh,0,1,0,3
0,0.6000000000000001,0.42905534607214,-1,41,30,0.0203882933364384,-1.3077469202836716,AC,1857,10187.013935749444,8695.414668497766,5568.017230445164,0,17,CA,115,1,BB,0,1,-1,0,200.0,0,INTERNET,3.5381247931882074,linux,1,1,0,1
0,0.4,0.8866848227665907,-1,44,20,0.0073057490985434,7.200822427644602,AA,1940,2313.265448236152,1989.909959474768,3069.728779116449,15,7,CA,147,1,BC,0,1,31,1,200.0,0,INTERNET,2.782998943984116,linux,1,1,0,7
0,0.1,0.9629581490559636,-1,84,30,0.0047246347736208,-1.0794581884411931,AB,2565,4408.100881514665,4927.287763435207,4233.510397256365,2060,14,CA,116,1,BE,0,1,15,0,200.0,0,INTERNET,8.084522976483948,linux,0,1,0,4
0,0.9,0.2884016875940459,-1,40,20,0.0048800341353828,-1.3189234155282834,AD,837,6107.322070314496,6949.867867702233,6376.273107116242,1698,15,CA,209,1,BC,1,1,1,0,1500.0,0,INTERNET,9.899178852431856,linux,0,1,0,4
0,0.4,0.0929104682462146,-1,72,30,0.0053578249128444,-0.9771391898798198,AB,656,10543.277521714754,4775.688924697017,5560.119691086104,31,7,CA,34,1,BC,0,1,15,0,200.0,0,INTERNET,8.715086976426969,linux,0,1,0,1
0,0.8,0.174818144127028,36,8,20,0.0175411969451861,-0.6643641355980807,AC,1003,4045.311244473863,3484.2761118244634,4320.926342784871,11,9,CF,87,1,BB,0,1,-1,0,200.0,0,INTERNET,2.578693611291582,linux,0,1,0,4
0,0.4,0.2333978196703716,-1,64,30,0.0201774082056903,-1.1283838664894814,AB,941,5676.300054936276,3171.842762765459,4145.043191186795,1478,11,CF,51,0,BB,1,1,25,0,200.0,0,INTERNET,2.7189633606161707,linux,1,1,0,6
0,0.8,0.5157888204337816,123,17,40,0.007846281904808,48.99428126961971,AA,865,4824.656675333278,3994.502688837814,3142.956254969056,11,5,CE,92,0,BB,0,1,5,0,200.0,0,INTERNET,7.239923047320772,other,1,1,0,7
0,0.2,0.9950341252838046,-1,34,50,0.0176956260524392,-1.4430955271862898,AD,3196,8188.587465436938,6484.629544757391,6622.270926348676,3,4,CB,62,0,BB,0,1,1,0,200.0,0,INTERNET,14.536855712708158,other,1,1,0,0
0,0.9,0.137194324388324,-1,87,50,0.0092017891049653,-0.0270159299421227,AD,1971,7767.096949024176,3778.61307415337,6359.938831545699,9,2,CA,170,1,BA,0,1,15,0,1500.0,0,INTERNET,3.919487257432195,windows,1,1,0,0
0,0.6000000000000001,0.2677031064721588,-1,18,30,0.0185284900164793,-0.97282980125354,AB,1783,2168.242773275508,3501.2794875517134,4359.941320965657,10,9,CA,75,1,BC,1,1,21,0,200.0,0,INTERNET,11.317948125988504,windows,0,1,0,4
0,0.9,0.8406341433999003,8,6,20,0.0323871004601027,-0.8191811920214213,AC,666,6892.234149000092,7223.985869545409,5658.171912736692,1,24,CA,150,0,BC,0,1,-1,0,1000.0,0,INTERNET,5.117602387964254,other,1,1,0,2
0,0.9,0.1435535852902119,70,15,30,0.0153401353216334,-0.5034557295781956,AB,236,3725.3148982384473,2883.9196818550304,4297.672483715111,2,11,CA,175,1,BC,0,1,-1,0,500.0,0,INTERNET,2.730201710562977,windows,0,1,0,6
0,0.2,0.9025717039391924,-1,154,40,0.0130298974125156,-1.4939321018444482,AC,4266,7977.0360301823475,7097.934742694913,6253.464226028396,1,7,CA,80,0,BA,1,1,25,0,200.0,0,INTERNET,1.6935256920711113,linux,1,2,0,0
0,0.1,0.3671494552746665,-1,197,40,0.0267877765612041,-1.2029642096704711,AB,1062,1676.050748939943,2996.637626365032,5467.840464917378,16,3,CA,336,1,BA,1,1,28,0,1500.0,0,INTERNET,2.8040353869970334,linux,1,1,0,1
0,0.9,0.1427215968591363,30,1,40,0.0021537545984396,-0.4520202960381279,AB,1835,3816.609768712808,3546.988425267629,5981.002670470525,16,11,CA,127,1,BC,1,1,1,0,200.0,0,INTERNET,10.968810914305893,linux,1,1,0,0
0,0.9,0.2784358030881248,38,6,50,0.0163720064249899,-1.1065805509070044,AD,780,2596.994474537514,2515.866124811358,4309.711825291827,1,8,CA,129,1,BC,0,1,-1,0,200.0,0,INTERNET,5.572705605020976,linux,1,1,0,6
0,0.5,0.5201268919770247,26,9,20,0.0348718154357891,-1.5673233784415754,AB,651,1382.9403383789097,2298.023013120752,3087.469752871644,0,8,CA,106,0,BC,0,1,-1,0,200.0,0,INTERNET,6.585576150342831,macintosh,0,1,0,7
0,0.4,0.912630915557336,-1,107,40,0.0294227380577929,-0.7486819421288191,AB,285,2394.109242647952,3879.1242700454704,5369.632014043611,626,8,CA,169,0,BE,0,1,9,0,1500.0,0,INTERNET,11.21504415054659,other,1,1,0,1
0,0.7000000000000001,0.2288443541614075,32,32,20,0.020148427587083,-1.2818515629635625,AB,1289,7592.531984525002,7259.190090610999,5997.768805604095,34,19,CA,206,1,BC,0,1,1,0,1500.0,0,INTERNET,2.5168447947801496,other,1,1,0,0
0,0.7000000000000001,0.7560018258127787,-1,118,30,0.0072459619308145,-0.9493805930813906,AA,526,2362.191126645523,5595.856579155329,3108.2041420022465,1,6,CA,88,0,BE,1,1,28,0,200.0,0,INTERNET,1.8324345593267937,linux,1,1,0,7
0,0.3,0.8017262060548206,-1,239,40,0.012249227663845,-0.8673532929027505,AC,1626,2103.146439856203,2704.2646409496165,4259.189752539958,1,5,CA,128,1,BC,1,1,-1,0,200.0,0,INTERNET,40.71166129274275,linux,1,1,0,5
0,0.5,0.0043876067141377,-1,55,40,0.0009680386585536,-1.049254128874043,AB,810,5509.115931242646,3690.284114679676,5175.8025468916885,12,2,CA,154,1,BC,1,1,1,0,200.0,0,INTERNET,4.661433147042403,other,1,1,0,6
0,0.1,0.4592370621617719,28,1,40,0.0436239299197704,-1.2633226181386017,AC,459,6485.875679832478,5141.857870776787,4885.091633333257,0,7,CE,78,1,BC,1,0,-1,0,200.0,0,INTERNET,6.672092504256897,other,1,1,0,3
0,0.9,0.9099290696437136,-1,40,30,0.0362050047302698,-0.5269642577258575,AD,775,4360.600765970145,4967.387108180915,5081.437232510466,8,11,CA,49,0,BC,0,1,3,0,200.0,0,INTERNET,1.7633104181626504,windows,1,1,0,2
0,0.9,0.5902723290099905,-1,77,40,0.009427109574806,-0.3916924804732088,AD,1435,1333.8890046813624,7583.965138945461,5174.205100188887,11,9,CA,243,0,BC,1,0,31,0,1500.0,0,INTERNET,4.740079957365202,windows,1,1,0,2
0,0.4,0.909997464616238,-1,36,40,0.0201798495297682,45.98477276725649,AA,664,4191.682461583261,3427.848403749022,3770.6799210345257,1977,5,CB,104,1,BC,0,1,25,1,200.0,0,INTERNET,4.858005328843206,linux,1,1,0,6
0,0.7000000000000001,0.0408878267086733,-1,24,40,0.0221241523608545,17.675033248102647,AA,1018,3815.336258905195,2650.786004553171,3161.2260382944605,6,3,CB,134,0,BB,1,1,28,1,500.0,0,INTERNET,1.570185521947732,windows,1,1,0,7
0,0.1,0.9912981908007352,25,5,40,0.0060420360879092,-1.070991243879333,AC,736,9801.50784670054,5667.437754748879,4802.545261888003,1,9,CA,96,1,BB,1,1,-1,0,200.0,0,INTERNET,13.950400968554272,other,0,1,0,3
0,0.7000000000000001,0.2196650805412054,-1,242,40,0.0131980141023142,51.12799529125419,AA,1204,2461.161147329305,5214.841116770424,4762.023477741611,7,3,CA,228,1,BA,1,1,25,0,1500.0,0,INTERNET,8.361788684945981,other,1,1,0,3
0,0.9,0.539206909972178,-1,260,20,0.0188865411233872,-1.3733204213982717,AC,1361,615.7307657484749,3511.600619425624,4286.307729196997,0,10,CA,174,0,BA,0,1,-1,0,500.0,0,INTERNET,3.1049288618174136,other,1,1,0,6
0,0.5,0.8171461451555233,-1,23,30,0.01006686905844,-1.650731287034898,AB,2748,6121.907865465551,4118.787976688637,4351.886973463988,14,15,CB,123,0,BC,1,1,21,0,200.0,0,INTERNET,5.199558643083536,macintosh,1,1,0,4
0,0.5,0.9945635681030822,-1,112,40,1.1535503868190966,-0.7852342308237641,AC,1407,3882.22785020496,2837.073965588186,4307.781422561748,0,4,CD,117,1,BB,0,1,-1,0,210.0,0,INTERNET,9.942415510906793,linux,1,1,0,4
0,0.8,0.6157154528691179,31,0,20,0.0327169152591772,-0.8762175922113206,AB,4636,9029.894303098914,5909.596852551135,6788.087728649196,9,11,CA,164,0,BE,0,1,1,0,200.0,0,INTERNET,5.987686066622907,macintosh,0,1,0,0
0,0.3,0.2715906897108051,-1,132,30,0.0029887005592223,-0.8368371633104615,AB,1049,4036.332317006291,3235.448326833976,4354.42728334524,2084,9,CA,187,1,BA,1,1,25,0,500.0,0,INTERNET,5.005058393900807,linux,1,1,0,5
0,0.1,0.1635421811012586,-1,81,30,0.0044515476155546,31.04301981793201,AA,436,4207.222743598641,5518.705870278097,5911.384836838747,1013,14,CB,38,1,BC,1,1,28,1,200.0,0,INTERNET,4.578697428926801,linux,1,1,0,0
0,0.8,0.6391993715667587,-1,38,40,0.02611855304446,-0.198121208344742,AC,633,6629.512597118815,4382.031935850016,5572.222270834676,0,6,CA,-60,1,BB,1,1,-1,1,200.0,0,INTERNET,3.326328370551144,other,1,1,0,2
0,0.8,0.1532720803995944,28,5,40,0.0058405193362138,-0.4777370266632963,AC,444,5768.249882801312,5463.27048479039,4743.51758122225,0,8,CB,85,1,BC,1,0,-1,0,200.0,0,INTERNET,7.2538964412803875,windows,1,1,0,3
0,0.5,0.25767967262407,34,12,40,0.0274643305172656,22.57220635094975,AA,806,8906.538476074293,5584.122996484971,4059.73026205599,8,6,CA,168,1,BC,0,1,6,0,1000.0,0,INTERNET,4.542194808124808,windows,1,1,0,3
0,0.9,0.4445382284327906,31,29,40,0.0114025263537187,52.55952487893624,AA,1097,3122.745080741969,3789.7052255780686,4198.505664651479,479,6,CA,114,1,BC,0,1,29,0,200.0,0,INTERNET,5.3984380351907575,linux,0,1,0,5
0,0.5,0.3088893429599129,-1,360,30,0.0125876008397451,-0.8733173737806976,AB,1240,3688.0133103393255,2940.62881387573,5249.4914906842105,1395,17,CA,261,1,BC,1,1,28,1,1500.0,0,INTERNET,1.4980450520555966,linux,1,1,0,1
0,0.2,0.4090047410986566,-1,89,20,0.0052080454265044,-0.7022585450424778,AB,1230,5597.141778603936,3042.3737714667272,4334.89392209441,30,15,CA,104,0,BE,0,1,20,0,200.0,0,INTERNET,4.114016585263927,windows,1,1,0,4
0,0.6000000000000001,0.148585681983924,-1,34,30,0.0098190035266094,23.81445998393691,AA,1798,6046.732590425507,3737.4321794354687,4329.172802681364,1,12,CA,175,1,BE,0,1,20,0,500.0,0,INTERNET,2.811501591741,windows,1,1,0,4
0,0.9,0.6704499869802378,12,14,40,5.389349305866704,44.088814369775776,AA,741,10176.372849428068,5414.549738058346,5199.485915166199,2,8,CA,132,1,BC,0,1,1,0,200.0,0,INTERNET,25.036524370231863,other,1,1,0,3
0,0.4,0.8588382265199204,-1,91,20,20.6499177021838,23.25042473681575,AA,1485,4772.934642505172,5336.379378136709,4414.680873869277,2,3,CE,101,1,BC,1,1,30,0,200.0,0,INTERNET,19.126928126448032,windows,0,1,0,6
0,0.4,0.3058762544508157,-1,36,40,0.0104940708618169,43.79093034819843,AA,2412,5217.711209721721,3627.391060094455,5004.684998122413,12,10,CA,74,1,BC,0,1,21,0,200.0,0,INTERNET,4.797341977908276,other,0,1,0,3
0,0.2,0.990526909924122,26,10,30,0.0214879115668803,51.5933672666222,AA,2683,1541.8355378616177,3899.583350771785,4769.799172041522,14,10,CA,155,1,BC,0,1,1,1,500.0,0,INTERNET,1.9390249840469336,other,1,1,0,3
0,0.1,0.8664766580956561,-1,31,40,0.021699707960269,-0.8501059778047015,AC,2409,10046.701137670769,5169.696223327289,5113.060275120764,0,4,CA,91,0,BB,1,0,-1,0,200.0,0,INTERNET,5.030070767710203,macintosh,1,1,0,3
0,0.3,0.9888597739189552,-1,250,70,0.0043402141331293,-0.6428439444477037,AC,3106,1655.3569940934551,6849.878008306861,5464.852422002655,8,1,CA,290,0,BA,0,1,-1,0,1000.0,0,INTERNET,5.484465782188251,windows,0,1,0,1
0,0.8,0.8926677401354838,-1,52,30,0.0326470513545045,97.55691504068672,AB,1320,6435.826118142762,4620.339553666623,4862.878752960385,18,15,CA,194,0,BC,1,1,1,1,1500.0,0,INTERNET,1.5888762219473491,linux,0,1,0,3
0,0.4,0.7150675144719,-1,55,20,2.846453427932415,-1.3882936640242804,AC,2849,2480.3717350235474,5601.702486322681,5348.340241873862,1,10,CA,16,1,BC,0,1,-1,0,200.0,0,INTERNET,7.069971731124997,other,0,1,0,6
0,0.7000000000000001,0.3387448621490349,52,11,20,0.0185564644074248,-1.4552181163673543,AC,1034,11293.049212341131,7702.560061095723,3180.4925196773406,0,7,CA,99,0,BB,1,1,-1,0,200.0,0,INTERNET,4.55511132331114,linux,1,1,0,1
0,0.1,0.4922420717044113,-1,53,20,0.0254064953953131,52.49934258862028,AA,2874,7422.054323391644,4909.116750508391,5531.114568243454,2046,7,CB,49,1,BE,0,1,10,0,200.0,0,INTERNET,5.386611556563115,linux,0,1,0,1
0,0.9,0.459333465544235,-1,66,40,0.002030876361217,-1.5411208818206548,AD,3520,6514.964978739945,2601.0657354619893,6608.05108660433,9,15,CB,93,1,BC,1,1,15,0,200.0,0,INTERNET,0.654799229522854,linux,1,1,0,0
0,0.9,0.4439512257997147,-1,31,40,1.2169120343534496,-1.5951417182492518,AC,1399,7661.513762647095,6898.210178512441,6694.3467491764895,1,15,CA,79,1,BC,0,1,-1,0,200.0,0,INTERNET,6.596155694008223,other,0,1,0,0
0,0.9,0.1059001641853685,-1,103,20,0.0187534016555104,11.376125300176332,AA,1387,4549.762689100789,4477.646753558826,4817.277056367928,764,16,CD,56,1,BC,0,1,3,0,200.0,0,INTERNET,19.65166582915861,windows,0,1,0,3
0,0.9,0.4311909330081829,55,15,40,0.0028379340443752,-0.2347831160064316,AC,861,2794.710842754296,2609.812396618759,3073.272115112344,0,5,CA,333,0,BA,0,1,-1,0,1500.0,0,INTERNET,4.2500310113333,linux,1,1,0,7
0,0.7000000000000001,0.5887197899008445,-1,39,20,0.0009761125093463,-0.9195548377351408,AB,795,4542.5857043056,4601.127975446566,5350.950067871489,12,7,CA,-46,1,BE,0,1,1,0,200.0,0,INTERNET,11.33743752963328,other,0,1,0,1
0,0.1,0.0766774342227389,22,4,20,0.0305928792392857,-1.735774358289386,AD,1457,7337.27177952184,6290.815643444353,5918.791918683732,1,16,CA,92,1,BC,0,1,21,0,200.0,0,INTERNET,2.9694223838982943,linux,1,1,0,0
0,0.7000000000000001,0.5078342754710977,-1,32,40,0.0344743484746502,-0.8471121204366304,AC,816,6335.347013632365,5165.058212590353,5586.562050447361,1,15,CB,106,1,BC,1,1,-1,0,200.0,0,INTERNET,5.470191850614722,linux,1,1,0,1
0,0.3,0.1144938383706227,24,11,20,7.449577976810055,49.32407164919399,AA,2670,7827.994469318522,6018.006524025926,4899.66077528276,27,11,CA,162,0,BC,0,1,31,0,1500.0,0,INTERNET,3.984150323089084,linux,1,1,0,2
0,0.4,0.4836832750190175,-1,41,30,0.0019221994557674,40.81965347867426,AA,1277,6748.510859185843,4265.992170563368,5574.029377742552,7,12,CA,37,1,BB,0,1,30,1,200.0,0,INTERNET,5.441374835931424,other,0,1,0,2
0,0.7000000000000001,0.5260890037636452,-1,175,20,0.0250543588608659,25.53928801465011,AA,3842,9049.44004034032,8259.352479490308,6686.631526282122,13,12,CA,31,1,BC,1,1,6,0,200.0,0,INTERNET,7.188599837038536,linux,0,1,0,0
0,0.8,0.6635038412343581,-1,58,20,0.0315284043265761,7.547795151179034,AA,2280,4867.578186427737,7197.278564447681,5610.576466747608,292,13,CA,43,0,BE,1,1,1,0,200.0,0,INTERNET,2.0535506852493013,macintosh,1,1,0,1
0,0.1,0.7367653941103253,-1,135,40,0.0129415427111475,11.337770537426383,AA,3369,5921.587655318673,8647.897549845738,5333.814121568767,1250,10,CA,99,0,BB,1,1,25,1,200.0,0,INTERNET,8.346559528692767,other,1,1,0,1
0,0.4,0.9161187103855934,-1,43,20,0.0169759107800964,-0.8920049534546912,AB,1175,9412.492074404723,6901.154979774765,4836.780787784323,27,12,CD,93,1,BC,1,1,27,0,200.0,0,INTERNET,6.698437781813848,other,1,1,0,3
0,0.4,0.0130834750634369,-1,147,40,0.0354548553622694,-1.0842517489824626,AB,778,5681.598729456104,5552.565040758729,4767.841877340102,920,10,CA,217,1,BA,1,0,26,0,1500.0,0,INTERNET,15.499140634890711,windows,0,1,0,3
0,0.5,0.6074717548994407,31,11,30,3.883408704544607,22.116540135251505,AA,930,13820.713523591125,2818.158538223909,4307.299819841413,6,14,CA,75,1,BC,0,1,28,1,200.0,0,INTERNET,2.193559804726166,linux,0,1,0,5
0,0.7000000000000001,0.180306812484336,-1,216,20,2.3960479898595546,23.12470166519539,AA,682,6162.191281039222,4826.5883123208505,4312.3526463195285,16,5,CB,120,0,BC,0,1,21,0,200.0,0,INTERNET,4.764387546012303,x11,0,1,0,5
0,0.9,0.2852852135415004,-1,187,40,0.0107874290935846,-0.9013273730842069,AB,968,4695.077571229037,2521.849000483708,4252.8862543918485,12,14,CA,270,0,BA,1,1,1,0,1500.0,0,INTERNET,1.235458965284757,windows,1,1,0,5
0,0.5,0.913894252175528,-1,369,30,0.0239623341789375,-1.2006358544060665,AB,1795,2415.815620123316,4335.638349218227,5595.863063328798,692,13,CA,28,1,BB,1,0,15,0,1500.0,0,INTERNET,4.5047753536304285,windows,1,1,0,2
0,0.8,0.082501287816155,-1,80,60,0.0046823776364725,-0.4584323444273834,AA,1063,6029.132005761364,5548.074174583091,4142.025790921138,2,3,CA,214,0,BC,1,0,15,0,500.0,0,INTERNET,10.101182181349348,linux,0,1,0,7
0,0.7000000000000001,0.1503647447951547,-1,183,30,0.0036494134040178,-0.973387093569062,AB,2766,2698.5202068794856,4150.318075809949,4916.835091899099,0,12,CA,149,0,BC,0,1,28,0,200.0,0,INTERNET,4.298006501184835,windows,0,1,0,3
0,0.9,0.1660405641010454,50,6,40,0.0005921334873034,-1.0614042292556145,AC,636,3099.4955074131603,4309.952256823913,3184.890036267212,1,6,CA,91,0,BB,0,1,-1,0,200.0,0,INTERNET,2.450631652770517,other,1,1,0,7
0,0.9,0.8423862022774632,-1,252,20,0.0061887410721276,-0.6088569995582302,AB,997,6189.557114320519,5356.895391916156,4206.800293272103,1868,9,CA,216,0,BB,1,0,24,0,1000.0,0,INTERNET,6.988313736948848,other,1,1,0,5
0,0.1,0.8033349519685538,152,23,40,0.0015993600126987,17.32453452176624,AA,898,8098.204887611989,6548.828857120789,6378.458802014528,1,10,CF,66,1,BC,0,1,1,1,200.0,0,INTERNET,5.5242340362078215,other,1,1,0,0
0,0.4,0.109834042350609,-1,23,20,0.0043286356282392,-1.51812582137451,AB,2456,7084.50180783297,6303.640976910192,6691.842514343946,1850,13,CA,60,1,BC,1,1,1,0,200.0,0,INTERNET,8.460722312375182,other,1,1,0,0
0,0.1,0.0574130301828213,-1,8,30,0.0126231867759156,-1.5432565578257864,AB,3735,10425.57098954966,8092.718541854172,5837.865738082984,3,5,CA,141,1,BC,0,1,21,0,1500.0,0,INTERNET,4.5961884329858576,linux,1,1,0,0
0,0.9,0.2741427968845101,-1,79,40,0.0082414595183347,23.95741744783843,AA,2950,8557.315062729775,5322.446365627886,6364.118767702836,1596,8,CB,211,0,BC,0,1,1,0,500.0,0,INTERNET,8.476076697607098,windows,1,1,0,0
0,0.6000000000000001,0.16113753486994,-1,32,50,0.0137508931674211,-0.7245492963432634,AC,1422,2404.107701117873,4198.907687121859,4900.882348196377,0,1,CC,89,1,BA,1,1,-1,0,200.0,0,INTERNET,4.05600644330744,windows,0,2,0,0
0,0.2,0.518070645942188,-1,138,40,0.0013382577651757,39.62459560390886,AA,1064,2754.0380477643403,2630.571957554145,3896.591257504055,1899,8,CB,96,0,BC,1,1,15,0,200.0,0,TELEAPP,1.979065988027156,other,1,1,0,6
0,0.1,0.1864957748761234,-1,32,20,2.3406952339940963,-1.5971206868703152,AC,1247,8000.1162274723165,6732.505421705413,5338.701277336082,1,12,CD,62,1,BB,0,0,-1,0,200.0,0,INTERNET,0.8216836250981507,other,1,1,0,1
0,0.1,0.4672430983898633,-1,258,20,0.0163321708064758,-0.6934645309679521,AC,1829,5501.38831410701,3482.0907119739195,4857.290608947556,0,6,CA,211,1,BA,0,1,-1,0,1500.0,0,INTERNET,3.986410272232913,windows,0,1,0,3
0,0.1,0.8716382420754114,-1,63,30,3.1406573816813577,22.1084789035343,AA,2916,5763.860629442004,3881.386924312741,5522.430411140987,12,17,CA,99,1,BE,0,1,10,1,200.0,0,INTERNET,25.834931744566173,windows,1,1,0,2
0,0.8,0.7152785253465802,-1,176,50,0.0011289908705388,-0.8310637669896732,AA,817,3867.199763229263,5755.015815037821,4225.331027618842,808,8,CA,282,1,BC,1,1,10,1,1500.0,0,INTERNET,4.814765761999114,windows,0,1,0,6
0,0.6000000000000001,0.3946505983306503,24,5,40,0.0280333271715996,-0.1328047100295004,AC,914,6476.8411431682935,6846.225373042506,5520.177990695993,0,13,CA,240,1,BC,0,1,-1,1,1500.0,0,INTERNET,10.559051777783466,other,0,1,0,2
0,0.4,0.6060611396390961,-1,171,40,0.00077330517027,-0.8464076880231632,AB,4394,13435.663086809998,7484.802934906079,5912.05149504155,10,4,CA,247,1,BE,1,1,4,0,500.0,0,INTERNET,22.99653909241713,linux,1,1,0,0
0,0.8,0.580114686422547,-1,76,20,0.0018199494975698,-0.6620907130851565,AB,627,4824.166150944539,4947.582798366402,4181.765392464813,8,18,CB,269,0,BB,0,1,15,0,1000.0,0,INTERNET,3.377569461708024,other,0,1,0,5
0,0.8,0.993190768130706,-1,330,20,0.0031670970928106,50.48109665173548,AA,2573,5852.288896317732,4861.7875694379545,6004.201614097887,2040,13,CB,224,0,BE,1,1,1,0,1000.0,0,INTERNET,7.246880802188362,linux,1,1,0,1
0,0.9,0.2670087586082882,46,4,30,0.0144284311408143,24.954781757536345,AB,1083,2443.328958118313,2911.448869656256,3151.256092494295,1403,11,CA,112,1,BD,1,1,6,1,200.0,0,INTERNET,2.273872875786485,linux,1,1,0,7
0,0.8,0.142405975679982,-1,147,50,0.0219031591783612,-0.4631033092319745,AB,807,3402.490522926477,7990.357965297317,5581.126932066787,860,6,CA,168,0,BA,0,1,1,0,1500.0,0,INTERNET,2.9624131828560656,other,1,1,0,1
0,0.8,0.6939986104196463,9,5,20,0.0033676255932857,-1.2228424696199252,AC,4544,8310.405430268818,7027.531963753362,6360.243652466132,0,9,CA,113,1,BC,0,1,-1,0,200.0,0,INTERNET,12.6852548166809,linux,1,1,0,0
0,0.5,0.9938327695320762,52,10,30,0.0134023022115851,-0.6243648223508296,AB,3846,1412.903564819593,3468.365693197766,4298.205618664234,8,15,CA,148,0,BC,0,1,28,0,200.0,0,INTERNET,1.7820597587127376,linux,0,1,0,4
0,0.6000000000000001,0.5845293100717364,86,8,20,0.0342230828735905,-1.9007203999864293,AD,526,8582.663167954079,5452.225243615055,6719.392848241714,16,20,CF,22,1,BG,0,1,11,0,200.0,0,INTERNET,22.15702952607007,other,0,1,0,0
0,0.6000000000000001,0.1981767849721064,-1,116,40,0.0028594583176302,-0.3143190612599857,AC,5466,9204.134691185229,5491.6063498195645,4779.932997074036,0,3,CA,171,1,BA,0,0,-1,0,500.0,0,INTERNET,4.029269493763683,windows,0,1,0,3
0,0.4,0.8205338840399657,23,13,30,7.1650053818731765,28.88199240383521,AA,2987,5153.098730586315,8285.301706785343,5727.251251642452,17,9,CA,69,1,BB,0,1,10,0,200.0,0,INTERNET,38.32644354810302,other,1,1,0,2
0,0.5,0.8443640748402239,-1,43,20,0.0173469386865026,36.34979591788815,AA,2796,9011.896590912693,4223.106460023733,4350.795787356582,15,6,CA,96,1,BE,1,1,31,0,200.0,0,INTERNET,2.9065275141828035,windows,0,1,0,4
0,0.6000000000000001,0.1210824466112522,-1,54,50,0.0141430597573545,34.81474708609264,AA,1022,4113.837250740818,3886.3948204763337,4282.859124208212,1930,12,CA,5,0,BC,1,1,28,1,200.0,0,INTERNET,3.455822528764931,other,0,1,0,6
0,0.1,0.8528726816070847,138,5,30,0.0238915901547343,50.38652738695199,AA,765,11080.9371454972,5133.128749936464,5253.904742758372,17,4,CA,100,0,BC,0,1,15,0,200.0,0,INTERNET,2.061296083066745,other,1,1,0,2
0,0.7000000000000001,0.3586249729654556,25,4,30,0.000211739664894,-0.9099487389670384,AC,929,5791.087321341684,3360.9409160701784,3108.2522183533533,1,7,CA,219,1,BA,0,1,-1,1,1500.0,0,INTERNET,3.6775171492735166,linux,1,1,0,7
0,0.6000000000000001,0.559444291785364,-1,7,30,0.0189684499713583,-1.8837943888154407,AC,899,3186.545836213852,3157.141146498237,3064.773712847711,0,10,CA,36,0,BA,0,1,-1,0,200.0,0,TELEAPP,3.363975926655568,other,0,0,0,7
0,0.1,0.8976791136973192,-1,100,20,0.0090688030180939,-0.5669348158853282,AC,2396,5233.792588460633,4304.24295173313,5646.794128580514,0,13,CA,122,0,BB,0,1,-1,0,200.0,0,INTERNET,3.9731471104786658,windows,0,1,0,2
0,0.9,0.2856929717810746,-1,55,40,0.0062338584892516,-1.2973064701191783,AC,1439,5680.820543181822,4692.095776582079,4893.0361023931655,0,7,CA,256,1,BA,1,0,-1,1,1000.0,0,INTERNET,8.724156726223086,windows,0,1,0,4
0,0.6000000000000001,0.2223486904830619,-1,34,30,0.0102210483745871,-1.111483035631136,AC,1183,4353.503248694225,4082.208454735193,4384.2420596711545,1,4,CA,125,1,BC,1,1,-1,1,500.0,0,INTERNET,5.548487184905365,other,0,1,0,6
0,0.1,0.2340727100890365,23,0,30,0.0075864862204137,-0.7702372086590685,AC,2557,3074.640157574891,6525.270753937342,5608.786918429048,0,16,CA,168,1,BC,0,1,-1,0,200.0,0,INTERNET,7.325145769479339,other,1,1,0,1
0,0.4,0.9217066752830664,-1,27,30,0.0306906809453271,-0.8794013160845597,AB,897,3599.152419181596,2981.934287963455,4415.847036065236,10,9,CA,137,1,BB,0,1,28,1,500.0,0,INTERNET,2.225944212810492,other,0,1,0,6
0,0.9,0.6732648912712937,126,6,20,0.0084505799436318,38.52833042757047,AA,1010,5264.492847260748,2906.2773287741084,4808.224332980875,266,10,CB,128,0,BC,0,1,31,0,500.0,0,INTERNET,2.022085470932389,linux,0,1,0,1
0,0.6000000000000001,0.5194638048957143,-1,105,30,0.0060217179358899,-0.8694959951900483,AB,749,2805.702127563386,5801.705297546679,4757.517573107016,1,10,CA,186,0,BD,1,1,1,0,500.0,0,INTERNET,7.318933209062723,linux,0,1,0,3
0,0.6000000000000001,0.4305379744048977,-1,230,40,0.0122119279505073,-0.2696719352000976,AB,822,5103.231523776993,3981.5669813264735,5232.434519886162,19,4,CA,144,1,BE,1,1,6,0,200.0,0,INTERNET,23.702019520221032,linux,1,1,0,2
0,0.2,0.5696653998113028,10,12,20,0.0179814226466489,-1.0156439823734666,AD,2157,11064.585503275972,4737.839420572119,5098.964852243295,9,15,CA,36,0,BC,0,1,26,0,200.0,0,INTERNET,12.636261550636572,linux,0,1,0,2
0,0.3,0.218415459737738,-1,58,40,0.0142980132945374,49.86997925062909,AA,4033,3757.379613365257,4952.3686025983225,4301.686947309903,16,12,CA,201,1,BE,0,1,30,0,500.0,0,INTERNET,2.2370069621005952,other,1,1,0,5
0,0.3,0.0535069127297393,-1,36,70,0.0278939518183131,-1.3696414735035254,AB,1299,8168.775010498707,5831.410071839126,4326.044026407481,1,2,CC,114,1,BB,1,0,-1,0,200.0,0,INTERNET,6.566910005475769,other,1,1,0,5
0,0.1,0.0909185082874315,60,9,20,0.0082998823436448,-1.5096167807537073,AC,1725,1516.5104071785322,3202.070018461203,4785.041000755873,1,21,CD,52,0,BB,1,0,-1,0,200.0,0,INTERNET,8.214192591286077,other,0,1,0,4
0,0.2,0.9019965256633912,-1,254,20,0.8828960978443791,-1.0732795762302507,AC,1580,6158.196000216341,3035.0380909238484,3800.284333671137,0,9,CA,98,0,BE,0,0,-1,0,200.0,0,INTERNET,8.086205091499133,other,1,1,0,6
0,0.1,0.3900986982268577,22,3,30,0.0269129404981693,-1.1622561608321582,AC,35,1601.7435059203174,1610.2058926045029,3111.176978788542,0,5,CA,147,0,BC,0,1,-1,0,200.0,0,INTERNET,1.33856521286704,other,1,1,0,7
0,0.6000000000000001,0.5618592483112264,-1,105,20,0.0060271579658179,51.68979055827416,AA,972,9277.83734262547,6612.707916972357,6604.084569722624,37,12,CB,155,1,BE,0,1,30,0,200.0,0,INTERNET,3.5709648784560035,other,1,1,0,0
0,0.2,0.9241525596098902,32,4,20,6.81308070447826,35.28583651303864,AA,674,8822.658654291909,5055.780674314893,5360.454206748696,862,5,CE,262,0,BC,0,1,5,0,500.0,0,INTERNET,5.108649897654042,windows,1,1,0,2
0,0.1,0.6009303105491784,30,20,20,11.27406270063834,31.25654316888557,AA,2392,3924.095633160829,3664.1104949753058,5157.091747670287,22,12,CA,-1,1,BE,0,1,21,0,200.0,0,INTERNET,5.464548781851542,other,1,1,0,2
0,0.9,0.5440604804268264,13,9,40,0.0178635196278519,-0.6883656465289189,AD,2323,1526.2524101546228,4787.616450368144,4388.908870077931,15,7,CD,55,1,BB,1,1,20,0,200.0,0,INTERNET,8.557960700354753,linux,1,1,0,4
0,0.9,0.9920076812716988,-1,202,30,0.0188546260655737,20.1319584976367,AA,1870,12616.49028396994,5977.503658794746,6355.338494430447,4,12,CA,100,0,BE,1,0,1,1,200.0,0,INTERNET,2.985794497774031,macintosh,1,1,0,0
0,0.2,0.4730893308507984,-1,94,20,0.0115851390115192,-1.221274813057275,AC,650,4230.606901558387,4547.871840704305,5058.4398681271705,0,9,CA,60,1,BC,1,1,-1,0,200.0,0,INTERNET,5.4484519015169095,windows,0,1,0,3
0,0.8,0.4075296869858077,27,5,30,0.014517686595812,-0.8595224173821815,AC,906,8972.394887389873,5087.945535829474,4619.288686714912,1,16,CA,162,0,BC,0,1,-1,0,500.0,0,INTERNET,7.997572067076768,windows,0,1,0,3
0,0.8,0.476190454088839,-1,56,20,23.60728394860517,-0.5588138680938346,AC,996,2927.243893964465,3040.420451904008,5327.129055362325,0,19,CA,99,0,BE,0,1,-1,0,200.0,0,INTERNET,2.694832589093642,other,1,1,0,1
0,0.5,0.9211224163899212,13,10,20,0.0087247937787927,-0.207677310688787,AD,511,4881.109379554201,3857.213070160592,3120.312451078505,20,15,CA,109,1,BE,0,1,30,0,1000.0,0,INTERNET,37.40345523242395,linux,0,1,0,7
0,0.6000000000000001,0.8898370082431857,-1,101,10,0.0015443736339632,-1.1310097125236849,AC,1399,5022.44889911998,5295.567191834312,3752.50844813572,1,8,CA,161,0,BE,0,1,-1,0,200.0,0,INTERNET,2.130622706672823,windows,0,1,0,6
1,0.9,0.6713981848477034,-1,86,40,0.0233711344096617,38.86634064199072,AA,1890,1614.7017610047028,3023.575410568969,5479.692522438866,13,7,CA,106,1,BA,0,1,31,1,200.0,0,TELEAPP,2.979465369437663,other,0,0,0,7
0,0.8,0.2826453188705522,-1,68,30,0.0391967261299615,-0.8860164542851333,AB,3049,3915.0379962920015,2916.4004169809205,4326.504739594454,6,12,CA,109,0,BB,0,1,10,0,200.0,0,INTERNET,4.144450510012741,linux,0,1,0,5
0,0.1,0.5331817655430877,45,-1,30,0.0280088233916491,-1.800052670185174,AB,462,3563.6831543940007,2516.2598587527623,4745.764992750768,4,18,CA,156,1,BB,0,1,1,0,500.0,0,INTERNET,47.72080097530065,linux,0,1,0,3
0,0.5,0.833745325684923,30,14,20,0.0145367602384213,-0.5447699997663333,AB,1694,8244.003650170815,5584.561413723424,4879.761125939092,9,18,CA,170,0,BE,0,0,1,0,1000.0,0,INTERNET,7.153551226241075,other,1,1,0,3
0,0.3,0.7314110385025818,-1,233,70,0.0203987134249697,-1.6031355878274065,AB,1084,3641.357403384447,3601.528134774854,4184.797073597451,1555,1,CC,226,1,BA,1,1,21,0,1000.0,0,INTERNET,1.4295501955993402,windows,0,1,0,1
0,0.1,0.1230884014958164,-1,219,40,0.0168149208164803,-1.1992251741760844,AB,1210,5485.960954506876,3702.579539483249,6749.512557429855,36,2,CC,119,0,BA,1,0,31,0,500.0,0,INTERNET,8.144116439763796,x11,0,1,0,3
0,0.9,0.2451495451070056,25,125,40,0.0375214054755946,40.63189734142398,AA,1110,4619.388892457447,3331.219825752969,3735.9404333443294,15,4,CF,100,0,BA,1,1,15,1,500.0,0,INTERNET,6.400888479900463,other,1,1,0,6
0,0.8,0.1821308276323084,-1,101,20,1.3998892980552742,-0.9223781312631651,AC,1357,3987.429383987144,3574.714782573389,4216.375254948878,0,11,CA,77,0,BB,0,1,-1,0,200.0,0,INTERNET,4.534935664220012,linux,1,1,0,5
0,0.1,0.6670884407117049,-1,237,10,0.0168282527094251,-1.3326200488012403,AD,719,2107.1781595626408,5116.111786649314,4224.166199451352,2,5,CE,120,1,BE,1,0,28,0,200.0,0,INTERNET,2.764056356940132,windows,0,1,0,6
0,0.1,0.5597432087695453,-1,86,40,0.0075952602239247,-0.4575661954621789,AB,842,5632.437396352761,3579.217095826203,5142.445384917293,14,4,CD,150,1,BB,0,1,1,1,500.0,0,INTERNET,5.85082326470122,other,0,1,0,6
0,0.6000000000000001,0.6836841949422491,-1,247,50,0.0067539607576485,-1.0123981397783497,AD,2340,1424.2802237415417,4734.295300232104,4084.893396684333,211,11,CA,218,0,BA,0,1,26,0,1500.0,0,INTERNET,3.2081933740626605,windows,0,1,0,5
0,0.6000000000000001,0.6794495855691198,-1,191,40,0.0199066750660727,-1.1541607967762073,AB,1634,5082.018079707388,3734.720854080509,4440.735777762543,11,5,CA,181,0,BE,1,1,31,0,200.0,0,INTERNET,2.3954449069825743,other,1,1,0,3
0,0.3,0.4526045135289538,11,7,30,3.0489578762986813,-0.8772965131374307,AC,994,7574.261063764327,5132.021655591949,4828.631122432371,0,13,CD,102,1,BC,1,1,-1,0,200.0,0,INTERNET,6.260662319327363,linux,1,1,0,4
0,0.9,0.0423899485970147,60,2,30,0.0118648215742918,1.5938640827708532,AA,495,6271.199436911691,3917.040951987001,4691.510200652964,1328,15,CA,119,0,BA,1,1,10,1,200.0,1,INTERNET,3.764707739853496,macintosh,0,1,0,3
0,0.1,0.3753426100818759,24,2,30,0.0261294048108249,-1.95117444008634,AC,263,2283.214459876188,3258.548946437918,3417.7536726222606,0,13,CA,180,1,BC,1,0,-1,0,200.0,0,INTERNET,6.9438533036933405,macintosh,1,1,0,6
0,0.4,0.8819939776595865,-1,84,30,0.0303575711671328,-0.9883848574435676,AD,1042,14023.361266221717,7164.1835720494055,5589.293441366895,5,5,CA,196,0,BA,0,1,28,0,2000.0,0,INTERNET,5.700275764084831,windows,0,1,0,1
0,0.2,0.4943185487013792,-1,83,40,0.0261252206077033,-1.4474053388463044,AB,2588,5487.799380303975,4584.5653612236265,5562.565635676261,1,4,CA,106,0,BB,1,0,-1,0,200.0,0,INTERNET,21.959302872226232,linux,0,1,0,2
0,0.6000000000000001,0.1069877964690684,98,4,20,8.318031943158376,48.725211823469344,AA,1874,4384.771463648711,5596.608629295626,3600.60422501784,36,10,CA,167,1,BA,1,1,10,0,200.0,0,INTERNET,28.24531568906417,other,0,1,0,6
0,0.8,0.0743586047024949,35,16,40,0.0109619102020804,-1.4283297111677684,AC,1339,9386.93624768078,7464.052439860799,6801.274551005962,2,13,CA,139,1,BC,1,1,-1,1,1500.0,0,INTERNET,4.781587992319722,linux,1,1,0,0
0,0.7000000000000001,0.0899775457834047,-1,189,20,0.0235707112484934,-1.4210959799817855,AB,1136,4838.751156343058,3347.325842586973,4216.192726657208,635,11,CA,186,0,BB,0,1,28,1,200.0,0,INTERNET,1.5054335694411998,windows,0,1,0,5
0,0.5,0.1579496695419249,-1,252,10,0.0081630283445965,32.13773341255933,AA,1036,1773.2441265534296,2688.790805197873,4084.5235324016944,7,5,CA,70,0,BE,1,1,1,0,200.0,0,INTERNET,2.0557969432102747,other,1,1,0,5
0,0.6000000000000001,0.7406720745981361,-1,373,40,0.5025949726687516,-1.4704332110216076,AC,1166,6382.977285315403,5112.466392749509,5291.670218446443,1,13,CB,54,1,BD,1,1,-1,0,200.0,0,INTERNET,7.815018238277767,other,1,1,0,1
0,0.5,0.2521682859401251,-1,51,50,0.0193308750397388,-1.4212713344687635,AC,630,4821.565729610016,2458.25935256218,4106.396275764104,1,4,CA,185,1,BB,0,1,-1,0,200.0,0,INTERNET,6.3970236620661565,windows,1,1,0,5
0,0.8,0.3866014964594676,21,44,30,0.0133759520792525,-0.0988827659745865,AA,1016,8863.259393273578,6651.339905483534,4165.722618540851,30,14,CA,169,0,BC,0,1,3,1,200.0,0,INTERNET,2.484220501065748,macintosh,0,1,0,6
0,0.6000000000000001,0.1455755351422203,-1,141,50,0.0166020131053206,-0.8918634416665037,AC,3111,1215.4882713193072,3081.28440048383,3636.185310082223,1,4,CA,195,1,BB,1,1,-1,0,1000.0,0,INTERNET,2.7750596704152564,windows,1,1,0,6
0,0.8,0.8795852226148083,-1,59,40,0.013798548510685,-0.8369505587637931,AB,2517,2085.522010399658,6700.575543341439,5979.407566671736,3,8,CA,105,0,BB,1,1,28,0,1500.0,0,INTERNET,4.956568218681234,other,0,1,0,5
0,0.8,0.4630068755923202,-1,82,40,0.0201532956843007,31.91688342112221,AA,422,5157.679901873964,3799.648527159333,4709.335557938849,34,8,CA,156,1,BC,0,1,1,0,500.0,0,INTERNET,8.266666393280705,windows,0,1,0,3
0,0.8,0.9944868043838117,97,6,10,0.0127984809079491,-0.9655688194110064,AA,869,4550.318754557181,6448.46487958389,4395.036585384778,1,10,CA,165,0,BE,0,1,1,0,200.0,0,INTERNET,1.2844731083558014,windows,0,1,0,5
0,0.8,0.5036193884133163,22,15,30,0.020586043820293,-1.4886531339055595,AB,994,1062.2206361363928,3636.916607523656,4226.143872067232,8,15,CA,147,0,BC,1,1,1,1,200.0,0,INTERNET,8.628973608321136,other,0,1,0,6
0,0.1,0.4644494035241428,-1,205,30,0.013682475676561,25.635557724618025,AA,742,4791.687743689778,4415.149205243632,5604.107143886996,488,14,CA,126,0,BA,1,1,1,1,200.0,0,INTERNET,4.258869148003963,linux,1,1,0,1
0,0.7000000000000001,0.3592405345487717,22,22,20,16.939249177465573,18.60310212046328,AA,624,1619.3028071138838,3349.865084374604,5072.676597788353,1849,16,CA,102,1,BC,0,1,15,0,200.0,0,INTERNET,6.20417745873198,other,1,1,0,3
0,0.7000000000000001,0.5361199708857332,-1,41,20,0.0045011077069149,-1.16788059324731,AD,2314,3585.407158008609,5856.231781173876,4969.743914943068,16,15,CA,71,1,BC,1,1,1,0,200.0,0,INTERNET,4.163872599767449,other,1,1,0,4
0,0.7000000000000001,0.3349669292638748,-1,25,40,0.0166545177407053,-1.9152145779192948,AB,1162,5045.613550707455,3375.514734740407,3098.542803165927,15,2,CA,105,0,BB,0,1,20,0,200.0,0,INTERNET,0.9654102049429096,linux,1,1,0,7
0,0.4,0.2822018887788639,-1,141,40,0.0160514136872004,-1.08100408818275,AB,1561,4699.9260208596415,3882.04049308159,4311.729956256436,15,7,CA,133,1,BB,1,1,1,0,200.0,0,INTERNET,4.801620254100044,macintosh,1,1,0,6
0,0.1,0.5275948730580425,-1,75,30,0.0020408866993702,-0.8255248154044466,AC,2909,10354.403909219449,6972.846111854362,5669.748250757759,1,15,CA,108,0,BC,0,1,-1,0,200.0,0,INTERNET,3.268184387192184,other,1,1,0,1
0,0.8,0.1443016283178941,11,19,30,0.0208481337026122,-1.44557474020272,AD,4002,5376.214381128525,5714.94854481312,6367.376686929847,11,17,CA,68,1,BC,0,1,1,0,200.0,0,INTERNET,1.6714176290720624,linux,1,1,0,0
0,0.9,0.1884726510048873,-1,59,30,0.0032291139998593,49.89618809162224,AA,1644,6336.916094112907,3341.3404146263865,4248.49716048463,0,12,CA,241,1,BD,0,1,30,1,500.0,0,INTERNET,1.504209292965644,linux,0,1,0,6
0,0.2,0.9098190019905268,-1,102,20,0.0307880784586403,-0.8239607672355085,AB,608,4896.357686619318,2809.359893068117,4214.4444362407485,1,10,CA,171,0,BE,1,1,15,0,200.0,0,INTERNET,1.6085388416773756,other,1,1,0,5
0,0.8,0.6104313650647933,-1,29,40,0.0292495463240998,-1.4628204864339376,AB,328,5418.073680657016,3927.285584961837,4408.411493345589,0,13,CA,116,1,BB,0,1,20,0,500.0,0,INTERNET,0.8141845799167141,linux,0,1,0,6
0,0.3,0.6938963943599135,-1,108,40,0.0286178933298212,-0.9294758921227324,AB,1070,4415.810757262972,4838.371228026893,5357.159999155328,1,10,CA,131,1,BE,0,1,11,0,1000.0,0,INTERNET,10.293899265404509,other,0,1,0,1
0,0.6000000000000001,0.7033775193884976,-1,36,30,0.0100176373635364,100.31464363212336,AA,1889,7075.374719719118,3821.260802467029,4898.669929746733,534,9,CB,79,1,BB,1,1,22,0,200.0,0,INTERNET,4.927163073789405,windows,1,1,0,4
0,0.2,0.346710410174093,-1,50,40,0.0321940321448108,-1.5854107993154285,AC,1499,2211.946392968895,4755.555985964203,4315.8278273685655,0,5,CA,75,1,BC,0,1,-1,0,200.0,0,INTERNET,13.953941921100276,linux,1,1,0,4
0,0.1,0.2488468334880387,-1,42,50,0.0044705169764401,-0.5823950571881711,AD,577,8500.452636096172,4817.89862824685,4219.407492439013,40,2,CC,65,1,BC,1,0,30,0,200.0,0,INTERNET,7.132193369238857,other,1,1,0,5
0,0.9,0.4823369589546962,99,6,40,0.0055267091646338,30.396853113611925,AA,675,6644.41383437021,3006.837587959314,4388.09657583944,1,11,CA,137,0,BB,1,1,25,1,500.0,0,INTERNET,16.243763383884815,other,0,1,0,2
0,0.1,0.6307595798537213,168,194,50,0.0122440998626646,-0.9526059535597148,AB,677,1450.37086942845,4558.506192863072,5328.80285427632,14,4,CC,181,1,BB,0,1,5,0,200.0,0,INTERNET,22.209988256962863,macintosh,0,1,0,2
0,0.1,0.159065219082575,320,129,20,9.618123393985517,14.098923628419616,AA,2495,7962.322533303193,7493.567878105179,6364.496165901923,7,9,CA,99,1,BE,0,1,21,1,200.0,0,INTERNET,8.025721025971647,linux,0,1,0,0
0,0.8,0.4616735447865973,103,7,40,20.897506259913413,-0.8823706094805287,AC,1097,3246.20729022988,2264.146193857145,3086.3098725893988,1,8,CF,75,0,BC,0,1,-1,0,200.0,0,INTERNET,7.016068007529162,windows,1,1,0,7
0,0.9,0.8560799391132268,-1,29,50,0.0245318314361002,-1.3963065841282445,AD,544,8067.222385940624,5908.815557681412,4899.216484096593,34,11,CA,173,1,BB,0,1,1,1,1000.0,0,INTERNET,9.58655688468288,windows,0,1,0,3
0,0.8,0.8240598730960867,-1,58,40,0.0130464428498804,-0.5202368222787344,AD,749,7089.702570145508,5189.157357892271,4297.96661854988,6,4,CA,310,1,BC,0,1,28,1,1500.0,0,INTERNET,3.8470293918853287,other,1,1,0,5
0,0.1,0.9014653482011884,-1,64,40,0.0140005850542287,-0.8245948807963563,AB,4693,5372.955983580245,4919.369456653449,5102.254382588792,17,6,CA,203,1,BA,0,1,30,0,1500.0,0,INTERNET,9.169943032829552,linux,1,1,0,3
0,0.9,0.5787569483519489,23,3,30,0.0351238894223051,-1.7931397050290525,AB,1286,7810.4444468186,3896.1836675435297,4759.408772676648,2,10,CB,87,1,BC,0,1,1,0,200.0,0,INTERNET,3.590239847524345,other,1,1,0,3
0,0.1,0.1007347072344633,-1,189,20,3.914039048717875,15.987530099340905,AA,2323,4581.071224767908,3528.401109598084,5710.2399477548925,1829,2,CB,109,1,BE,1,1,31,0,500.0,0,INTERNET,11.36602471675834,windows,0,1,0,2
0,0.1,0.1412777073226376,-1,197,60,0.0131416722733999,-1.3045304743308073,AB,1291,2920.518383616027,2982.8483424960828,4336.798791797147,51,1,CC,102,0,BB,0,1,20,0,200.0,0,INTERNET,4.708505633307175,linux,1,1,0,5
0,0.3,0.4114443776847439,-1,39,20,0.0136369894437076,-1.3564333181247,AB,1224,5645.826575787752,5031.94114496505,4344.379288697836,13,19,CA,111,0,BB,0,1,15,0,200.0,0,INTERNET,4.047704662129765,other,1,1,0,6
0,0.1,0.8417545202722446,-1,118,10,0.0234083007393992,-0.2104780517561108,AD,1633,3087.25943082754,2866.778752912114,4355.395400715622,12,7,CA,60,0,BE,0,1,26,0,1500.0,0,INTERNET,35.00750631609348,windows,0,1,0,4
0,0.4,0.557823579219286,-1,199,40,0.0053400671095265,-0.5823971639522019,AB,1229,11654.619070519517,6839.024425374164,5444.384136582954,14,5,CA,60,1,BB,0,1,31,1,200.0,0,INTERNET,7.030223205932689,linux,0,1,0,1
0,0.6000000000000001,0.6957047560946412,-1,157,60,2.527080076108713,-1.1354618652300696,AD,1168,5046.826041030728,5103.843540131559,4313.61132369724,14,2,CA,237,1,BC,1,0,-1,0,1000.0,0,INTERNET,5.383086619732481,other,0,2,0,6
0,0.3,0.1499010177344881,-1,37,40,0.0290352304054753,-0.6438450383727872,AB,1733,5243.845838494703,4005.673003957724,4243.35103500619,180,21,CA,95,0,BD,1,1,1,1,200.0,0,INTERNET,1.622676213897365,linux,1,1,0,6
0,0.9,0.6894148574509561,33,157,40,0.0252518868264887,-1.1262587355106948,AC,2997,3423.8956899639647,3205.559461475192,3901.105587744714,0,2,CA,210,1,BA,0,1,-1,1,1500.0,0,INTERNET,1.9335225258339828,windows,1,1,0,7
0,0.6000000000000001,0.2677172473898861,-1,50,40,0.0235919426841168,-1.9316490406996387,AB,3243,1665.4992416535806,7394.282350417248,6322.754748900185,721,12,CA,198,1,BA,0,1,2,1,1000.0,0,INTERNET,1.014973430481083,windows,0,1,0,0
0,0.1,0.7781401975725856,-1,246,20,0.0015401193943164,18.41211533582501,AA,2154,2965.5415390880603,2593.9706095780552,4291.527103289334,282,10,CA,103,1,BC,0,1,25,0,200.0,0,INTERNET,8.040396331091124,linux,1,1,0,7
0,0.7000000000000001,0.0744040466675545,-1,42,30,0.0126346181546527,-1.3727697939652346,AD,2052,9863.54107606136,6365.09087704579,6703.8764192936205,810,18,CB,69,1,BC,0,1,15,0,200.0,0,INTERNET,4.108044367334154,other,1,1,0,0
0,0.2,0.6797063274990147,-1,95,40,0.0342432343062444,-0.9961858176853268,AD,1248,7414.503103169489,6053.612850726743,6681.579652633785,11,9,CB,244,1,BB,1,1,10,0,200.0,0,INTERNET,3.573705956824411,linux,1,1,0,0
0,0.8,0.5429695931371498,29,12,50,0.0142096383835329,-0.4224190063137733,AB,1375,3341.2814696342625,3980.269110708286,4824.536902025435,815,6,CA,176,1,BC,1,1,28,0,500.0,0,INTERNET,5.510131655204164,windows,0,1,0,3
0,0.2,0.7040912094852834,25,5,20,0.0068353199035093,-1.367827841034103,AC,1709,3231.797713098019,3579.690049873332,4293.589080971659,2,16,CA,204,0,BC,1,1,28,0,500.0,0,INTERNET,5.9098605140191065,other,0,1,0,5
0,0.6000000000000001,0.8417551744654388,-1,54,40,0.0081879347005041,-0.6776744242076266,AC,906,2992.2285068097785,4213.000751186301,3918.119617686815,1,15,CD,57,0,BC,0,1,-1,0,200.0,0,INTERNET,3.986973953103392,linux,1,1,0,6
0,0.1,0.4796191455369414,30,21,30,0.0216734823192966,-1.5720130351738428,AB,921,7121.887935534871,5097.609010423731,5549.244064412397,11,21,CA,77,1,BC,0,1,1,0,200.0,0,INTERNET,5.280551982790053,other,1,1,0,2
0,0.8,0.9966019400578182,33,26,30,0.0130383603998573,51.033844829592255,AA,1500,7449.906506171696,4368.035775160553,5175.043154537849,2,12,CA,70,0,BC,0,1,21,0,200.0,0,INTERNET,4.098117543424796,linux,1,1,0,2
0,0.9,0.8293041900828206,-1,24,20,1.0777753639122797e-05,-0.8118068177664384,AA,1280,2624.47230737287,5131.417813730213,5156.502706034427,1369,12,CA,94,1,BB,0,1,21,0,500.0,0,INTERNET,5.173195984451857,other,0,1,0,2
0,0.8,0.8058148435684251,-1,16,40,0.0098144256397705,-1.648458223120107,AB,2739,7552.344843445771,4359.922350841453,4423.197987855195,1,8,CA,100,1,BC,1,1,5,0,200.0,0,INTERNET,10.523853963671868,windows,0,1,0,5
0,0.8,0.6908024101574111,30,4,30,0.0071607645708073,-0.9096528955074126,AD,1325,4441.157158795132,4503.776199701147,5321.127065333905,1819,17,CA,111,1,BB,0,1,28,0,1000.0,0,INTERNET,3.8449599952370233,other,1,1,0,2
0,0.8,0.5301070682154421,-1,36,20,0.0060038902072301,50.09557693469248,AA,1679,2211.294150775398,2640.260602152294,3084.770946187822,1536,5,CA,108,0,BC,0,1,6,0,200.0,0,INTERNET,4.548516768182456,other,0,1,0,7
0,0.7000000000000001,0.7660006163593593,24,5,20,0.0104297435891342,35.50847900629859,AA,637,6574.898548750844,4766.1769447324905,5160.969726149557,0,10,CA,30,0,BC,1,1,11,0,200.0,0,INTERNET,9.038868106149527,linux,1,1,0,2
0,0.8,0.5125171494395627,-1,16,30,0.0101956400113111,50.513113418987295,AA,1685,12943.851841007792,6026.276407646561,5068.962906383434,11,17,CA,137,1,BC,0,1,1,0,500.0,0,INTERNET,6.190108779794581,linux,1,1,0,3
0,0.8,0.0845866482988009,-1,152,40,0.0125677450639369,-0.1516038585475864,AB,1693,6808.466389407608,5149.699992843975,5017.483552247554,33,9,CA,228,1,BB,0,1,25,0,1500.0,0,INTERNET,2.9233886763478667,windows,0,1,0,3
0,0.2,0.2073981864707172,-1,96,40,0.023032890787666,-1.2039454686363298,AB,1615,5373.212446405318,4861.172145650977,5491.28443961116,3,6,CA,120,1,BF,0,1,31,1,500.0,0,INTERNET,4.392298436822982,windows,0,1,0,2
0,0.1,0.4249118794618208,-1,110,40,0.0033538632350855,-1.3574682323361908,AB,3711,1395.2610916214785,7667.706723872291,5040.402057302299,13,7,CA,200,1,BB,1,1,2,0,200.0,0,INTERNET,21.57967970992765,windows,0,1,0,0
0,0.9,0.8202701126745122,-1,131,40,0.0159746477875021,102.87706626118134,AA,849,3801.3961596544286,5739.24939157286,4954.561694975963,21,2,CA,255,1,BB,0,1,2,0,1000.0,0,INTERNET,11.900414945198516,other,0,2,0,3
0,0.9,0.1085622576936318,-1,146,40,0.0162516151957585,31.188404920714863,AA,3898,3358.277594721432,6483.733635454079,6341.5256925276135,628,15,CB,133,0,BC,1,0,1,1,500.0,0,INTERNET,4.753455349808467,linux,0,1,0,0
0,0.8,0.2402837711190854,-1,72,10,0.0160837642525436,-0.6130421087175362,AC,3007,5894.866363706539,3566.47992931058,4821.315985577621,5,11,CB,127,0,BE,0,1,-1,0,200.0,0,INTERNET,7.370984333290576,other,0,1,0,4
0,0.2,0.7811822505781401,-1,46,50,0.0154995321697467,-1.1788056439636232,AB,1218,8507.110571147537,5676.799254903312,5407.4925636963735,11,7,CA,194,0,BC,0,1,11,0,1500.0,0,INTERNET,7.486059306030762,windows,0,1,0,1
0,0.8,0.4187707504979229,33,7,30,0.0231586308912301,50.89479856523202,AA,2722,1597.8709670695112,5533.179094818212,4370.07246185754,2,9,CA,170,1,BD,1,1,28,0,200.0,0,INTERNET,6.650235355507965,other,1,1,0,2
0,0.1,0.9095298155197198,-1,225,20,0.0106795177190271,-1.2987325700688743,AC,3366,9345.074559677954,5227.572142936442,5544.286278196847,0,11,CB,149,0,BE,0,0,-1,1,500.0,0,INTERNET,4.951977371098352,macintosh,0,1,0,2
0,0.2,0.8606987660908246,-1,47,40,0.0157602768986666,36.53021066444396,AA,994,13385.494821147877,6978.624682808325,6764.268920349988,2,6,CD,74,1,BC,1,1,15,0,200.0,0,INTERNET,4.040568272620273,linux,1,1,0,0
0,0.9,0.349843536290763,28,12,40,0.0125803286041805,14.469336544286229,AA,1094,8136.67046257485,5228.000307489887,4317.815720363849,1862,4,CA,143,1,BC,1,1,1,1,500.0,0,INTERNET,6.22487843943248,windows,0,1,0,6
0,0.3,0.1786207034520938,-1,159,40,1.0991474703240216,12.725282140426051,AA,1159,2460.532679525949,3807.018209497832,5866.820230155759,37,8,CB,227,1,BA,0,1,10,0,1500.0,0,INTERNET,4.134727632985484,other,1,1,0,0
0,0.4,0.0856548967758625,28,0,40,0.0025091618705779,-0.7919127400381324,AB,1559,6689.363590150986,5299.728017243119,5158.351749848747,15,8,CA,128,0,BB,1,1,31,0,200.0,0,INTERNET,5.990965581582228,other,0,1,0,4
0,0.6000000000000001,0.0209618851015907,-1,200,20,0.0354687046219062,17.14571630994528,AA,975,15146.201623906718,5547.842783177041,5603.63087810368,16,22,CB,101,1,BE,0,1,15,0,200.0,0,INTERNET,22.746531104477548,x11,0,1,0,1
0,0.6000000000000001,0.1190811959642631,33,12,10,0.0146287345059398,-1.0246794212401795,AB,1041,11795.580469098397,7721.321445010874,4339.814323193427,6,5,CA,68,0,BC,0,1,21,0,200.0,0,INTERNET,1.730294319183756,linux,1,1,0,5
0,0.3,0.8982320893153906,-1,104,60,0.0454637214455282,-0.9167445097708584,AB,3569,13368.707113957762,3833.620351289783,4407.337237719314,4,3,CC,136,1,BC,1,1,25,0,200.0,0,INTERNET,9.834133927984183,linux,1,1,0,3
0,0.7000000000000001,0.6748305522530686,-1,48,30,0.0112347257426334,22.2049674082976,AA,1693,4382.514141086156,5815.1661372771705,5334.337227476983,813,10,CA,157,1,BC,0,1,28,0,1000.0,0,INTERNET,16.542407877059055,other,1,1,0,2
0,0.8,0.9996970418593422,-1,286,50,0.0107968104068046,49.16458766899559,AA,3045,7812.644325625415,5105.615237415833,4360.9581334489785,13,2,CA,105,1,BB,1,1,25,1,200.0,0,INTERNET,3.437123614105739,linux,1,1,0,5
0,0.5,0.7245317150721731,-1,81,20,0.0143591023873136,-1.604966276120524,AB,1534,13072.925152721602,8710.526390546163,5328.522842175641,19,18,CA,34,1,BB,0,1,2,0,200.0,0,INTERNET,2.3989617349706496,windows,1,1,0,1
0,0.3,0.993133937717814,-1,377,20,0.0136640735900345,-1.2744830661167668,AB,2406,2414.3234978591045,4826.161004819186,4332.577040465239,764,13,CA,49,1,BE,0,1,10,0,200.0,0,INTERNET,5.177961696034254,linux,1,1,0,5
0,0.6000000000000001,0.1719108897870161,134,15,60,0.0153349077051191,-1.3943182919557258,AC,1171,5601.189604058632,5007.311529269898,5666.91119029426,1,8,CA,146,1,BB,1,1,-1,0,200.0,0,INTERNET,2.843422697169315,windows,1,1,0,1
0,0.1,0.0655087555000948,23,24,30,0.0346567590360867,-0.9314783433184036,AB,1758,8159.472402743709,5437.549709280554,5942.008985264046,508,13,CA,116,0,BD,1,1,25,1,1500.0,0,INTERNET,15.684293913425556,linux,1,1,0,0
1,0.9,0.6556385418837679,-1,43,40,0.0070303097510308,-0.6136798306720961,AC,1362,7280.591635336164,4591.138686146051,6291.93658702154,0,8,CA,158,1,BA,0,1,-1,0,200.0,0,INTERNET,17.318419739775415,linux,1,1,0,0
0,0.9,0.6296744410636537,-1,44,30,0.0076762647008016,-0.7923751971552474,AB,714,4046.13591403,3829.499112775536,5334.409066992254,17,10,CA,50,1,BE,1,1,1,1,200.0,0,INTERNET,0.5067796208715734,other,1,1,0,1
0,0.6000000000000001,0.3541792809210742,50,10,40,0.0101260372151408,-0.6940926828348408,AC,639,3636.254188938801,2240.0278229772607,3192.758799256036,1,4,CA,138,0,BC,1,1,-1,0,200.0,0,INTERNET,3.795812760049076,linux,0,1,0,7
0,0.9,0.4424336617597536,29,11,30,0.0009721521279478,23.149574383964755,AA,1149,8299.401908520727,6786.0523545183,4941.119564352072,9,14,CA,172,1,BC,0,1,26,0,500.0,0,INTERNET,7.6928679784749665,windows,0,1,0,4
0,0.6000000000000001,0.3770144996622042,54,11,20,0.006505331493523,-0.9349462450057584,AC,2467,8013.657833051982,6204.240367809,5736.1137475983605,0,13,CA,64,1,BB,0,1,-1,0,200.0,0,INTERNET,12.809423559347165,linux,1,1,0,2
0,0.5,0.2846312663645258,-1,115,30,0.0040952800191945,-1.4654709300588182,AC,1460,3877.58708347518,2363.3707367272264,3246.7739543504,1,9,CA,106,1,BB,0,1,-1,0,200.0,0,INTERNET,2.490388304439408,linux,1,1,0,7
0,0.6000000000000001,0.7287196682743536,59,23,30,0.5790511870568136,-1.102300906314918,AB,1177,14303.803053468871,4006.525054461101,4841.011447600043,17,9,CA,20,1,BB,0,1,30,0,200.0,0,INTERNET,4.104898357718842,linux,1,1,0,3
0,0.1,0.600137080930292,-1,187,20,0.0051010509732857,-1.0249259462503428,AB,2319,6382.568771797956,4239.980006238903,4273.919593488556,1,13,CA,149,0,BB,1,1,21,0,500.0,0,INTERNET,6.7458924705919685,other,1,1,0,5
0,0.6000000000000001,0.9939599459575716,-1,25,50,0.0006819231840395,-0.9134980424305568,AD,1143,7809.852242000742,4014.889071265426,5948.898624859106,9,15,CA,254,0,BC,1,1,31,1,1000.0,0,INTERNET,1.2957425981695303,windows,1,1,0,1
0,0.6000000000000001,0.4901602791152245,24,3,20,0.0215710485645908,-1.2112252796823877,AB,1412,9842.00170501386,7611.558488677749,5211.903294492184,33,9,CA,174,0,BC,1,1,1,0,200.0,0,INTERNET,32.558681025097805,macintosh,1,1,0,2
0,0.9,0.1723187328686807,-1,152,50,0.0101249529580126,-1.3326492073119205,AC,1448,6447.1159636144175,3169.425167110371,4261.025664267023,0,0,CA,295,0,BA,1,0,-1,1,1500.0,0,INTERNET,4.291634278403087,linux,0,1,0,5
0,0.6000000000000001,0.1144402169706038,87,36,30,0.0360378564862477,-1.06595136003935,AB,5756,8309.363688484966,6347.988295604454,5776.5428810341455,44,14,CA,80,1,BB,0,1,30,1,200.0,0,INTERNET,3.1769401864966365,other,1,1,0,0
0,0.5,0.3335450327204574,198,0,30,0.0190292971446518,48.94877488122582,AA,1351,10682.40593308378,6771.728622122981,4301.602390191996,13,12,CE,189,1,BC,1,1,21,0,1500.0,0,INTERNET,20.887631585952,linux,0,1,0,2
0,0.5,0.7904319480386961,-1,377,30,0.0096172375799621,-0.8292743286880285,AB,5301,7215.439592958239,4243.437834733604,5969.509759872884,558,9,CA,227,1,BA,1,0,10,1,1500.0,0,INTERNET,3.600778142939121,windows,1,1,0,0
0,0.3,0.2789604937932798,-1,70,30,0.03076660450738,-0.7851863803854079,AB,1313,1012.09365425238,2854.151900669157,4242.701661299904,2,4,CD,21,1,BE,0,1,1,0,200.0,0,INTERNET,0.9627245624142882,linux,1,1,0,5
0,0.8,0.3531936641942545,-1,3,50,0.0222847526826807,-1.8643160554336813,AB,3955,12592.514718005545,3117.2836941078663,6356.758353099661,41,13,CA,170,1,BC,1,1,25,0,200.0,0,INTERNET,5.187325399121957,other,1,1,0,0
0,0.1,0.8215624061801846,-1,76,30,0.0110331370446324,-0.9713171670919034,AC,991,5981.550633241598,4220.025968439355,4207.454526653528,1,15,CA,139,1,BB,0,1,-1,1,1000.0,0,INTERNET,1.6096554357806163,linux,1,1,0,3
0,0.8,0.793873599412319,-1,19,40,0.0096732774971785,-1.1424250789495611,AD,3309,6793.760654657913,3987.370924956893,6379.425678594344,11,6,CA,142,0,BC,0,1,20,0,200.0,0,INTERNET,4.360535022073536,windows,1,1,0,0
0,0.9,0.1712838934533326,-1,34,30,0.017786968758685,-0.4429732685684723,AD,1037,3491.870192850845,3243.620090010577,4239.4103548662015,12,10,CA,173,1,BC,0,1,26,0,200.0,0,INTERNET,8.218490957771648,windows,0,1,0,5
0,0.8,0.0783822247191162,-1,46,30,0.0110803831326241,-0.5674321466708658,AB,844,8341.240090682282,6583.967561195404,4300.3167709720365,18,9,CA,158,1,BB,1,1,1,1,500.0,0,INTERNET,10.117523634449633,other,0,1,0,4
0,0.4,0.1776502796133319,-1,129,40,0.0005207579144585,-0.8366565419134067,AB,1405,1614.1820395481686,3080.1266562922856,3135.8506988564336,12,3,CB,97,1,BB,0,1,15,0,500.0,0,INTERNET,13.59724888042324,linux,1,1,0,7
0,0.8,0.5474708491725381,-1,91,50,0.0394036598725994,-0.8527921355623787,AC,1419,8689.245860351415,4743.8589309328,5552.301934439325,1,7,CA,98,0,BA,1,0,-1,0,1500.0,0,INTERNET,4.573636225730687,windows,1,1,0,2
0,0.9,0.9990852543477872,-1,42,30,0.0139553623550341,49.6874192705377,AA,2660,2622.517317071397,2983.359154737472,4347.132151732721,2,8,CA,117,1,BC,1,1,1,1,500.0,0,INTERNET,8.518500775741053,windows,0,1,0,6
0,0.2,0.6210207605930922,30,14,10,22.893808902539124,-1.3827078257331795,AC,975,7835.024142930658,6494.1081011908045,5376.970999762357,5,8,CA,87,0,BE,0,1,-1,0,200.0,0,INTERNET,12.7072675600571,linux,1,1,0,1
0,0.2,0.5208896238758476,-1,63,20,0.0419972643692454,-1.287508896757406,AB,901,9033.119796541156,6195.747966180833,4715.4625999937325,1964,10,CA,134,0,BC,0,1,1,0,200.0,0,INTERNET,6.324725746239891,windows,0,1,0,3
0,0.8,0.130602909471957,-1,92,40,0.0036469122594161,-0.3132157444546481,AB,1495,8005.069645604108,4556.5834580783085,6433.5160823183605,1929,16,CB,-70,1,BE,0,1,30,0,200.0,0,INTERNET,5.049671650031987,other,0,1,0,0
0,0.1,0.398891935267519,-1,19,40,0.0049793936001985,-0.9650789743614926,AC,715,4218.732544465561,4301.55278721719,4092.405550744999,2,7,CA,112,1,BC,0,1,-1,0,200.0,0,INTERNET,8.83985211573826,other,1,1,0,7
0,0.9,0.1511718599246741,-1,126,30,0.002186352327636,-0.7209599979817372,AC,1007,9135.846165699852,5552.122748918615,4825.787337740728,1,11,CA,228,0,BA,0,1,-1,0,1500.0,0,INTERNET,10.82020093986176,other,0,1,0,3
0,0.8,0.7518927290698455,-1,172,40,0.0149674803475352,-0.6582874661126011,AB,2132,4535.108681495999,4885.889641097115,4884.876139100995,10,8,CA,186,1,BA,0,0,21,0,500.0,0,INTERNET,13.20967685270483,macintosh,0,1,0,3
0,0.9,0.1937738008885478,-1,53,40,0.0162437205033925,98.42410072760885,AA,1291,8507.126974513289,3301.192763644101,4248.033520273209,22,6,CA,186,0,BA,1,1,1,1,1500.0,0,INTERNET,4.133896058569609,windows,1,1,0,6
0,0.3,0.4719855436533388,-1,32,20,0.009065812204137,47.657307090825775,AA,1572,9779.068201608448,7399.66409888721,5195.725460206598,38,2,CA,129,1,BC,0,1,25,0,200.0,0,INTERNET,1.2403018145255884,other,1,1,0,3
0,0.8,0.8591344675031916,-1,90,40,0.7106993454562364,-0.8178347905067578,AC,2289,3913.000600061714,9233.888637503978,5147.456126415822,0,3,CA,122,1,BA,1,1,-1,0,200.0,0,INTERNET,4.895906341060674,other,0,1,0,2
0,0.8,0.297346011402814,-1,22,30,0.0089209729735517,-0.7822008492177346,AB,302,3569.643278023237,1834.0820664112048,2994.133870303764,16,8,CB,97,1,BC,0,1,31,0,200.0,0,INTERNET,1.208665199284826,windows,1,1,0,7
0,0.2,0.871017124396465,-1,92,30,0.0290055497250628,-0.9299019963541268,AC,1702,4910.320054282079,3712.4634820955935,5241.905909190313,1,7,CA,130,0,BB,0,1,-1,0,200.0,0,INTERNET,1.1801609225441283,other,1,1,0,5
0,0.9,0.8542199444292743,-1,17,20,0.0165841122177769,51.25611469617827,AA,865,6266.192891629305,5091.939181849674,5105.3279700473295,1,15,CA,140,1,BC,0,1,28,0,500.0,0,INTERNET,8.260732977083231,other,1,1,0,3
0,0.1,0.7924039326946055,-1,237,40,0.0107013724198373,-1.196098781179339,AC,1280,2423.425224640196,6128.919153186445,4794.537156245284,3,6,CC,83,0,BA,1,0,-1,0,200.0,0,INTERNET,7.258021232287064,windows,0,1,0,7
0,0.5,0.6068940429247347,-1,23,30,0.0058983393182049,48.46482774656187,AA,1585,9683.516167452204,5230.93494905419,4239.580730332279,2153,5,CA,153,1,BE,0,1,28,0,2000.0,0,INTERNET,7.753802926773242,x11,0,1,0,6
0,0.7000000000000001,0.4429888469391981,-1,197,30,2.137244329401334e-05,14.66031735860102,AA,2574,6789.300245895498,5406.7476498207125,6739.486982992947,15,16,CD,55,1,BC,0,1,20,1,200.0,0,INTERNET,5.783634953264529,linux,0,1,0,0
0,0.2,0.4947068108320231,-1,111,30,0.0105298411098714,-1.4932258428217418,AB,696,2067.1123836828187,2031.1278177097336,3305.832580178976,16,11,CA,66,0,BB,0,1,21,0,200.0,0,INTERNET,2.1493838360871367,linux,1,1,0,6
0,0.6000000000000001,0.6155518433223286,-1,43,40,0.0466981907080891,-0.8579077284331658,AB,805,6714.980491889528,5072.208766159518,4316.518688130738,27,5,CA,85,1,BC,1,1,1,0,200.0,0,INTERNET,4.855696829386716,linux,0,1,0,4
0,0.1,0.4450011293782832,-1,64,30,0.0129729266597163,13.357372226787088,AA,1613,4985.65127977566,3901.062646017332,5135.933407389574,13,9,CA,156,0,BB,0,1,1,1,200.0,0,INTERNET,4.863322704575738,other,1,1,0,3
0,0.8,0.5686552856046502,-1,39,30,0.0206536717307937,26.41695682106337,AA,1947,5302.667279075361,5481.801684774307,6024.8715130186765,1322,4,CB,49,0,BC,1,1,25,0,200.0,0,INTERNET,14.234748960397637,other,0,1,0,0
0,0.9,0.7672326308359277,98,10,40,0.0041158615129111,-1.190329632005187,AC,885,2850.62198077235,5895.293508175271,5310.579428808295,1,11,CA,239,0,BA,1,0,-1,0,1500.0,0,INTERNET,9.626364723449056,other,1,1,0,1
0,0.9,0.2055799956786554,-1,193,30,0.0199941504562957,30.82478272100154,AA,1490,3574.6370393539205,3432.5668013003365,4294.197929720932,12,9,CA,231,0,BE,1,1,1,0,200.0,1,INTERNET,0.6344167742945573,windows,1,1,0,6
0,0.9,0.2687155443397166,-1,32,40,0.0052051702116678,-0.6546163625520116,AD,1044,5618.018362278593,4129.955731973845,4349.920603204521,1,8,CA,105,1,BC,0,1,-1,0,200.0,0,INTERNET,13.448649385907302,linux,1,1,0,4
0,0.6000000000000001,0.7613998558596459,-1,28,20,0.016823669163888,-1.4666644342945752,AB,1198,4966.473737018031,2758.9832031577253,4329.563168920049,14,13,CB,56,1,BB,0,1,1,0,200.0,0,INTERNET,3.9616826012049264,linux,1,1,0,6
0,0.5,0.1947569312375704,-1,190,60,0.0086360753039693,-1.238472103715787,AD,1090,914.1727884275472,5166.337938681691,4267.612806376245,25,1,CC,171,1,BA,1,0,1,0,200.0,0,TELEAPP,4.0908445040073085,linux,0,1,0,3
0,0.8,0.7182878614081836,88,154,30,0.0299963877788131,-1.471417383597296,AB,1757,3778.780886540873,7055.244777805931,4427.77567273704,2,14,CA,216,1,BA,0,1,1,1,1500.0,0,INTERNET,8.508931422473587,other,1,1,0,4
0,0.7000000000000001,0.2582988921792582,-1,43,40,0.0108624011859554,-1.1265325588037234,AD,1211,3615.527997313656,1821.6267698059207,4136.512577078668,15,2,CA,100,0,BB,1,1,1,0,200.0,0,INTERNET,10.734635491457489,linux,1,1,0,6
0,0.6000000000000001,0.0332461257690842,10,7,30,15.526580574416588,-0.472226897403,AB,1210,5274.316509272425,3835.275627797293,5932.810485285138,0,12,CA,195,1,BB,0,1,-1,0,1500.0,1,INTERNET,26.568651583760428,linux,1,1,0,7
0,0.3,0.0966182825383119,-1,20,20,0.017831722594315,-1.1062261663021862,AB,1160,4120.943239658089,3909.610672068556,4128.1871697461975,36,6,CA,125,1,BE,0,1,2,0,200.0,0,INTERNET,19.758193187996486,linux,1,1,0,6
0,0.4,0.056876556625742,23,15,30,0.0466109335819393,-1.2418238084018969,AB,1469,6693.805935139457,4299.628749899495,5103.794687718964,16,12,CA,139,1,BC,0,1,21,1,200.0,0,INTERNET,2.197345136405146,windows,0,1,0,3
0,0.4,0.5526745493896953,-1,344,20,0.024528877595643,36.998942867206,AA,2264,7867.303719263802,6936.007233380536,6048.395684749247,16,15,CA,95,0,BE,0,1,9,0,1000.0,0,INTERNET,6.126806103013978,windows,1,1,0,0
0,0.4,0.7647890482623185,-1,215,30,0.012243195279339,-1.4476035987890203,AC,3183,4216.460687971829,8653.589459768233,5360.080180035423,13,13,CA,72,1,BB,0,1,-1,1,1500.0,0,INTERNET,2.896912296263105,linux,0,1,0,1
0,0.8,0.0794890751233882,27,5,20,0.0430707937880885,-0.9689357308991888,AB,446,4053.8597102124095,6350.122572902111,4830.639990328977,13,11,CA,128,1,BB,0,1,2,0,500.0,0,INTERNET,9.696623651559891,linux,1,1,0,3
0,0.8,0.4115943422862449,-1,74,40,0.0111775761244169,-1.0091411932480792,AC,2631,5571.828459763986,7292.470255301116,5652.935267096495,0,13,CA,148,0,BB,0,0,-1,0,200.0,0,INTERNET,1.9370400638969247,windows,1,2,0,2
0,0.9,0.7932893272366058,-1,72,30,0.0078612653292399,-0.7243924768972785,AD,1532,8234.098352419807,4397.223321757423,5141.1778079789365,11,5,CA,74,1,BC,1,1,5,0,200.0,0,INTERNET,3.702630417174844,linux,0,1,0,3
0,0.1,0.3081304441612655,-1,27,30,0.0138199836594434,-1.3485254448612871,AC,1391,3636.407225544981,3991.106615457277,4752.732713699113,1,11,CA,126,1,BC,0,1,-1,1,200.0,0,INTERNET,4.380644382017926,linux,0,1,0,3
0,0.1,0.3728643242165219,-1,248,20,0.0162126639509335,28.419326049718155,AA,1684,6763.200542197743,4022.533780619541,5325.874757806595,1,13,CB,7,1,BE,1,1,11,0,200.0,0,INTERNET,1.913560773573228,windows,1,1,0,1
0,0.6000000000000001,0.6737295517391435,-1,37,40,0.0082398152623166,-1.3101577979434051,AC,758,4528.782580514088,3093.0976153385773,4308.422758285436,0,10,CA,137,0,BB,0,1,-1,1,200.0,0,INTERNET,2.786596961844624,other,0,0,0,5
0,0.1,0.0781824689161876,-1,45,30,0.0151814729119772,-1.33653094245081,AC,1682,6848.854994286806,5095.945134767435,5181.542972593907,1,15,CA,154,1,BC,0,1,-1,1,1000.0,0,INTERNET,3.97462992676154,linux,0,1,0,2
0,0.7000000000000001,0.0793801174241875,-1,89,30,0.0201788258063633,-1.5379348718843184,AB,1175,6051.204458012283,4791.374469566023,5146.479499435182,1959,14,CA,30,1,BC,1,1,30,0,200.0,0,INTERNET,3.8293110312471215,linux,0,1,0,2
0,0.1,0.5771075518623552,-1,113,50,0.0160854499484512,-0.9097889610864572,AB,2531,4487.853750421516,5243.287922286409,4255.64290862076,37,4,CA,131,0,BC,0,1,30,0,200.0,0,INTERNET,1.3240388898321984,windows,0,1,0,2
0,0.1,0.3343016173297481,-1,123,20,0.0049918944728942,-1.2953806412589317,AC,1534,6047.017137692975,5345.316217822512,4937.787663128599,1,5,CA,108,1,BC,0,1,-1,0,200.0,0,INTERNET,2.398464537489816,windows,0,2,0,3
0,0.3,0.6815236657197641,-1,371,30,0.0238577614363144,-0.9422120427091546,AB,2826,13848.567410059088,6369.146455047508,5645.200635491879,2,17,CB,167,1,BA,0,1,28,0,200.0,0,INTERNET,11.604093716649452,macintosh,0,2,0,2
0,0.8,0.8863083510863282,-1,34,20,8.79585838321201,17.380254497120426,AD,2959,4845.218883904387,4262.823854231082,5083.712256477299,8,23,CA,76,0,BB,0,1,25,0,200.0,0,INTERNET,4.373032042904694,linux,1,1,0,2
0,0.9,0.2837695293308511,25,2,30,0.0319988652608744,-1.0941231991627045,AB,416,595.808470900736,5056.444182231034,4842.249773653877,34,14,CB,133,1,BD,0,1,1,1,200.0,0,INTERNET,28.077076555325853,linux,0,1,0,4
0,0.3,0.4979205349557898,-1,260,20,0.0007608043379633,-0.1982598065231001,AC,555,4422.83308277272,6548.37109248285,5118.706657175689,1,7,CA,158,0,BE,0,1,-1,0,200.0,0,INTERNET,3.6149701386022057,other,0,1,0,4
0,0.3,0.1179814449358961,12,11,20,0.0187822034087005,-0.9435882358843262,AC,627,7861.801054373736,4277.041558078788,4853.981585105783,0,8,CA,95,1,BC,0,1,-1,0,500.0,0,INTERNET,6.073702891309625,windows,0,1,0,4
0,0.6000000000000001,0.6537797958619892,-1,37,20,0.0049322319884869,-1.6737561559508385,AD,2308,11414.06596806448,5239.151718011043,4356.311679894428,5,20,CA,164,0,BE,0,1,1,0,1500.0,0,INTERNET,5.087469069832679,other,1,1,0,1
0,0.8,0.3868114048364752,53,9,20,0.0148109381206994,-0.834218130640783,AB,1875,4829.265538040864,3866.871857618747,5137.984212973991,9,10,CA,108,0,BC,0,1,20,0,200.0,0,INTERNET,15.019599378450776,other,1,1,0,3
0,0.9,0.988073459241004,14,36,30,0.0200110505626445,-0.918020222628578,AC,566,6156.717972100446,4839.75471317675,4979.927345526822,0,13,CA,161,1,BB,0,1,-1,0,1000.0,0,INTERNET,3.6655466779345938,windows,1,1,0,3
0,0.1,0.8610861422423794,-1,41,40,0.012111498991733,-1.5072911373876825,AC,1124,1417.2769660682986,4856.072133078415,5638.220617605184,1,5,CF,109,0,BB,1,0,-1,0,200.0,0,INTERNET,23.834263478755933,linux,0,1,0,2
0,0.4,0.8942552292642819,-1,278,40,0.0138421722234471,-0.5564217495989272,AC,1492,4527.272440372733,4544.164515730532,4181.619706719772,1,14,CA,210,0,BE,1,1,-1,0,1000.0,0,INTERNET,18.650100421358275,linux,1,1,0,4
0,0.8,0.8850630952518976,-1,39,40,0.0186954582027759,-1.7842918339974452,AC,1187,6831.990102249264,4136.059982727593,5266.109247768572,0,15,CF,81,0,BC,1,1,-1,0,200.0,0,INTERNET,2.299757170761194,windows,1,1,0,2
0,0.3,0.8458713242831004,-1,75,20,2.2837138244935065,-1.1134476379145009,AC,2443,6290.89568001083,4102.949042763305,4858.392692759384,0,17,CA,37,0,BC,0,1,-1,0,200.0,0,INTERNET,6.227107788679035,linux,0,1,0,4
0,0.3,0.8635751860189301,-1,29,10,0.0061274531367991,-0.1723874891330284,AB,2764,12743.09427950003,6901.850963278446,5600.994578091787,10,7,CA,147,1,BE,0,1,1,0,200.0,0,INTERNET,1.3381994667535455,windows,1,1,0,2
0,0.3,0.098868840962262,-1,20,30,0.0033324343411793,-0.6463206894483307,AA,2851,4203.751592526674,4443.295779356879,5057.449406851709,1435,17,CA,91,1,BC,0,1,2,1,200.0,0,INTERNET,2.0474404787843383,windows,1,1,0,6
0,0.1,0.3335073987427656,-1,253,30,0.0043660321558703,-0.824429432582799,AB,946,2661.882381364373,3320.0985721298352,4288.778663450229,10,10,CA,100,0,BE,1,1,1,0,500.0,0,INTERNET,3.6061359657552687,windows,1,1,0,5
0,0.1,0.7487584919730782,-1,145,40,0.0307612723969104,-1.3046621694951068,AB,2913,2840.156270384033,4559.63556966495,4150.854895436249,9,6,CA,99,0,BB,1,1,15,1,200.0,0,INTERNET,4.421500102787522,linux,0,1,0,5
0,0.9,0.2643934736563311,-1,183,40,0.00451968885082,-0.9582523501105054,AB,916,4329.196819983961,3309.978549293168,4387.2010308473255,39,6,CA,106,1,BA,1,1,25,0,200.0,0,INTERNET,0.9432061265295596,windows,1,1,0,5
0,0.9,0.8135691089256005,-1,54,40,0.0189602195867967,-1.0196839363315238,AD,2661,1526.580915661364,7503.962576475691,5300.599705589616,12,1,CA,352,0,BC,0,1,30,1,1500.0,0,INTERNET,4.612135794264648,windows,1,1,0,3
0,0.6000000000000001,0.7504240934511561,33,167,20,0.009624233559932,-0.7086467242435135,AB,968,2789.5747298496526,4953.150489651638,5414.800480369421,1625,9,CA,103,1,BB,0,1,10,0,500.0,0,INTERNET,6.070343975323242,linux,0,1,0,3
0,0.2,0.1119518738986202,-1,36,30,0.0027763443791752,-0.909049694226238,AD,4146,7934.322858172973,6534.983939216051,6314.193529414786,36,13,CA,46,0,BC,0,1,1,0,200.0,0,INTERNET,2.9336830001108694,linux,1,1,0,0
0,0.3,0.7166837065072139,-1,246,10,0.017030954341968,-1.1815218791396955,AD,3395,1778.989334120134,5075.069910082072,5198.607910593038,0,7,CA,103,0,BE,1,1,-1,0,200.0,0,INTERNET,4.767872559676971,other,1,1,0,2
0,0.8,0.3310885821752281,-1,28,50,0.0216793528144801,-1.0508375021204857,AD,1372,10107.836322570683,8766.041868910503,5564.292596434042,13,19,CA,24,1,BC,0,1,5,0,200.0,0,INTERNET,4.645667762441448,other,1,1,0,1
0,0.4,0.1636911200262669,-1,28,40,7.91781941930655,51.6358342427948,AA,1216,1585.9723829202226,4503.622359152958,5088.799565286405,14,3,CA,68,1,BB,0,1,1,0,200.0,0,INTERNET,7.446000319491183,linux,1,1,0,3
0,0.6000000000000001,0.2093181474525616,-1,68,40,0.025691861332306,-1.1282908102739992,AB,783,15320.170720161965,6300.050397964592,4873.259749431667,1937,12,CF,67,1,BC,1,1,30,0,200.0,0,INTERNET,0.9231139787336714,other,1,1,0,3
0,0.8,0.5433411880201076,-1,15,40,0.0416014562150628,-0.8587376253683743,AD,1360,2576.84184321712,3028.010250960853,6634.021907180687,14,14,CA,218,1,BB,1,1,24,0,1500.0,0,INTERNET,7.045954932059885,other,0,1,0,0
0,0.7000000000000001,0.1792675374945604,-1,58,40,0.0123703731167071,-0.7863023377749295,AA,1358,648.7548358518976,4972.57867882294,5570.293055311785,10,9,CF,51,1,BB,1,1,1,1,200.0,0,INTERNET,3.8828781347340633,linux,1,1,0,2
0,0.9,0.3034468181982506,10,5,30,0.0118624790854709,-0.7341664276070479,AC,597,7268.986224459753,4996.608908478574,4898.885917901888,0,13,CA,206,0,BB,0,1,-1,0,510.0,0,INTERNET,5.045530992071874,other,0,1,0,3
0,0.1,0.5458428670210032,-1,30,30,0.008083640042478,-1.1528841874231557,AD,1975,8995.270032884522,7284.321584102953,6633.950337806868,12,15,CA,163,0,BC,1,1,5,0,1500.0,0,INTERNET,5.281106041076041,linux,1,1,0,0
0,0.4,0.3427780382691671,-1,40,30,6.160925077630143,-0.5987859951201366,AB,1119,2545.695572134484,4919.336293990475,5567.146254972636,1475,20,CA,37,1,BC,0,1,1,0,200.0,0,INTERNET,8.79860420567149,linux,1,1,0,1
0,0.1,0.7803717704752942,23,7,20,0.0160346202877319,-0.7748675174003445,AD,1542,9658.10412896955,6115.19613062862,5606.878305287149,134,19,CA,175,1,BC,0,1,20,0,1500.0,0,INTERNET,6.404594109281932,other,1,1,0,0
0,0.1,0.5220290157998261,317,9,30,0.014370667149651,-0.9270050837500412,AD,592,3346.306149895586,2502.55504104201,3177.532851427005,3,3,CD,184,0,BB,0,0,5,0,500.0,0,INTERNET,11.692741567282562,linux,1,1,0,7
0,0.1,0.8552337928386562,-1,164,40,0.0300212828173244,-1.436450658959262,AB,1613,10005.643274310756,5923.130304580423,5119.288796573371,2,5,CD,59,0,BB,0,1,-1,0,200.0,0,INTERNET,10.175672147034604,linux,0,1,0,3
0,0.9,0.0950206606786765,35,15,30,0.019346916640733,48.02905775307082,AA,606,1829.2105159542443,4105.617017977143,4868.059038258832,4,5,CB,118,0,BC,1,1,1,0,200.0,0,INTERNET,14.681750772866378,windows,1,1,0,3
0,0.8,0.8716040032400699,-1,99,30,0.0071991958115525,31.965953158522392,AA,1258,3869.452985510921,5212.871942591487,5310.832314287239,536,15,CA,81,0,BA,0,1,30,0,200.0,0,INTERNET,5.5935057788535465,other,1,1,0,1
0,0.2,0.9255094673964652,-1,238,20,0.0235428187167102,-0.992650441066678,AB,1190,8575.330542995262,3848.2843468945534,4409.491380170381,5,16,CE,-31,1,BE,1,1,28,0,200.0,0,INTERNET,2.9161096746112816,other,0,1,0,4
0,0.1,0.0287931168578372,99,18,40,0.0134175532116031,-1.1079277032365085,AB,1195,2944.167315648164,5030.255457296948,4718.054337141232,13,10,CD,185,0,BC,1,1,1,0,510.0,0,INTERNET,3.4376385835197967,linux,0,1,0,3
0,0.4,0.4686141134852554,35,13,30,0.0213068390956053,-0.6908199369751142,AB,604,9459.956885394504,6415.9131939757335,4729.160186330318,1773,8,CF,113,1,BB,0,1,11,0,200.0,0,INTERNET,36.50169270991456,macintosh,1,1,0,3
0,0.4,0.3865535053864973,-1,108,30,0.021699116222115,-0.7955992857308191,AB,905,6049.923234883828,3903.298858843488,4299.016932361064,41,14,CA,72,1,BB,1,1,15,0,200.0,0,INTERNET,4.0813878975879625,windows,0,1,0,5
0,0.9,0.490306403182788,10,14,20,7.006512590028787,22.299596310948186,AA,1125,7531.919460896767,3401.477243062739,4964.777098767877,8,15,CA,69,0,BC,0,1,11,0,200.0,0,INTERNET,3.0781850751741486,windows,1,1,0,3
0,0.1,0.3327815413520765,109,19,40,0.001584641526465,-0.6657784690465416,AC,716,878.7088628597296,4648.869757419032,5265.178327798645,1,7,CA,274,0,BA,0,1,-1,1,1500.0,0,INTERNET,0.9580999591200644,x11,1,1,0,3
0,0.9,0.218605163317077,-1,135,30,0.0118290022269558,52.68306327011939,AA,1011,5391.187568384975,5414.887927533656,5340.975772988862,8,23,CA,209,1,BC,0,1,1,0,1500.0,1,INTERNET,9.44239988669704,linux,1,1,0,2
0,0.4,0.8924836189781767,-1,71,30,0.0170603870602767,-1.4195966811882157,AD,1422,6047.62576122787,3734.879427696517,4305.396440930859,15,16,CA,270,0,BA,0,1,25,1,1500.0,0,INTERNET,1.569819587490608,windows,1,1,0,5
0,0.6000000000000001,0.0660279658662111,-1,147,30,0.0156518724089808,26.30814311029057,AB,803,2222.9733014336803,1964.2432411372708,4192.6112037606335,3,6,CF,66,0,BB,1,1,30,1,200.0,0,INTERNET,1.852298520346113,other,1,1,0,5
0,0.9,0.1579995731573875,173,6,30,0.0012943393453907,99.60145983797528,AA,1286,1683.4693075522127,5497.746697781739,4377.186153302992,14,13,CA,219,1,BC,0,1,28,1,200.0,0,INTERNET,3.9338861199326622,other,0,1,0,6
0,0.7000000000000001,0.1819107662939818,-1,43,20,0.0156723089894694,-0.7755994610143186,AC,962,5953.707577076169,5519.988972058768,4286.708672375692,1,12,CA,94,1,BC,0,1,-1,0,200.0,0,INTERNET,16.484231851304415,other,1,1,0,5
0,0.9,0.7659099543437761,13,6,40,0.0172629037847815,104.95052416410437,AA,1206,2517.4917202153306,3483.272822965429,3187.6975297513823,1,2,CA,123,1,BD,1,1,31,1,500.0,0,INTERNET,15.996002045021331,other,0,1,0,7
0,0.4,0.6070686030503211,-1,112,50,19.437158814913023,49.3889622808242,AA,4420,6384.36304340356,4041.038669450563,4355.280987794659,1651,2,CA,153,1,BA,1,1,28,0,1000.0,0,INTERNET,6.15226522683762,macintosh,1,1,0,6
0,0.1,0.1185407340526076,-1,72,30,0.0106871690873707,48.12238658715452,AA,2390,3681.986206775505,4668.981534183768,4871.620319637424,1453,6,CB,122,1,BC,0,1,6,0,500.0,0,INTERNET,4.996362992359498,linux,0,1,0,3
0,0.8,0.2765357701386183,-1,320,30,0.0012607036896576,97.43189404205492,AD,967,5138.0103897517965,2603.188342778901,4269.626042838655,157,8,CB,39,1,BE,1,1,22,1,200.0,0,INTERNET,13.88080439626246,linux,1,1,0,2
0,0.8,0.6483542918572598,-1,100,60,0.0048272867923998,-1.1087678986618457,AB,1541,865.1481348667858,5602.362535542271,4347.501069006748,9,5,CC,88,0,BC,1,1,2,0,200.0,0,INTERNET,15.123095904837642,linux,1,1,0,4
0,0.1,0.5932258394089351,-1,46,30,0.0201147130632438,-0.9592921474200088,AA,753,10428.621976511118,7403.90042389347,5289.419127884458,7,13,CB,163,1,BC,0,1,20,0,1500.0,0,INTERNET,4.694996813831104,linux,1,1,0,1
0,0.9,0.3165119743363309,-1,42,30,0.0149475762808309,-0.7156743511526236,AB,1514,4067.688696985967,4007.36707311878,4461.0116088492905,2,13,CA,141,1,BB,0,1,5,0,200.0,0,INTERNET,12.67380172697092,linux,1,1,0,5
0,0.5,0.6029882041932706,-1,211,20,0.0465790637937113,9.4598439216055,AA,1776,10338.626919428623,6420.869666984883,5008.701679676947,5,3,CA,153,0,BE,0,1,28,0,200.0,0,INTERNET,7.567207479308553,other,1,1,0,0
0,0.5,0.7954179491332253,-1,286,50,0.0202039394163651,-1.1313411580541906,AB,1750,6108.701422068813,3452.0803655414115,4998.850108943375,13,8,CA,289,1,BA,0,1,15,1,1500.0,0,INTERNET,2.523560298762254,linux,1,1,0,3
0,0.8,0.8384590794311086,-1,31,20,0.0165442943837429,34.445989003413565,AA,5839,4467.172749192971,6515.718495616546,6351.372586593313,38,5,CD,156,1,BB,0,1,6,0,200.0,0,INTERNET,22.996425379070267,linux,1,1,0,0
0,0.4,0.8746401542115748,-1,47,30,0.0048007307137373,-1.262100851887497,AC,2125,3181.841231773687,6808.825194531954,5615.138636707529,1,15,CA,22,1,BB,1,1,-1,0,200.0,0,INTERNET,4.4429788397792,other,1,1,0,1
0,0.1,0.5261790728812311,-1,281,20,0.0050346768686277,35.632716520961544,AA,1856,12539.74087376914,7278.900163433572,5574.465529077321,581,9,CA,36,0,BB,1,0,10,0,500.0,0,INTERNET,7.4757587639156355,other,0,1,0,1
0,0.1,0.4689967372651527,-1,113,30,0.021560822488569,-1.1182156819573776,AC,690,3681.881324196239,2719.1843519065706,4939.827397685132,0,8,CA,149,1,BB,1,0,-1,0,500.0,0,INTERNET,24.21687186274455,linux,1,1,0,3
0,0.1,0.8571907120115582,-1,60,30,1.0877313335456722,-1.398703812646545,AC,1684,5988.0705965931775,8152.009150842103,4817.91644810246,0,15,CA,139,0,BC,0,1,-1,0,1500.0,0,TELEAPP,-1.0,other,0,-1,0,3
0,0.2,0.3835519340254003,-1,71,30,1.2471975547791196,-1.6769749776163334,AC,2824,2531.0525582689984,5686.799568524835,4487.546775286826,0,13,CD,26,0,BB,0,1,-1,0,200.0,0,INTERNET,4.5061203054876895,windows,1,1,0,4
0,0.3,0.1013438329706494,-1,133,40,0.0276375093167915,20.67283968895784,AA,789,7460.347297988776,6701.901699615743,5090.317717905175,2,4,CA,52,1,BC,0,1,1,0,500.0,0,INTERNET,40.20982688242749,linux,0,1,0,5
0,0.9,0.9879382103091252,-1,66,30,5.903143622056454,26.68159737917164,AA,1167,7356.122148953804,6282.694123292642,6419.125836679473,540,24,CA,246,1,BA,0,1,10,0,1500.0,0,INTERNET,13.947742430009134,linux,1,1,0,5
0,0.7000000000000001,0.5924537695097969,-1,42,30,0.0023572757317389,-0.5794277024633581,AC,1018,10431.537881545228,6458.161021879038,5446.972157775442,0,14,CA,63,0,BA,0,1,-1,0,200.0,0,INTERNET,3.913707007760976,windows,1,1,0,2
0,0.5,0.3055023505990089,-1,360,40,0.0266201665168551,-0.4978160119176298,AC,959,1197.7114957583244,4370.903028462228,4299.065790385313,1,11,CB,224,1,BA,0,1,-1,0,1500.0,0,INTERNET,2.4284706104810887,macintosh,0,1,0,5
0,0.4,0.3957836486524489,-1,184,20,0.0144588377513664,41.13364332579928,AA,1662,9102.600429802123,5857.348819962431,6725.014525428115,364,14,CA,142,1,BC,0,1,21,0,200.0,0,INTERNET,8.113959502615483,windows,1,1,0,0
0,0.9,0.3274292434971431,-1,55,20,0.0303933309061763,50.81573420174834,AA,1768,4572.242519553668,6988.763146471045,6437.810956357503,16,7,CA,88,0,BC,1,1,28,0,200.0,0,INTERNET,7.659305791906544,windows,0,1,0,0
0,0.9,0.1019967797173592,-1,43,40,0.0051111095012867,34.99222162393747,AA,2020,10434.65881159222,6591.841410061039,6343.958226778612,197,12,CF,198,1,BB,1,1,5,0,1500.0,0,INTERNET,3.830293271522447,linux,0,1,0,0
0,0.3,0.9386880517496472,-1,58,40,0.0298075974393558,-0.4252440424045997,AB,4526,3564.5050724908315,4211.93087841925,5146.701853706549,630,4,CA,128,0,BC,1,1,20,1,200.0,0,INTERNET,4.5552941984575535,linux,0,1,0,3
0,0.1,0.7471387825211844,29,3,40,0.0208788329486995,-1.4359496077180958,AB,865,5452.636812430178,5244.620295140781,4256.145137992661,17,11,CA,144,1,BC,1,1,1,0,200.0,0,INTERNET,12.525417434499817,other,0,1,0,4
0,0.7000000000000001,0.5157666931543404,8,9,20,0.0231484365544725,5.913522352884701,AA,2015,11502.25478141184,2526.384008038817,5349.42895609726,484,14,CA,150,0,BC,0,1,28,0,200.0,0,INTERNET,6.312387795241591,other,1,1,0,2
0,0.9,0.3628904155023717,-1,43,40,0.0194342643060539,-1.1717470319345942,AD,455,1439.8893321900796,1961.984233609892,3157.911789292244,2,3,CA,105,1,BB,0,1,29,0,200.0,0,INTERNET,10.29234362557346,windows,1,1,0,7
0,0.7000000000000001,0.1389981325647036,-1,59,40,0.0251286996041954,-0.4978127845344339,AD,3011,4633.594354026335,4518.872374211421,4370.192204744784,32,7,CB,116,0,BC,1,1,5,0,510.0,0,INTERNET,27.239409630769728,windows,0,1,0,4
0,0.9,0.8714946951514896,23,4,20,0.0306903640582282,-1.411339062683328,AB,1349,5210.304718332864,4061.270128335529,4843.5588383182585,27,19,CD,88,0,BE,0,1,1,0,1000.0,0,INTERNET,5.253396865190581,other,0,1,0,3
0,0.9,0.019292442323479,54,7,30,0.0086743860952815,-1.1823206004497269,AC,2300,3902.875140181529,1806.010093644698,4370.22912721017,0,6,CA,70,0,BD,0,1,-1,0,200.0,0,INTERNET,1.2670589942804626,other,1,1,0,5
0,0.9,0.1614656856138118,-1,23,40,0.0156422057356947,-1.2117322253803628,AB,903,6137.546001286695,2859.8214207551728,4328.054517967993,34,11,CA,59,0,BC,0,1,15,0,200.0,0,INTERNET,7.859765724105163,macintosh,0,1,0,5
0,0.5,0.4236478137816511,-1,29,30,0.0021615452111781,-0.5598267285201532,AB,886,5986.603825438648,4495.059709474685,4282.02785233891,18,3,CA,154,0,BC,1,1,28,0,1000.0,0,INTERNET,15.527670590512884,linux,0,1,0,5
0,0.8,0.0696001151435608,-1,33,30,0.019562647233906,-1.5257603307987524,AB,1760,4146.294957657177,4564.1718999413815,4768.312953029174,174,9,CA,109,1,BC,0,1,1,1,1000.0,0,INTERNET,2.224133601529559,windows,1,1,0,4
0,0.1,0.8770465078925268,-1,41,20,0.0154511503001889,-0.4235745439722115,AB,1813,9789.487125840276,7083.986651374095,4803.855141374263,15,25,CA,71,0,BE,0,1,19,0,200.0,0,INTERNET,3.136718934348777,other,1,1,0,0
1,0.4,0.0478561793943431,-1,158,60,0.0105754574927832,-0.6987677491055769,AB,1828,1126.9199519796773,4729.373471152555,4914.123461256727,37,2,CA,303,1,BB,0,1,30,0,1500.0,0,INTERNET,4.977807036951936,windows,1,1,0,3
0,0.2,0.8495785029431625,54,7,60,0.0056000414471066,22.61338951054393,AA,1115,6891.967212119978,4872.100253769595,5613.999135856279,1,4,CA,103,1,BC,1,1,28,1,200.0,0,INTERNET,4.001388929979802,linux,1,1,0,4
0,0.9,0.5415481400422453,31,11,40,0.0064034052129224,4.372903560487654,AA,1812,8509.679213055018,8650.396137551827,3315.6615401280314,396,9,CA,68,0,BC,1,1,29,0,200.0,0,INTERNET,5.326437732691503,windows,1,1,0,0
0,0.7000000000000001,0.993802840129812,-1,42,10,12.541512921108724,100.52150221655492,AC,1049,12911.17440955722,7142.65896180743,5474.301564997484,2,5,CA,90,0,BB,0,1,15,0,200.0,0,INTERNET,22.55966825513681,other,0,1,0,1
0,0.9,0.3601853664856856,110,3,40,0.0196556907831518,-1.4389611596627865,AC,1163,6102.25846564296,3162.2772037441573,4327.307646452885,10,9,CA,106,0,BB,0,1,1,0,200.0,0,INTERNET,1.5163813072423151,windows,1,1,0,7
0,0.8,0.1309368950524869,23,4,30,0.0072862516497236,6.095509050490468,AA,1258,2106.4072516790848,6223.400901767409,6208.831929103783,14,14,CA,96,1,BC,1,1,1,0,200.0,0,INTERNET,6.613122150845077,linux,1,1,0,0
0,0.1,0.5592709590836527,-1,53,30,0.0023522679859336,-0.984943744857745,AB,2546,7835.437057777959,6011.32053755462,5578.03372582505,12,14,CA,92,1,BC,0,1,28,0,200.0,0,INTERNET,5.364750886241262,linux,0,1,0,2
0,0.4,0.1504829586147128,-1,23,30,0.013084234869961,-1.3921308433451598,AB,1350,10082.984108665292,5574.651951326689,3888.0492249533386,9,11,CF,104,1,BC,1,1,31,1,200.0,0,INTERNET,14.461596662742178,linux,0,1,0,5
0,0.1,0.3785727124905341,-1,149,30,0.0181070085608223,25.482183977837504,AA,1537,8982.998439067895,5615.059620051478,4834.200427964543,1480,15,CA,96,0,BE,0,1,20,0,200.0,0,INTERNET,1.4497719926296844,other,0,1,0,3
0,0.4,0.448128186969916,-1,66,40,0.0337165162112734,-1.600048282027145,AC,1375,7821.737660282355,4121.405208038673,6423.355979601421,0,10,CA,186,0,BA,1,1,-1,0,1500.0,0,INTERNET,4.304443053198287,linux,1,1,0,2
0,0.9,0.5213630071089351,-1,190,40,0.0047797921258803,-0.972440444926122,AB,3561,5099.845567959716,3495.3202138284782,5045.399277399064,286,5,CB,205,0,BA,1,1,1,0,1500.0,0,INTERNET,4.108898820608252,other,0,1,0,4
0,0.7000000000000001,0.7363134117667051,-1,105,40,0.0232537756465081,-1.3960857325031568,AB,1812,1977.8946642975864,3878.505324155224,4287.533676770226,1,8,CF,87,1,BB,1,1,15,1,200.0,0,INTERNET,3.0782300112624927,linux,1,1,0,4
0,0.2,0.8709164417626479,-1,251,20,0.0125254311478452,50.73986232918735,AA,2159,4381.2961044889535,6076.399790504472,4377.370900877048,1,15,CA,113,0,BE,1,1,26,0,500.0,0,INTERNET,8.454524516947322,other,0,1,0,4
0,0.8,0.5181658845990142,-1,41,20,0.0097893527564589,-1.1701087539521495,AD,2725,2046.1820161652345,3357.2440955809693,5595.1593049447765,15,10,CB,100,1,BB,0,1,15,0,200.0,0,INTERNET,10.562129560686936,other,1,1,0,7
0,0.8,0.5378593367237444,-1,21,50,0.0166208824386408,-0.8671435914383574,AB,759,14713.774930407304,5516.367910126284,5342.796663505099,37,8,CB,134,0,BB,0,1,25,0,200.0,0,INTERNET,3.323316777851731,other,1,1,0,1
0,0.8,0.620039637876606,-1,88,30,0.0164533817385598,12.685343485979198,AA,988,4762.8211089433535,4940.199116896711,4778.963604490349,1451,13,CA,70,0,BC,0,1,28,0,200.0,0,INTERNET,8.023027068578912,linux,0,1,0,4
0,0.2,0.1375193230531715,-1,53,30,0.0246457297133469,10.043112214588096,AB,2306,1761.1320753614614,2890.341684015681,3480.7028679783284,11,5,CA,85,0,BB,1,1,24,1,200.0,0,INTERNET,4.310480547520008,other,1,1,0,6
0,0.2,0.7415409214688619,30,7,40,0.0135748116679531,-1.111085103765556,AB,3126,10145.632175694873,6001.050513711295,6713.2347743170285,1,13,CA,77,1,BC,0,1,1,0,200.0,0,INTERNET,2.2569820662728457,other,0,1,0,0
0,0.8,0.6890527330914195,-1,68,30,0.0317974220722555,-1.0978720624871705,AB,784,3964.435386822166,2710.373114924505,4256.868445793884,2,7,CF,85,0,BB,1,1,1,1,200.0,0,INTERNET,3.5538068319347307,other,0,1,0,5
0,0.4,0.7901291607151907,-1,33,20,0.0018041950755089,-1.0205545663726152,AB,1651,6728.986749743357,5326.583448151863,4191.032968162273,1449,10,CA,67,0,BB,0,1,1,0,200.0,0,INTERNET,5.948315423319459,linux,0,1,0,0
0,0.3,0.5207267420416889,-1,30,50,0.0090555190321224,-0.8481023555620029,AC,2937,2763.108289520326,3698.342357286083,3034.095295040694,0,2,CF,84,0,BB,1,0,-1,0,500.0,1,INTERNET,8.561437333635194,linux,0,1,0,7
0,0.3,0.0376720593340801,-1,33,30,0.0202020752795029,-1.4175490858494724,AB,1709,6530.428223055142,4060.948876803325,4261.506943085861,1,9,CA,155,1,BC,0,1,15,0,500.0,0,INTERNET,3.3721562284591697,linux,1,1,0,4
0,0.1,0.373907367741015,-1,29,20,0.0048216400077564,-0.7036142701085961,AD,2778,3977.1525972413538,3212.879964576081,4322.483615078707,11,10,CA,96,1,BE,1,0,28,0,200.0,0,INTERNET,3.4013961089154376,linux,1,1,0,5
0,0.9,0.4545693681925773,11,34,40,0.0344837677819867,-1.1526297956664522,AD,423,2314.887821362484,3687.0676199505792,4787.3754553801455,1,5,CC,89,1,BC,1,1,-1,1,200.0,0,INTERNET,5.283424476821085,linux,1,1,0,4
0,0.9,0.2204299249087638,-1,116,20,0.0148824365807647,-1.5473171886082164,AA,906,3872.228437450016,3027.2482134904467,3123.3952138132813,1,4,CA,119,0,BC,0,1,-1,0,500.0,0,INTERNET,3.5493294640892925,windows,0,1,0,7
0,0.1,0.8232431597664764,-1,127,30,0.0061804205728576,-1.0277173441553762,AC,1075,6751.469223856549,4789.891973112671,4574.054298748193,1,9,CA,240,1,BA,1,0,-1,1,1000.0,0,INTERNET,3.729735984507077,windows,1,1,0,1
0,0.1,0.1122182980200503,92,31,10,0.0147726901712214,-0.634540021958908,AC,1859,1398.4601980945272,4725.921565487487,4956.840468093255,1,10,CA,138,1,BB,0,1,-1,0,500.0,0,INTERNET,9.051554055689694,linux,0,1,0,3
0,0.1,0.4735947335684415,-1,50,30,0.034154990949838,-1.395176417287707,AB,2569,13894.895828380306,7691.629686543471,5531.458968566732,40,13,CD,33,1,BC,1,0,15,1,200.0,0,INTERNET,3.536981432173992,linux,0,1,0,2
0,0.7000000000000001,0.3579596126748556,-1,46,40,17.398194381750844,-1.2231640649079685,AC,935,5640.321151760337,3930.395524507458,5123.230637163628,0,14,CD,66,1,BB,0,1,-1,1,200.0,1,INTERNET,1.877569730760575,linux,1,1,0,2
0,0.9,0.2458933965368344,-1,370,50,0.0102339710122597,-1.0839915300061,AB,819,8024.909149275109,4368.529875363088,5088.124689978335,1542,4,CA,198,1,BA,0,1,10,1,1500.0,0,INTERNET,5.7249655686448335,windows,1,1,0,3
0,0.1,0.5530444710080594,-1,45,20,0.007433186427643,-1.7459368052513635,AC,1137,2765.303028187387,2862.327696095508,4881.095343450715,0,3,CA,69,0,BC,1,1,-1,0,200.0,0,INTERNET,11.984723561987968,windows,0,1,0,3
0,0.9,0.1418102773476541,-1,28,30,0.0062902605428824,-0.6167262114604424,AD,996,8848.067647003982,6970.9470966390345,6009.127636927937,12,19,CA,84,1,BE,0,1,1,0,200.0,0,INTERNET,4.489370424598778,macintosh,0,1,0,0
0,0.8,0.2209237712448306,-1,257,50,0.0049150333959434,28.71488515709739,AA,2170,5155.742514137944,5515.203590361745,5491.872053654262,1796,6,CA,141,0,BB,1,0,15,1,200.0,0,INTERNET,4.234290627035596,windows,0,1,0,1
0,0.7000000000000001,0.5767016764886861,-1,72,40,0.023499122249257,-0.4859484308338089,AD,2456,1656.7263134239392,3508.6666825714788,4228.829369738197,11,9,CA,215,0,BC,1,1,1,0,200.0,0,INTERNET,11.911686047518575,linux,0,1,0,5
0,0.1,0.1586548952637519,-1,197,40,0.9931498588962092,-1.2397966083319616,AC,1116,8717.73228700381,5903.396660242845,5342.437815909462,1776,5,CA,89,1,BA,1,1,-1,1,200.0,0,INTERNET,3.89899668890434,other,1,1,0,4
0,0.1,0.1064309510331634,54,7,20,0.0023933129592253,102.1986182028363,AA,1588,2022.2886844083848,2393.657893515741,6754.517272763177,10,17,CA,90,1,BB,0,1,21,0,200.0,0,INTERNET,10.857475579619967,linux,0,1,0,0
0,0.4,0.1104673187527869,52,17,20,0.0152042047110075,-1.2297364290750044,AB,1261,6988.896614179782,3247.7647235719896,5181.770741423416,1,10,CA,196,1,BB,1,0,28,1,1000.0,0,INTERNET,0.9559260827734288,linux,0,1,0,1
0,0.8,0.7861118676546719,-1,27,30,0.0505797343149156,-1.0633351905516386,AB,1189,8461.267039939943,5342.534219101567,4874.320159379676,5,6,CA,153,0,BB,1,1,26,1,200.0,0,INTERNET,1.3862402127316251,macintosh,1,1,0,4
0,0.8,0.2856239836688288,-1,98,40,0.0048539572373345,-0.7311201364682347,AD,3094,6413.289857604354,4782.284430214145,4209.964851632195,7,5,CB,189,1,BC,0,1,15,0,200.0,0,INTERNET,5.6842092731746,macintosh,0,1,0,4
0,0.1,0.6903378447709722,-1,124,30,0.0015708477422801,-1.1017328196352871,AB,2914,4322.768433892926,2896.1450592604315,4294.599432330921,1905,4,CB,144,0,BC,1,1,15,0,200.0,0,INTERNET,6.5929376729677225,windows,1,1,0,5
0,0.1,0.1530416738366452,291,36,20,0.0042900641326173,23.436589080470416,AA,1166,10018.08968640067,7095.393057227591,5178.48169616941,2,14,CA,173,0,BC,0,1,28,0,200.0,0,INTERNET,1.7901129922965666,other,0,1,0,3
0,0.4,0.5129228445847914,11,7,20,0.0315511231914391,-0.9891057713634076,AB,1000,11546.610702688624,5500.235739228932,4114.417168044889,17,10,CA,71,1,BB,0,1,1,0,200.0,0,INTERNET,19.63776702812069,linux,0,1,0,4
0,0.7000000000000001,0.2355173085157511,-1,70,20,0.0078557909429301,-0.8517878702850573,AB,1503,1949.7372079490635,3398.242738853043,3611.1089526072014,11,7,CA,96,1,BC,1,1,15,0,200.0,0,INTERNET,2.164450004651949,windows,1,1,0,6
0,0.8,0.564475827450751,10,7,30,0.0067565047466794,-0.8843376547136736,AD,862,4368.118684855603,3359.3605387040693,5345.055958363009,2,2,CA,128,1,BA,1,1,1,0,1500.0,0,INTERNET,9.122727108378792,linux,0,2,0,1
0,0.9,0.6620882700835924,-1,99,50,0.0115407794557604,46.48566183461618,AA,998,3110.194256896082,3105.07100030145,3796.140303140553,15,5,CA,116,0,BC,0,1,6,1,500.0,0,INTERNET,4.418221633402164,other,1,1,0,6
0,0.4,0.9944767301746494,-1,64,30,0.0188914011367503,-1.0376976792968096,AD,4687,1701.456700781088,2637.8030620440272,5211.7321380445865,767,14,CA,220,0,BB,1,1,28,1,200.0,0,INTERNET,4.0169454952890735,linux,0,1,0,3
0,0.8,0.0841024046284095,-1,13,20,3.5581174602903216,20.262159136261424,AA,1682,7940.948254209306,5363.340649140409,5083.16099409747,36,13,CA,113,1,BC,1,1,21,0,200.0,1,INTERNET,21.19908213668564,linux,1,1,0,1
0,0.2,0.2939040051896526,-1,136,20,0.0314303795061488,-1.512909652933642,AC,782,7220.233506939653,4880.501163562571,4735.836647689026,0,8,CA,147,0,BE,0,1,-1,0,200.0,0,INTERNET,3.9442825512877984,macintosh,1,1,0,4
0,0.6000000000000001,0.6764343825894119,81,10,20,0.0207148875278552,49.63956556224274,AA,837,9503.1356004298,6518.6059290293615,6083.197022577882,9,22,CA,48,1,BE,0,1,1,1,200.0,0,INTERNET,2.3758857234906,other,1,1,0,0
0,0.7000000000000001,0.1889666614748662,29,12,30,0.0232452892159882,-1.1975139662983656,AB,1832,1215.0668375437494,5932.041816805335,5969.367295661891,668,15,CB,178,0,BC,0,1,26,0,1500.0,0,INTERNET,5.019819906721173,linux,0,1,0,0
0,0.8,0.722330845431363,-1,130,30,0.0480058317886098,-1.31914209315219,AD,885,6617.913257644401,4147.105711094395,4176.0593715491,17,6,CA,173,0,BB,0,1,1,0,500.0,0,INTERNET,6.1755328626811,windows,1,1,0,5
0,0.5,0.1751566553952357,-1,42,20,0.0101276642828329,-0.6700808397952991,AB,1972,2685.227713741482,2577.7397998185456,4934.830060897824,2,15,CA,97,1,BC,0,1,28,0,200.0,0,INTERNET,4.65603243696571,linux,1,1,0,4
0,0.6000000000000001,0.7770971813234702,-1,198,10,1.6123657185527942e-05,45.20295539697279,AA,1338,8641.61007272623,4867.162886175992,5479.7855041092025,2164,6,CA,84,1,BE,0,1,5,0,200.0,0,INTERNET,36.72329274022522,windows,0,2,0,2
0,0.7000000000000001,0.7853369388789857,-1,142,20,0.0101608462928878,-0.7750460992705186,AB,670,9811.293011767242,5512.428589019524,4821.272476101181,11,21,CA,-34,0,BB,1,1,-1,0,200.0,0,INTERNET,7.96699333788427,linux,0,1,0,3
0,0.8,0.1032785271882907,-1,104,40,0.001433663012532,-1.1025836833550773,AB,1007,5323.33563968093,6092.345975606352,4334.900426251649,1444,5,CA,118,0,BA,0,1,15,1,200.0,0,INTERNET,4.987874952016462,other,0,1,0,6
0,0.5,0.4349488407485453,10,10,30,0.0193053355057875,-0.3399576174921865,AC,1685,7429.774583958759,4808.419680433764,5002.80396270126,1,9,CA,300,0,BA,0,1,-1,1,1500.0,0,INTERNET,4.508566237550436,other,1,1,0,3
0,0.9,0.2005700751695667,-1,45,30,0.0005766541916841,-0.7267498113732964,AB,1214,2556.902734301357,2736.892100184533,3275.08230904584,1504,11,CA,157,1,BA,1,0,1,1,200.0,0,INTERNET,1.4475042591176346,other,1,1,0,7
0,0.1,0.8980739812233486,-1,64,40,0.0425033880363325,-1.6015326989982008,AD,616,7426.485100985856,3879.234938754873,6042.388155727011,27,10,CA,79,1,BB,1,0,1,0,200.0,0,INTERNET,0.1131779776671928,windows,1,1,0,1
0,0.3,0.6143488395897848,31,3,30,0.0039558745434148,-1.3795058581799302,AD,2275,4655.224074336575,6216.877554838311,5300.895972062154,1,15,CA,155,1,BC,0,1,15,0,200.0,0,INTERNET,8.13894507549708,linux,0,1,0,1
0,0.9,0.9127000404309972,-1,55,20,0.0248248792478527,-0.9234028366340606,AB,2021,2432.4526830841955,3133.234916974798,4196.91020579185,14,6,CA,87,1,BC,1,1,25,0,200.0,0,INTERNET,1.6086702784834086,windows,1,1,0,5
0,0.1,0.7133510955676015,53,9,30,1.0010931181571083,-1.5553472765977918,AC,2200,3959.5246414687904,5299.015864306516,5665.971742488875,1,10,CA,171,0,BD,1,1,-1,0,200.0,0,INTERNET,4.415542042888247,linux,1,1,0,2
0,0.1,0.7057153830862953,10,23,20,0.0163855776000297,-1.2211783053347638,AC,563,2649.919142795991,3159.0069431142792,3140.188308861801,0,4,CA,90,0,BE,1,1,-1,0,200.0,0,INTERNET,1.9708721501477608,macintosh,0,1,0,7
0,0.9,0.6502965715542535,-1,47,30,0.0070697120749403,-0.96870596755019,AD,214,2760.922773254192,2997.6004988746995,3641.758165333961,1,7,CA,86,1,BC,0,1,1,0,200.0,0,INTERNET,7.230099900302155,linux,1,1,0,6
0,0.9,0.2914730819643239,-1,48,40,0.0058589541623513,-1.0374473778000597,AB,830,1298.02527805569,2013.617131912998,4344.714154434107,2,10,CA,163,1,BA,1,1,1,1,500.0,0,INTERNET,2.314543351495108,windows,1,1,0,5
0,0.9,0.4576578376648008,67,98,40,0.003926410722536,-0.438858668767044,AB,980,2515.633604505944,2434.643622778692,4096.043402609324,1447,11,CA,194,1,BA,0,1,28,0,200.0,0,INTERNET,9.510378694526604,linux,0,1,0,6
0,0.6000000000000001,0.838311008309067,-1,91,30,0.0043566383126757,-0.389998821491618,AB,3279,558.7977857565593,3561.8542039212043,4932.032159731555,2045,14,CB,34,1,BC,1,1,15,0,500.0,0,INTERNET,4.655757663835347,linux,0,1,0,2
0,0.7000000000000001,0.4960507528116688,35,22,30,0.0267146047432443,-0.9399312073004524,AB,2523,4620.050567713014,3837.692596739198,5773.368888096596,15,12,CA,44,0,BC,0,1,20,0,200.0,0,INTERNET,3.6680044993566936,windows,1,1,0,2
0,0.6000000000000001,0.4463260814113733,-1,52,60,0.7428229207439259,-1.12052605128418,AB,948,6824.341466129962,4765.666670092436,5664.353795227432,13,3,CA,52,0,BA,1,1,31,0,200.0,0,INTERNET,9.317762865609785,linux,0,1,0,3
0,0.1,0.4521132026645117,-1,210,60,0.0201152401305613,-0.5121350146625829,AB,920,4403.568653475703,2644.0543372430075,3047.0140867710293,51,9,CB,109,0,BB,1,1,1,0,200.0,0,INTERNET,4.273867258104668,other,1,1,0,7
0,0.2,0.8337433126376252,65,16,30,15.166465049356578,51.78024246076811,AA,2117,9134.311540256962,4775.458816943025,5190.366533237181,2,20,CA,137,0,BE,0,1,-1,0,500.0,0,INTERNET,3.981652134407208,linux,1,1,0,3
0,0.1,0.860678168399902,-1,90,10,0.0269210146521065,-0.5173799157788483,AC,701,6162.827332236378,3090.2439446741723,3140.525167499964,1,7,CA,135,1,BB,0,1,-1,1,200.0,0,INTERNET,5.101387470704142,windows,0,1,0,1
0,0.8,0.3123100522856804,25,12,30,0.0040844205731677,-1.1278202510803197,AC,905,7840.176408555261,5633.183916271159,4772.88258679425,1,10,CA,164,0,BB,0,1,-1,0,200.0,0,INTERNET,1.9714224330656704,linux,0,1,0,3
0,0.8,0.0397607255091122,-1,236,50,0.0030706328605067,95.64052984092297,AA,1682,2601.4952490225382,5993.991965113404,4373.450160466744,12,2,CA,302,1,BA,1,1,21,0,1500.0,0,INTERNET,1.1679328861437592,windows,1,1,0,5
0,0.1,0.6245942061310207,-1,29,30,0.0310631299933653,-1.5270542873364823,AB,882,9464.907675987875,5539.717376724215,4290.205462226897,1,19,CA,201,1,BC,1,1,1,1,500.0,0,INTERNET,1.1322766933984885,linux,1,1,0,5
0,0.3,0.8256391990085159,31,8,20,0.0003338243960051,-1.1480370724919786,AB,1018,3921.775915455844,4154.72735819558,4458.628443833208,710,11,CA,37,0,BB,1,1,10,1,200.0,0,INTERNET,0.9900735937824836,linux,1,1,0,4
0,0.2,0.0395658949818228,-1,184,40,0.0329534682449328,50.58419721129303,AB,3176,5871.9070106954405,3983.285330382944,4980.511047706748,7,3,CF,133,1,BC,1,1,15,1,200.0,0,INTERNET,1.3940087612882432,linux,1,1,0,3
0,0.8,0.514905991041131,-1,54,30,0.005052973865045,31.40626553607127,AA,1382,3740.40522504758,3391.8796880705345,4248.80884901314,1325,15,CA,111,1,BC,0,1,28,1,200.0,0,INTERNET,3.1925499983081305,windows,1,1,0,6
0,0.3,0.4219431370994737,-1,215,30,0.0145190786355677,-1.092042948981486,AB,2062,2826.602616166594,6085.473498258382,5931.719759811914,930,22,CB,40,1,BB,1,1,19,1,200.0,0,INTERNET,3.1337802246697004,linux,0,1,0,0
0,0.1,0.2577510684184613,-1,99,30,0.0258629932998565,10.662313426165015,AA,937,6440.566805185589,3384.700055559913,4408.031067770661,2,9,CA,58,0,BB,1,1,15,0,200.0,0,INTERNET,0.8638727798805274,other,1,1,0,5
0,0.7000000000000001,0.1636796384508643,-1,268,30,0.0070671309001784,-1.0389452534072896,AA,1192,6638.951867451806,6240.494675765577,5131.143973236441,1,15,CE,135,1,BD,0,1,20,0,200.0,0,INTERNET,5.560293608622191,other,0,1,0,3
0,0.1,0.9988373147970744,-1,41,20,0.002001652721732,-1.5582538937638484,AC,877,8857.712626995899,5921.00331859468,6315.723217235493,7,16,CA,206,1,BB,0,1,-1,0,500.0,0,INTERNET,17.976343813313942,other,1,1,0,0
0,0.2,0.7474316627338171,-1,48,20,0.0183449956223773,-0.6101999047410982,AC,1159,9563.193856591335,5599.384584150994,4894.33691019584,1,6,CB,101,0,BC,0,1,-1,0,200.0,0,INTERNET,5.273314049691585,linux,0,1,0,3
0,0.9,0.6391186981928118,-1,42,20,0.0251819770560764,50.26664494516388,AA,1942,6556.552519311495,5740.26047736606,4896.853701837608,1978,12,CA,99,1,BC,0,1,1,0,200.0,0,INTERNET,9.83010928784744,windows,0,1,0,3
0,0.6000000000000001,0.6357589250628082,217,12,30,0.0050309059424356,-1.3670505347563195,AC,1482,1989.1651507555064,6089.017384282342,4867.352047870102,2,11,CA,63,1,BE,0,1,-1,0,200.0,0,INTERNET,5.763876722028543,macintosh,1,1,0,3
0,0.8,0.8018836723198717,-1,70,40,0.0199037897261479,-0.6662634954336446,AD,1590,3999.480192990793,6543.465709398784,6539.788398317663,159,5,CA,226,0,BA,1,1,1,0,1500.0,0,INTERNET,3.4115906616708167,linux,1,1,0,0
0,0.6000000000000001,0.6714074839921829,-1,112,30,0.018017690051759,-1.3802955809180646,AB,1668,5354.762139751994,5416.104796969175,5017.9503466009255,16,19,CA,156,0,BA,0,1,1,1,500.0,0,INTERNET,6.736027366396973,other,1,1,0,3
0,0.6000000000000001,0.3433971959850809,-1,57,40,0.0060259166899498,-0.9714641727155486,AB,641,2692.207655176048,3969.276017048781,5207.299658648551,19,4,CA,42,0,BC,1,1,15,0,200.0,0,INTERNET,10.387073842109002,other,1,1,0,2
0,0.9,0.762729364138454,-1,36,30,9.920350392326364,-0.602208410875574,AC,1342,3908.274079578289,4177.116880528693,5561.350723101421,0,12,CB,57,1,BC,0,1,-1,0,200.0,0,INTERNET,2.7012892972464044,linux,0,1,0,1
0,0.8,0.6105228136492749,77,24,20,3.2215447351721567,-0.8636467329517725,AC,551,4284.159175450645,5088.110801017857,5683.89374365487,1,13,CA,104,1,BC,1,1,-1,0,200.0,0,INTERNET,1.4496585157068074,other,0,1,0,2
0,0.4,0.0964985089083818,-1,92,40,0.0106322643555663,-1.4365137722306494,AB,1119,4735.410854621711,5250.278211400755,4874.4555038086855,1,8,CF,124,1,BB,1,0,1,0,500.0,0,INTERNET,57.82970879250597,linux,1,1,0,3
1,0.9,0.6570315716424893,-1,34,30,0.0238369422772736,-0.9890533901216892,AC,1539,7332.766148745416,6746.317610009936,3045.211012971935,0,15,CA,80,0,BA,0,1,-1,0,200.0,0,INTERNET,4.179048750701785,other,0,1,0,7
0,0.9,0.6671904129329791,-1,34,40,0.0021406282273621,-1.1693922972950397,AD,909,3985.8272942094673,5922.602400705639,5153.80558815941,12,8,CA,196,0,BC,1,1,28,0,500.0,0,INTERNET,4.633287317609964,windows,1,1,0,2
0,0.9,0.8440129672244621,-1,178,30,0.0164668882427632,-0.7808334024751477,AC,2721,6102.330253239483,4582.790709922148,4259.459722709257,1,9,CA,213,0,BB,0,1,-1,1,1000.0,0,INTERNET,13.904781539695216,macintosh,0,1,0,5
0,0.9,0.8043499506492089,-1,32,30,0.0377811461897778,-0.6374612071741128,AD,1134,3473.192842275444,4874.5327325521885,5601.509011335371,849,13,CA,78,1,BC,1,1,1,0,200.0,0,INTERNET,4.3735194797564265,linux,0,1,0,2
0,0.4,0.3965990302531275,-1,80,20,8.211677037305439,44.06338219657778,AA,1442,7961.156577749761,6953.72292966742,5638.3462437790295,15,23,CA,68,0,BE,1,0,1,0,200.0,0,INTERNET,9.736812933124847,other,1,1,0,2
0,0.3,0.4775739942487402,-1,31,40,0.0082482871418984,-1.4698038264736368,AB,1120,4794.285064849998,8269.686667910846,5313.774350920224,285,18,CB,146,1,BB,1,1,1,1,200.0,1,INTERNET,5.105662476518545,linux,0,1,0,1
0,0.1,0.0842225137313798,20,2,40,0.0015979203691143,-1.1419483339380891,AC,473,1166.7884590518072,3878.80093849558,3129.2127030995343,0,5,CB,111,1,BC,1,0,-1,0,200.0,0,INTERNET,3.0738723617200407,linux,0,1,0,7
0,0.9,0.2855225299353477,-1,67,40,0.000945076873861,-1.4130737811511336,AC,1145,2805.326612322189,5173.479051397522,4949.87143538228,0,9,CD,248,1,BC,0,1,-1,0,1500.0,0,INTERNET,5.050149575855329,other,0,1,0,3
0,0.9,0.9927637673134504,-1,29,30,0.0035229132058934,-1.104708646240989,AB,597,2155.2253705969365,8586.163340839232,5370.5394673300125,10,15,CB,249,1,BC,0,1,15,0,1500.0,0,INTERNET,4.2175012889461625,other,1,1,0,3
0,0.1,0.1068619734496778,13,12,50,0.0037023481004653,-0.7758851516643072,AB,4346,13337.335688034069,7157.501722350881,6629.281564045252,549,17,CA,204,1,BB,0,1,25,0,1500.0,0,INTERNET,5.870904171261804,windows,1,1,0,0
0,0.6000000000000001,0.3063474416709701,14,159,20,0.0172531746535839,-0.7761210868233588,AD,1808,12811.5313373989,3617.002891874796,4267.778418787328,9,10,CE,231,0,BE,0,1,11,0,200.0,0,INTERNET,55.58309044950511,other,0,1,0,4
0,0.8,0.1284161324663834,30,21,20,0.0028989956520459,51.82683377734804,AA,1622,7343.402810250623,4937.40730324864,4564.988425544345,6,15,CA,215,0,BC,0,1,26,1,1500.0,0,INTERNET,4.4353067393517565,linux,0,1,0,3
0,0.5,0.2375078694877673,-1,47,40,0.0144717816192922,-1.577561713733424,AC,2605,1835.629390009656,2317.6667097842155,3828.497863268497,0,12,CA,136,1,BB,1,1,-1,0,200.0,0,INTERNET,4.984830347866904,other,0,1,0,6
0,0.4,0.084651829522991,-1,45,20,0.0125422698168993,-0.7959876699211109,AD,2584,5862.153498341148,5000.593139183615,5358.948273960446,16,10,CA,147,1,BC,0,1,21,0,200.0,0,INTERNET,9.88988218083894,windows,0,1,0,2
0,0.8,0.7433342980118887,-1,153,30,0.0108211716986834,33.13781808258634,AA,1002,3603.560260804174,6425.705687823749,5024.596074085497,7,8,CA,59,0,BD,1,1,1,1,200.0,0,INTERNET,1.4980530841646602,windows,1,1,0,4
0,0.9,0.9148043274302692,-1,24,20,0.0025700219780386,-1.4507367603255237,AD,601,1169.3989850271878,3465.319255650892,3913.398603123009,15,4,CE,197,0,BC,0,1,1,0,500.0,0,INTERNET,1.5457925397607395,other,1,1,0,6
0,0.1,0.5935019524224399,23,8,30,0.0087050572601092,-1.3051863951406106,AB,1547,5300.953469394771,5791.387736651865,5562.260584797386,9,20,CA,199,1,BB,0,1,15,0,1000.0,0,INTERNET,1.4707966429505102,windows,1,1,0,2
0,0.1,0.7513076943644519,-1,196,20,0.0087428361337912,2.9388543396298665,AA,1256,7378.712285722597,5356.193247657421,4256.282243181671,16,9,CE,-30,0,BE,1,1,15,0,200.0,0,INTERNET,16.563717475933963,windows,0,1,0,5
0,0.9,0.1766198489357486,-1,0,20,2.8092281503014904,-1.1669413911187232,AB,834,4558.372289795783,8946.654478221513,5024.680455030298,121,11,CA,62,0,BB,0,0,20,0,200.0,0,INTERNET,2.683716432157558,windows,1,1,0,1
0,0.2,0.5019017244166798,-1,24,40,6.294655539087666e-05,-0.8033991761314687,AD,1280,13656.08625192204,6984.842594164065,6397.7321157619335,586,8,CA,81,1,BC,0,1,10,0,200.0,0,INTERNET,4.961040134462473,linux,1,2,0,0
0,0.1,0.8151356229576922,-1,201,20,0.0268533592565004,-0.9808439442331676,AC,1954,9631.827728665376,5441.769591486936,5142.658492562776,0,8,CA,119,1,BB,0,1,-1,0,200.0,0,INTERNET,2.3935588833424823,windows,0,2,0,3
0,0.7000000000000001,0.5303275163272849,-1,97,40,0.0050115497691093,-1.4490922292881372,AB,889,7014.395265311775,6249.822512692122,4861.24825011825,32,11,CB,98,1,BC,1,1,15,1,200.0,0,INTERNET,5.294099200521943,other,1,1,0,3
0,0.9,0.4115949026434047,-1,50,50,0.0078721467936354,-1.0846564437847048,AC,837,2166.3084985788587,2356.878281960468,4170.570379237372,1,6,CA,321,0,BA,0,1,-1,0,500.0,0,INTERNET,6.020446014351935,windows,1,1,0,6
0,0.3,0.9133004722074568,-1,255,20,0.0508701354726843,-0.6748907165516146,AD,1402,5392.404146823669,5012.075671448347,4309.006140615649,2,7,CA,104,1,BE,0,1,31,0,200.0,0,INTERNET,4.242190308492424,windows,1,1,0,4
0,0.8,0.8641841968304251,-1,73,40,0.0050460223462751,-0.9787392421417634,AC,1863,3517.6586258708667,4726.981688411877,4204.2108026177775,1,13,CA,231,1,BC,0,1,-1,0,1500.0,0,INTERNET,7.770771012143445,windows,0,1,0,5
0,0.9,0.2959249582275272,11,3,10,0.0242205480652252,-1.0728549848347295,AB,557,2550.618761351396,3176.714100769367,4944.1676419900205,15,7,CA,156,0,BE,0,1,1,0,200.0,0,INTERNET,4.012692405025954,windows,1,1,0,4
0,0.8,0.7265956886143949,-1,101,40,0.0281822188384772,-1.276646040404764,AC,1009,2273.082852710052,2776.9207733256926,3527.8943136915004,0,4,CA,285,1,BD,1,1,-1,1,1000.0,0,INTERNET,0.6260460868981691,windows,1,1,0,6
0,0.9,0.1304805228530517,-1,342,50,0.0201685014147331,-1.1108479807501894,AC,2855,4843.848753617124,3567.287809728268,3991.478061753268,1,4,CA,106,0,BA,1,1,1,1,200.0,0,INTERNET,3.4850811479383657,other,0,1,0,6
0,0.9,0.2406431763635697,-1,114,40,9.391181081739382e-05,-0.8057091980663299,AB,1357,4000.774592940735,3155.881042662702,3981.4429190116193,2,13,CB,129,0,BE,0,1,31,1,500.0,0,INTERNET,3.1298176535842908,other,1,1,0,1
0,0.6000000000000001,0.841252373258265,-1,62,30,0.019422413375265,32.010279649523824,AA,1186,4830.829961217002,2441.074989578049,3116.482995665814,9,10,CA,108,0,BC,1,1,28,1,500.0,0,INTERNET,3.3385308205900697,linux,0,1,0,7
0,0.9,0.5321456480030167,-1,188,40,0.0249755121770032,-0.8649136041242783,AB,816,4338.431554012298,3218.790855387794,3961.4744800541375,1917,6,CA,124,0,BA,0,1,1,0,200.0,0,INTERNET,8.088002264056318,windows,0,1,0,6
0,0.8,0.5228457840158595,-1,258,40,0.0493458309221741,-0.9037026710854436,AD,4233,6512.5640825859045,6515.655311768628,5512.048701321855,10,3,CA,33,1,BB,1,1,1,0,200.0,0,INTERNET,4.211460561898096,linux,1,1,0,2
0,0.2,0.4511143670225976,-1,22,50,0.3998469739176481,-0.9283182645095508,AD,1112,10004.952182993487,5806.8370704160925,6674.707515727348,28,2,CA,44,1,BA,0,1,1,0,200.0,0,INTERNET,5.320826490113215,other,0,1,0,7
0,0.8,0.575106093914236,-1,38,40,0.0086789777246731,-1.1681334609619485,AC,1068,10192.684961504092,5132.688700595677,5675.922176556392,1,13,CA,143,1,BC,0,1,-1,0,200.0,0,INTERNET,4.123276711399456,windows,0,1,0,2
0,0.1,0.9077397401730848,94,7,30,0.0088032526498678,-0.8981581051981993,AC,2983,9139.71473727032,5508.675674748206,5177.356610980504,27,10,CC,214,0,BA,0,1,-1,0,1000.0,0,INTERNET,12.3309874230281,linux,0,1,0,2
0,0.9,0.4553736744442407,-1,55,30,0.009938151459009,22.68344111568829,AD,1316,3065.9491528954504,3202.940321717338,3063.000077565696,9,13,CA,94,1,BC,0,1,10,0,200.0,0,INTERNET,3.953533146920985,windows,0,1,0,7
0,0.6000000000000001,0.3586273364748558,-1,177,20,0.0122580665504239,-1.9139790280524576,AB,1604,6889.931612226264,5462.016028711338,5544.781934766574,9,15,CA,154,0,BA,0,1,1,0,500.0,0,INTERNET,1.7130462781428355,other,1,1,0,2
0,0.8,0.1472764301082702,-1,39,30,0.0310874914974755,-1.484148962057524,AB,1639,4133.533056296198,6957.122044540305,5085.852854977205,17,13,CA,134,1,BC,0,1,1,0,200.0,0,INTERNET,6.97716105217105,other,1,1,0,2
0,0.8,0.2215585127045952,-1,40,30,0.0218058489706772,-2.1052913112428486,AB,2632,4634.961662833637,4837.288885513501,4234.794530294837,2,7,CB,125,1,BC,1,1,21,0,200.0,0,INTERNET,1.4166424347773676,other,1,1,0,5
0,0.9,0.2053128212543483,-1,138,30,0.002087556610628,-1.0939358652568498,AB,812,4201.4520924851695,2993.1176562536266,4210.038988573807,2,17,CA,193,0,BA,0,1,1,0,1000.0,0,INTERNET,10.02321456040668,other,0,1,0,6
0,0.5,0.1642666509578285,-1,133,20,0.0063410811194003,-0.9960792475030984,AB,1148,10403.912615218143,5604.724803878176,5108.597927686169,213,6,CE,93,0,BE,1,1,20,0,200.0,0,INTERNET,5.6288960792169735,macintosh,0,1,0,2
0,0.4,0.7492968557619446,-1,65,40,0.0246180764636588,-1.1756653664954206,AD,3129,7501.688906003977,5095.157038341883,6354.354334395976,1201,7,CA,64,1,BB,0,1,1,1,1000.0,0,INTERNET,1.791776412009532,linux,1,1,0,0
0,0.9,0.6647103436950529,-1,78,20,0.0348677282389222,-1.1280418086954809,AD,571,3848.208774745435,3311.5667015956665,3151.386767118424,366,6,CB,99,0,BB,1,1,30,0,200.0,0,INTERNET,15.079174556734314,other,1,1,0,7
0,0.6000000000000001,0.2218090639905097,-1,111,40,0.0019226964107267,-1.193544934926503,AB,1455,951.9540721264984,3262.90277400418,4378.63021145721,8,9,CB,187,1,BA,1,1,25,0,500.0,0,INTERNET,1.7190342887778232,other,0,1,0,5
0,0.1,0.4372686827741384,34,12,20,5.051286458616822,13.6454431437536,AA,979,5406.41876885747,4862.668379501574,5579.06169345263,8,4,CF,74,1,BC,0,1,21,0,200.0,0,INTERNET,4.758134320007219,other,0,1,0,2
0,0.3,0.4529937402844392,-1,12,30,0.0196372321096433,-1.4092680239916482,AD,1376,13827.174393065794,7251.782810944576,5378.5669116422605,1959,8,CA,149,1,BC,0,1,1,0,1500.0,0,INTERNET,1.8787416457675024,other,1,1,0,1
0,0.4,0.2406754386587294,-1,70,40,0.0007072104638353,-1.1464703572494273,AD,1286,5827.265564316767,7149.948849466072,6371.866723827361,1316,2,CA,314,0,BB,0,1,2,1,200.0,0,INTERNET,4.4038623892459805,other,1,1,0,0
0,0.9,0.0877174624377661,-1,188,40,0.0239804349499202,49.40990154919804,AA,3572,3872.3300197993512,7261.825406656038,4362.505815492068,585,4,CD,153,0,BA,1,0,28,0,1000.0,0,INTERNET,2.263505349818788,windows,1,1,0,5
0,0.7000000000000001,0.9148039966376356,-1,188,40,0.0223852802644807,-1.5375365590082222,AB,3247,9014.403135683358,2627.959595857098,4345.511270256508,7,3,CF,69,0,BB,1,1,11,0,200.0,0,INTERNET,12.481998258584364,linux,0,1,0,4
0,0.9,0.7019025906642837,57,1,30,71.48749123492873,5.976244464082095,AA,1756,2925.805376820251,2385.6228156401485,4069.9553594944905,2,7,CA,152,1,BC,1,1,2,1,200.0,0,INTERNET,1.4334603031599569,windows,1,1,0,6
0,0.7000000000000001,0.215642511452113,-1,136,30,0.0233661331410751,-1.1725226909022044,AA,407,2082.315841472737,2646.883278284667,4264.169076431593,5,11,CA,185,1,BA,0,1,29,0,1000.0,0,INTERNET,9.300479297884188,linux,1,1,0,6
0,0.9,0.8766408945771134,-1,34,30,0.0052611005723849,-1.0307157176186834,AB,2501,5885.142173477218,4115.123943162474,5399.8566314176815,11,15,CA,269,0,BA,0,1,1,1,500.0,0,INTERNET,1.2055632354362835,other,1,1,0,1
0,0.9,0.6448258767209623,-1,205,40,0.0014647361470278,52.53201069874181,AA,1134,8518.06528073982,5112.755989639863,5362.229753471427,17,4,CA,150,0,BA,1,1,1,0,1500.0,0,INTERNET,3.7850046668175112,linux,1,1,0,2
0,0.2,0.1675799336866321,-1,37,20,0.5512441368747723,-1.45525070397268,AB,542,3112.8284915233507,2838.274855193493,5048.3559420817,0,9,CA,135,0,BB,0,1,28,0,200.0,0,INTERNET,5.723798887826575,other,0,1,0,3
0,0.1,0.9984472509441322,-1,45,50,0.0152165471401538,-1.586241267766411,AC,610,1366.194655122218,6493.823931716039,5983.791661335046,0,13,CA,171,1,BB,1,1,-1,1,1000.0,0,INTERNET,2.8763452880419385,linux,0,1,0,1
0,0.7000000000000001,0.5655468252829328,-1,50,20,0.009589805231735,-0.6841594024921565,AC,1496,13021.653504220156,4324.625274706791,5553.9670101746,0,13,CB,50,0,BB,0,1,-1,0,200.0,0,INTERNET,34.372631254134234,linux,1,1,0,1
0,0.9,0.8536206954382578,-1,151,50,0.0016941548178523,-0.6093806424817678,AB,1119,3060.823262833305,2398.5396544313376,4407.721905135919,14,2,CA,223,0,BA,1,1,28,0,1000.0,0,INTERNET,12.439147658671356,other,0,1,0,7
0,0.9,0.1417035730883062,-1,55,50,14.703677503678534,-1.6275410595549338,AB,847,10142.87056744038,6255.278047027541,5926.243740579123,2,6,CF,50,1,BC,1,1,15,0,200.0,0,INTERNET,6.035239313783668,other,0,1,0,0
0,0.7000000000000001,0.3495094486278356,-1,48,40,0.027452178867087,-1.4287694869529788,AC,1220,9784.851980595637,4603.617193557539,4392.457496463957,1,5,CB,102,1,BB,0,1,-1,0,200.0,0,INTERNET,4.098618562393395,other,1,1,0,5
0,0.9,0.2605055305501835,-1,57,30,0.0016547193501391,-0.4704872482108672,AB,2673,5686.908764202882,4631.587225178553,5510.43717263178,1,13,CB,66,1,BC,0,0,6,1,200.0,0,INTERNET,2.8353795056844486,other,1,1,0,1
0,0.6000000000000001,0.3902602703824827,-1,97,40,0.0163083784057268,-0.7483622294809735,AB,1015,1478.986456000785,4257.180477417852,4232.214090439657,1499,5,CA,239,1,BB,1,1,1,1,1500.0,0,INTERNET,3.5133307539518737,other,1,1,0,5
0,0.1,0.1318431129190543,-1,52,30,0.0129526426518476,-1.2867247547027143,AB,3619,7287.149645434922,4236.317249375953,5895.359830556229,154,23,CD,-34,1,BB,0,1,9,0,200.0,0,INTERNET,27.06057373150952,linux,1,1,0,1
0,0.8,0.3234500837117662,56,16,20,0.0072070793987534,25.203692971671025,AA,772,3487.8039770175715,3554.741218711605,4250.905752344616,16,16,CA,185,1,BA,0,1,1,1,500.0,0,INTERNET,19.30094232832877,windows,0,1,0,5
0,0.7000000000000001,0.8386586713667551,71,24,30,0.0096308162427024,15.42814310023624,AA,828,7651.215110069459,4174.3399032714215,5207.875675394142,836,14,CA,141,0,BC,1,1,27,0,500.0,0,INTERNET,2.047649996856671,windows,0,1,0,2
0,0.4,0.4534274071184336,-1,188,40,0.0442335107575509,-1.4205368358430932,AB,420,5291.075077170442,4280.602085325158,3058.072207080093,21,2,CE,112,1,BE,1,1,1,0,1500.0,0,INTERNET,14.130362418515231,other,1,1,0,7
0,0.8,0.0481277946535882,-1,67,30,0.0045558347858803,-1.1439389345860878,AB,1276,5419.19079408961,4418.824669008383,6428.062472007712,11,9,CA,163,0,BB,0,1,1,1,200.0,0,INTERNET,6.919380475787992,windows,1,1,0,0
0,0.7000000000000001,0.4846731190640221,56,3,40,0.0004211363913177,-1.5575465589467432,AC,761,4529.030255854549,3662.70404683989,3915.3190531684895,0,10,CA,154,1,BB,0,1,-1,1,200.0,0,INTERNET,1.3336127673361324,windows,0,1,0,6
0,0.1,0.4786336291394973,-1,366,40,0.0115412547864087,-0.6772939291762579,AC,795,8540.623779221152,5426.617838039221,5288.471686189654,1,9,CA,43,1,BE,0,1,-1,0,200.0,0,INTERNET,13.215968168522416,windows,0,1,0,2
0,0.7000000000000001,0.8891913759710073,-1,39,30,0.0184490881840394,34.93259705703424,AA,560,7095.7415449114205,6512.673686692434,6352.069432718875,9,14,CB,35,0,BE,0,1,30,0,1500.0,1,INTERNET,2.599613202058377,windows,1,1,0,0
0,0.9,0.9195278556696916,-1,58,40,0.0135948400137863,40.688642105241925,AA,2660,1441.1142271435112,5936.433877115768,5133.826854411196,4,9,CA,119,1,BC,0,1,10,0,510.0,0,INTERNET,6.188355535692005,linux,0,1,0,2
0,0.8,0.999038434351548,43,5,20,0.0093361298336301,-1.159606445609735,AB,655,3428.565362487162,4038.99817369645,4324.7956216637485,18,7,CA,129,0,BB,1,1,26,0,200.0,0,INTERNET,2.2889217170955622,other,1,1,0,6
0,0.6000000000000001,0.7662196668271223,27,7,30,0.0007454363848096,51.182912861361935,AA,621,3812.590998322296,6704.656264408292,5166.416427116753,425,7,CA,83,0,BC,1,1,1,0,200.0,0,INTERNET,3.6599992687374407,windows,0,1,0,2
0,0.9,0.25876310334166,-1,61,30,0.0202998559675224,11.273398509778426,AA,1108,3668.149637064989,2819.9201204770825,4469.204805968544,1,11,CA,145,0,BE,1,1,10,1,500.0,0,INTERNET,0.2089825310586213,other,1,1,0,6
0,0.1,0.9023517340291352,-1,36,30,0.0082532336525053,-0.5960528498008608,AB,3243,4068.228188736721,3778.26089445058,5161.795563175332,17,18,CA,10,1,BC,1,1,1,0,200.0,0,INTERNET,12.040288755748753,windows,0,1,0,2
0,0.5,0.1700070150229373,-1,184,50,0.0306167686462894,20.552000780929887,AA,599,3301.6501518013206,6401.711978709704,4939.637489865829,7,2,CA,226,1,BA,1,1,2,0,1500.0,0,INTERNET,3.715966355295154,other,0,1,0,4
0,0.9,0.0458923923163177,-1,145,50,0.0212178584916628,-0.1972915915643249,AC,600,4918.595546175399,4400.758281210143,5505.174497380757,0,7,CA,160,0,BA,0,0,-1,1,1000.0,0,INTERNET,5.514361172437334,other,0,1,0,4
0,0.2,0.0495155011501657,-1,61,40,0.0074999922101346,16.892691191744632,AA,1893,7855.472978335265,4033.924997815479,6766.913165320364,2,9,CA,186,1,BD,0,1,1,0,1500.0,0,INTERNET,6.35600712484169,windows,0,1,0,0
0,0.1,0.6050133346856077,-1,23,40,0.0156178426148136,-1.2508688187570554,AC,1039,2899.575948555361,3450.168171380791,3081.3008918997966,1,8,CA,120,1,BB,0,1,-1,0,200.0,0,INTERNET,6.797289276923089,linux,0,1,0,7
0,0.6000000000000001,0.7519003275960716,-1,59,30,0.0323316807867626,48.85865150625658,AA,1096,9353.219804095106,6075.727485706824,6382.9085621780005,1197,14,CA,170,0,BC,1,1,25,0,200.0,0,INTERNET,15.15864116863252,other,0,1,0,0
0,0.2,0.857289886879062,-1,249,40,0.0031881007556968,-1.0475455880699374,AC,1380,2325.3453903220943,4806.428634639198,5091.472886116368,0,3,CA,73,0,BC,0,1,-1,0,200.0,0,INTERNET,3.1418916490264164,linux,1,1,0,3
0,0.6000000000000001,0.0743368655405567,-1,118,30,0.0103100023018096,35.73365853583758,AA,1232,2065.590724718088,3810.421761823216,4888.533795046275,595,10,CA,47,1,BB,0,1,20,0,500.0,0,INTERNET,6.731942878341081,other,1,1,0,3
0,0.9,0.261310302850154,-1,159,40,0.010573270810124,-1.3384504061941984,AC,1161,3343.286681431872,2458.181931917125,4386.049893377543,1,9,CA,138,1,BB,1,1,-1,0,200.0,0,INTERNET,2.8916324900470576,macintosh,0,1,0,5
0,0.2,0.9023256175911724,-1,186,30,0.0354243339609824,21.664359842169,AA,1073,3389.565342608109,3274.530806448767,4676.593367165952,2272,9,CA,79,1,BE,0,1,27,0,200.0,0,INTERNET,12.264626744482946,linux,1,1,0,7
0,0.4,0.6371767701150403,-1,131,20,0.0380884264358734,-1.098334665284777,AC,1108,1918.7195212998377,3758.898460254824,4313.968013401562,1,7,CE,72,0,BE,0,1,-1,0,200.0,0,INTERNET,1.2042663305353145,other,1,1,0,5
0,0.5,0.1055962773527066,200,14,30,0.0030605817999361,48.67124975468442,AA,915,2008.9569353988124,2318.333999983042,4226.178636726198,8,4,CA,159,1,BD,0,1,2,0,500.0,0,INTERNET,2.9433041112880565,linux,1,1,0,6
0,0.6000000000000001,0.1260493620404035,-1,321,40,0.0049848459681396,31.770529721155302,AA,739,8104.902920438178,5539.183228716545,6866.223180156161,1013,8,CA,191,0,BE,1,1,25,0,500.0,0,INTERNET,43.10386281533613,other,0,1,0,4
0,0.9,0.4980314042067122,25,7,30,0.0061705885847457,-0.4480712789245567,AB,1924,9563.922418010416,5850.9626079452855,4818.735768603158,2,17,CB,230,0,BA,0,0,15,0,500.0,0,INTERNET,6.538346314452308,other,1,1,0,2
0,0.1,0.3466508912202435,-1,132,50,0.0067430166231101,-1.2045664933653275,AC,3441,9785.533675810191,5695.642884166236,5685.756544162521,1,3,CA,176,1,BB,0,1,-1,0,200.0,0,INTERNET,7.587080052569735,other,1,1,0,1
0,0.4,0.9982459671514878,24,10,30,0.0008391056243985,15.640237787903107,AA,1602,9257.16545879806,5304.208978081,4720.942065880986,8,12,CB,250,0,BE,0,1,11,0,1500.0,0,INTERNET,3.2042437865601534,linux,1,1,0,3
0,0.4,0.8279923846006583,-1,189,20,0.0159546434810013,-1.4214920067947847,AD,3582,12645.081348879648,5530.058749166539,5980.736938509336,3,21,CA,57,1,BA,0,1,19,0,200.0,0,INTERNET,2.5838369517639306,windows,1,1,0,0
0,0.1,0.1906450850410512,-1,107,40,0.0008386764121104,-0.6951704943479775,AB,1072,2840.0198240683867,2906.5420286982344,3875.502327644522,2,7,CA,93,1,BC,1,1,1,0,200.0,0,INTERNET,8.601464772114891,other,0,1,0,6
0,0.8,0.8050889429468434,-1,30,40,0.0234669792267448,90.11454194174104,AB,1160,7429.270711413109,5623.316811604817,4327.325228579259,7,7,CA,118,1,BA,1,1,1,1,200.0,0,INTERNET,3.612135785308977,windows,1,1,0,5
0,0.7000000000000001,0.4481818956770118,-1,313,40,0.0027289651096795,-0.7622948875625155,AC,1075,3364.329494352261,2632.164649142788,4070.64127586457,2,8,CD,196,1,BA,1,0,-1,1,1500.0,0,INTERNET,2.0456472744654697,windows,1,1,0,5
0,0.9,0.0962492019701392,-1,94,40,0.0282809097685205,-1.4618862038234863,AB,3712,2682.542687963658,3261.215426762813,4057.6488744384937,13,2,CB,106,1,BA,1,0,30,0,200.0,0,INTERNET,16.24481526836917,linux,1,1,0,4
0,0.9,0.3750361065314896,35,11,30,30.713174306357487,0.0845160681919232,AC,628,6630.954388808148,4922.965921669021,5618.8519457368175,0,30,CB,33,0,BC,0,1,-1,0,200.0,0,INTERNET,6.0813647351537465,macintosh,1,1,0,2
0,0.9,0.8762895334735183,-1,37,40,0.008978800827166,-0.6523042562655029,AB,1838,7453.105404808484,4547.88107682488,4819.638868888282,1772,9,CA,222,0,BA,0,1,1,1,1000.0,0,INTERNET,1.4339562660813518,other,1,1,0,3
0,0.7000000000000001,0.3700455216678746,10,11,20,0.0004330361877142,-1.2091799928191251,AB,877,16515.613818794598,6121.924856116832,5561.74106504692,28,14,CA,88,0,BE,0,1,1,1,200.0,0,INTERNET,49.45718306894475,linux,1,1,0,2
0,0.6000000000000001,0.8669456222726708,-1,16,40,0.012580914471405,-1.0151231648109995,AD,723,13497.2870934463,7363.509205891701,3145.989090532777,1848,7,CA,252,1,BC,0,1,1,1,1000.0,0,INTERNET,1.7256511330128887,linux,0,1,0,7
0,0.7000000000000001,0.5289647093064718,-1,265,50,0.0382696955570456,48.43489577051948,AA,1015,4711.618026676426,5238.197497510445,4383.505771986377,6,3,CC,168,0,BB,1,0,31,0,1500.0,0,INTERNET,5.352729930116523,windows,1,1,0,3
0,0.6000000000000001,0.4752811157454497,-1,36,20,0.0026142584469766,-0.8206712905316447,AC,1174,2911.73181756858,2903.282164116341,3046.786586248208,1,7,CA,129,0,BC,0,1,-1,1,200.0,0,INTERNET,8.215681840506061,other,1,1,0,7
0,0.2,0.0210811591269174,-1,93,20,0.0138773418411076,-0.9109714608420112,AB,799,7783.909150679645,3503.469744948566,6058.642859926993,26,11,CD,183,0,BB,1,0,28,1,500.0,0,INTERNET,3.0719445759054667,windows,1,1,0,0
0,0.9,0.8895518919599982,-1,37,40,0.0215667000469902,-0.3638807747309905,AC,785,8459.584566048146,7003.195465127028,5614.644432672188,1,10,CA,339,0,BC,0,1,-1,1,1500.0,0,INTERNET,8.447002617805248,other,1,1,0,1
0,0.9,0.4559918661887207,29,6,30,0.0081395728283514,36.38181089950452,AA,4771,8301.524242132298,3929.187191375887,4855.351098488115,34,12,CA,118,1,BC,1,1,31,0,500.0,0,TELEAPP,11.289439653151485,linux,0,1,0,3
0,0.6000000000000001,0.5960346870822397,11,7,30,0.0158222881470171,-1.2021845949172074,AC,2148,4022.293987140101,6034.676638245035,5508.136895214841,0,11,CA,138,0,BC,0,1,-1,1,200.0,0,INTERNET,52.53788957308453,linux,1,1,0,1
0,0.9,0.1152311765614683,-1,43,30,0.0012032957922878,25.39376489203646,AD,1323,10109.285233460076,5702.255287558779,4679.1821749785,11,10,CF,93,0,BC,0,1,1,1,200.0,0,INTERNET,5.187313040279518,linux,0,1,0,4
0,0.9,0.9087641114738048,-1,39,10,0.0062888400176743,-0.7962616388946311,AC,1877,12090.594219364231,6730.084022490244,6828.509953509356,1,11,CB,164,0,BE,0,1,-1,0,1500.0,0,INTERNET,1.7661976450653447,other,1,1,0,0
0,0.4,0.8791734872846705,-1,178,60,0.0170185240110383,-0.7041440988499259,AB,1838,2825.369818150052,4929.194836197592,4886.215413538034,1926,1,CA,264,1,BA,1,1,28,0,1000.0,0,INTERNET,4.512726278802756,windows,1,1,0,3
0,0.9,0.4312062929848833,-1,45,30,0.0021256690544938,-0.9073340599028168,AC,901,4022.1413294954273,4735.04120230916,4870.340377373448,2,7,CA,180,1,BC,0,1,-1,1,1000.0,0,INTERNET,1.9241033552959024,linux,1,1,0,3
0,0.8,0.8246935033085068,-1,46,20,0.0034386268962954,51.66234955573327,AA,1632,5730.378453188605,3532.7055983875903,4888.111115753012,7,15,CA,69,1,BE,0,1,1,0,200.0,0,INTERNET,2.888866618560236,other,0,1,0,4
0,0.8,0.3274089425738177,-1,89,40,0.0033592820347602,-0.8477171203115651,AC,1030,6460.02390587568,4944.38363506137,5183.703191574633,0,8,CA,100,1,BC,0,1,-1,1,500.0,0,INTERNET,3.1964852670365853,linux,1,1,0,2
0,0.9,0.5756446642239984,-1,46,30,0.0079448820834488,39.16224532574019,AA,1850,3260.4426508109527,2997.808269852739,4299.026341257712,5,14,CA,94,1,BE,1,1,1,0,200.0,0,INTERNET,1.2156502300295104,other,1,1,0,6
0,0.5,0.4140223436898658,-1,31,20,0.0469654688082666,-1.4479123966061964,AB,831,2459.5218935046405,2462.727029552231,3183.0003598237445,9,22,CA,71,1,BB,1,1,28,0,200.0,0,INTERNET,8.27454564750203,other,1,1,0,7
0,0.3,0.4998768842406682,-1,183,10,0.0248851249823667,-0.3555993542750331,AB,688,4743.371411652282,5525.075869687515,5092.327175064188,15,7,CA,43,0,BE,0,1,30,0,200.0,0,INTERNET,8.535699362753595,other,0,1,0,3
0,0.8,0.2808683584768247,-1,138,40,0.0016173009153224,-0.7533055495674871,AB,1256,1497.6437080647147,3274.867402140452,4264.766071077655,6,7,CB,109,0,BA,1,0,1,0,200.0,0,INTERNET,8.290038495517377,other,1,1,0,5
0,0.6000000000000001,0.0726752281301205,-1,44,30,0.0072236593844615,-1.1811352094967265,AB,2591,4720.104818782271,5278.708602455154,4345.292723196158,1936,13,CA,82,1,BC,0,1,30,0,200.0,0,INTERNET,2.577773066055581,other,1,1,0,5
0,0.7000000000000001,0.7284291795727257,-1,39,30,0.0271679182052442,-5.621669383402587,AA,1051,9886.899628147496,5811.15618789593,6340.449011675558,29,15,CF,138,0,BC,1,1,15,0,200.0,0,INTERNET,3.2046173177945083,linux,1,1,0,0
0,0.1,0.9136004795525048,-1,159,40,0.0073101210593223,-1.2502241265512877,AB,704,5861.034490229854,3545.911264146785,5278.045460516914,12,13,CA,193,1,BC,1,1,1,1,1500.0,0,INTERNET,3.475077435435224,other,0,0,0,1
0,0.4,0.1200593468936407,25,9,30,0.023831149387094,50.04347937116906,AA,2480,6316.769110158998,5060.578373065431,6780.518467076034,6,23,CB,179,0,BB,0,1,28,1,500.0,0,INTERNET,21.2637761483746,windows,0,1,0,0
0,0.9,0.7915198697729531,213,3,40,0.0104015074935321,-0.7248023769755433,AD,1527,4117.804080645071,6165.349099650833,6370.8594975153455,6,7,CA,130,0,BC,0,1,3,1,200.0,0,INTERNET,11.216085316432238,linux,1,1,0,0
0,0.1,0.0354658054052861,-1,237,20,0.0152606914531498,11.294551014635305,AA,3384,10717.705572449724,7839.224571615079,6413.655701410656,2,7,CA,31,0,BE,1,1,20,0,200.0,0,INTERNET,8.430584345439591,other,1,1,0,0
0,0.9,0.4815350491545305,11,12,50,0.0130757904754848,-0.9105233700625948,AC,2775,5926.707279143581,4782.836462179301,5497.198020626829,6,1,CA,272,1,BB,0,1,-1,1,1500.0,0,INTERNET,5.989751469208034,linux,0,1,0,2
0,0.1,0.7361116306963554,-1,29,20,0.0103516907397895,-1.580721725305127,AB,1792,541.1869666082374,4490.9005036061135,5091.8906454380885,7,19,CA,129,1,BC,0,1,1,0,200.0,0,INTERNET,2.6122046070914884,other,0,1,0,3
0,0.9,0.8458848903766413,51,11,20,0.0181476903466778,-1.2800865205411451,AD,1288,3812.794409311885,6581.520750616604,5230.767311882103,6,10,CA,79,1,BC,1,0,29,0,200.0,0,INTERNET,15.4974000657019,linux,0,1,0,2
0,0.5,0.1382138977842027,-1,75,40,0.0186968114400297,26.69648736590453,AA,1509,11003.861733792995,7600.640400784716,5568.4404764926085,2,7,CA,117,1,BE,0,1,2,0,200.0,0,INTERNET,2.174357491310176,linux,1,1,0,1
0,0.9,0.4809594881199806,-1,139,40,0.0475350604342964,19.478597904731387,AA,896,14150.536571801744,8350.590709949902,5986.478545549667,13,6,CA,159,0,BC,1,1,1,0,500.0,0,INTERNET,33.063644266544785,linux,0,1,0,1
0,0.1,0.5526370826752334,231,5,40,0.0115064901698618,-0.7838790660672282,AB,2683,4406.11808754261,6708.351669782427,5960.165122495142,111,14,CF,213,1,BB,0,1,10,0,1500.0,0,INTERNET,22.58790484263424,linux,1,1,0,6
0,0.9,0.8409425600155231,34,1,20,0.006407275762487,-1.5539489231786274,AC,813,4904.645627643859,5283.011138612023,4401.900290960691,0,17,CA,203,1,BC,0,1,-1,0,200.0,0,INTERNET,6.811043790078727,other,1,1,0,4
0,0.9,0.2193181168526288,-1,65,30,0.0196390008570216,29.776156511603645,AA,1874,9194.639949301718,5435.024747699866,6606.287605279366,19,18,CB,58,1,BB,0,1,15,0,1500.0,0,INTERNET,6.867617918647747,macintosh,1,1,0,0
0,0.5,0.2437124419426913,-1,13,20,0.0070457913328652,43.96412732487512,AA,1772,4063.546300051687,3600.0490509981787,5210.269476952393,23,9,CA,233,1,BE,0,1,1,0,500.0,0,INTERNET,7.864184174332629,other,1,1,0,3
0,0.3,0.4234674015700605,32,4,30,14.232206959863,-0.7227417600421,AC,1745,2635.601805978885,3726.736740840721,5233.089275800521,1,14,CA,96,1,BC,0,1,-1,0,200.0,0,INTERNET,21.468424665174453,linux,1,1,0,2
0,0.5,0.0880292320282587,11,33,50,0.0427857926451677,-1.6384082414975534,AB,1239,9343.214250782954,5040.928894435538,5537.052161911777,7,2,CB,121,0,BD,1,1,1,0,200.0,0,INTERNET,7.539963308064277,windows,1,1,0,2
0,0.3,0.4888777950919224,-1,193,20,0.0032767115232931,48.08773094726178,AA,989,3288.267435155736,5993.00994429441,4301.0490296499465,6,5,CA,182,1,BE,1,1,31,1,1500.0,0,INTERNET,14.225969547326535,linux,0,1,0,5
0,0.1,0.1883533200597682,12,6,30,0.0113093963072291,-1.5053867123534916,AB,477,2702.189223886437,2238.0029053323283,3056.811022957222,763,10,CA,112,1,BA,1,1,11,0,1500.0,0,INTERNET,0.8271687745047833,windows,1,1,0,7
0,0.9,0.7820399004388591,-1,52,30,0.0108112748477736,-1.0058515505525014,AA,1071,10693.050124896734,6844.851253145092,4297.037639853471,1,5,CA,107,1,BD,1,1,1,1,200.0,0,INTERNET,1.0313262005101338,other,0,1,0,4
0,0.1,0.5196635845744133,-1,69,40,0.0286552472049846,-1.4992714935687277,AD,1319,13258.19739285495,7451.293459852208,5397.602226667129,16,4,CE,38,1,BB,1,1,1,0,200.0,0,INTERNET,4.927310036898003,linux,1,1,0,1
0,0.1,0.143386583499872,-1,14,40,0.0212915509098564,-1.0694560012260377,AC,1191,11389.698268240376,5496.073596290849,5138.844843600361,1,11,CA,69,0,BC,0,1,-1,0,200.0,0,INTERNET,4.244723994842447,linux,1,1,0,3
0,0.8,0.639840773513857,-1,43,30,0.0294801140239371,-0.9203246974985708,AB,1020,3490.132166757712,3462.981322305536,4018.0815887172944,14,3,CA,107,1,BC,1,1,12,0,200.0,0,INTERNET,2.5879496167509783,other,1,1,0,7
0,0.2,0.3716580557989727,-1,255,20,0.0019234550804774,-0.7708582109756831,AD,2844,3910.235998101853,2972.471812279119,4896.162692645961,4,6,CA,50,0,BE,0,1,22,0,200.0,0,INTERNET,43.90821859969547,windows,0,1,0,2
0,0.4,0.7807470352518181,-1,233,40,0.0113755559775098,-0.3635902205938247,AB,1586,12571.894711701516,5688.386667959146,5355.94591915988,1,15,CA,176,0,BA,1,0,1,0,1500.0,0,INTERNET,2.5918027942442725,windows,0,1,0,1
1,0.9,0.9962674093365096,-1,66,30,0.0130536390972121,40.51114930523119,AA,540,3244.387829477885,3368.3562991814565,4228.6966953814335,2021,10,CB,236,1,BA,1,1,15,0,1000.0,0,INTERNET,3.140063634219465,linux,0,1,0,6
0,0.9,0.1750015521539548,-1,82,30,0.0060052363609761,-1.4065725314763244,AC,1472,2371.668994825906,2530.8723319074315,3304.411779946665,0,11,CA,217,1,BE,0,1,-1,0,200.0,0,INTERNET,4.582785184025696,other,1,1,0,6
0,0.9,0.2237908470517612,33,5,40,0.0184196295973961,-0.3749235801091881,AB,1276,5496.562110999839,3811.737968990483,5082.380586039976,818,7,CC,168,0,BB,1,1,3,1,1000.0,0,INTERNET,5.346969086758048,linux,0,1,0,4
0,0.6000000000000001,0.0885961145528081,51,8,20,0.0206455409898745,18.858224929374703,AA,2342,9075.338483569076,5990.955026265905,5076.618634987662,1,12,CA,170,0,BC,0,1,-1,0,500.0,0,INTERNET,9.37478090746783,other,0,1,0,3
0,0.6000000000000001,0.0929129722068078,-1,29,40,0.0140040659620034,-1.4124079540679093,AB,2979,2879.926051587913,5669.262387649077,6349.368242503364,72,8,CB,283,0,BA,1,0,5,0,1500.0,0,INTERNET,9.043279109697462,other,1,1,0,0
0,0.6000000000000001,0.1506639252859219,-1,64,40,0.0373413133636467,-0.7903492073540103,AB,1557,4427.933038091958,6624.749275638982,5095.94585227719,8,1,CB,157,1,BB,0,1,28,0,200.0,1,INTERNET,4.414686231402462,linux,1,1,0,1
0,0.7000000000000001,0.3235252077368809,-1,74,30,0.0279184329634708,-1.7295710588382331,AB,730,235.2882602678248,1887.8036089240416,3114.513770653559,11,11,CA,121,0,BA,1,1,15,0,200.0,0,INTERNET,1.2975867593096742,other,0,1,0,7
0,0.6000000000000001,0.908398093020536,57,4,20,0.0269575633753554,-1.0748786157326238,AB,976,3270.174244845768,2778.057472638872,3883.2943570772222,15,15,CA,224,0,BB,1,1,1,0,200.0,0,INTERNET,4.497854781655887,windows,1,1,0,6
0,0.5,0.5037474205062429,-1,53,30,0.005116374323802,-0.9059078703035874,AC,496,7678.382943659719,6229.51874450075,4666.817838426811,0,7,CA,113,0,BC,0,1,-1,0,200.0,1,INTERNET,10.755484417529273,other,1,1,0,4
0,0.8,0.8438553577634997,323,18,30,0.0220843232094241,49.6980484983941,AA,1668,5399.094174773212,4058.740133657355,4864.895758513277,1,12,CA,212,0,BA,0,1,26,1,500.0,0,INTERNET,1.1851682384178934,linux,1,1,0,3
0,0.9,0.9959329094599308,-1,44,40,0.0274125291772279,-1.2583665005812208,AB,816,9696.08584366922,5096.683231617998,5590.263946880341,15,11,CA,208,0,BB,1,1,15,1,1000.0,0,INTERNET,4.0132388435141735,windows,1,1,0,2
0,0.1,0.7064206486759679,-1,191,20,0.0187504655995333,-1.3187914738277668,AB,1646,3677.424996648189,4028.627887609052,4889.995800771422,1647,9,CA,219,0,BA,1,1,31,0,1500.0,0,INTERNET,9.683429794353394,linux,0,1,0,3
0,0.5,0.8502826022544676,29,17,30,0.0064324424185116,-0.5710294686656152,AB,2349,6978.763923668246,4630.506282893135,4236.804424001577,43,10,CA,47,0,BC,1,1,1,0,200.0,0,INTERNET,3.4084797353539846,windows,1,1,0,4
0,0.9,0.9984898954853154,60,14,40,0.0226757703446495,-0.0537809773839984,AA,797,3829.1192779055855,3838.148847521756,4404.751620050867,265,9,CA,182,1,BC,0,1,11,1,1000.0,0,INTERNET,4.149497287276397,macintosh,0,1,0,5
0,0.9,0.7453134951795655,56,7,30,0.0003470979740139,-0.4515657280799362,AD,1889,2017.621726068479,5810.828444141689,5060.285674774007,4,11,CA,168,1,BC,0,1,28,0,500.0,0,INTERNET,13.380825418573412,linux,0,1,0,3
0,0.1,0.570754052295263,-1,85,40,0.0106795435873617,-1.1093295529874685,AB,1511,4194.202249656916,4424.1102586424895,6452.383222905013,1450,5,CE,95,0,BB,0,1,31,0,200.0,0,INTERNET,27.43118682180669,other,1,1,0,0
0,0.1,0.614965700333011,329,3,20,0.012851203211253,-0.5553330008427377,AB,1223,930.1098711575776,4009.918894882759,3141.099325451529,2,11,CA,94,0,BA,1,1,31,1,200.0,0,INTERNET,23.60980219732034,other,1,1,0,7
0,0.1,0.8254148650218209,10,2,30,0.0128425526784854,-0.6107174963211434,AB,468,6784.3291346745045,3841.779426179038,4258.830282392946,11,11,CA,249,0,BC,0,1,1,0,1500.0,0,INTERNET,11.06048735779036,windows,0,1,0,6
0,0.9,0.9028442554956694,31,5,20,0.019780319568945,-0.8953921705621481,AC,502,1766.4303496114212,4951.852713026701,4779.471288818714,0,8,CA,236,0,BC,0,1,-1,0,1000.0,0,INTERNET,4.6852109676907086,other,1,1,0,3
0,0.3,0.3598450585153078,-1,31,20,0.0231483686500941,-1.0049834356010492,AD,1065,5733.324620986368,4871.231223607955,5493.06039146156,14,24,CB,17,0,BE,1,1,11,0,200.0,0,INTERNET,0.4878609755315471,linux,1,1,0,2
0,0.5,0.9024499938235392,-1,183,40,0.0282345666470834,-1.2933241706163996,AD,3541,7321.058914286967,3302.50094518721,5115.700008877408,1413,4,CA,171,1,BC,1,1,1,0,1500.0,0,INTERNET,3.328195612353248,linux,1,1,0,2
0,0.5,0.3379066993783588,290,85,50,0.0383233594171746,-0.5300835684094782,AB,1101,6434.692155984389,4220.316290158128,4722.042530108583,852,2,CA,139,0,BB,0,1,25,0,200.0,0,INTERNET,4.745190424510628,windows,1,1,0,3
0,0.9,0.5812866387710613,-1,42,30,0.0239103915836762,-0.3307249258392325,AD,2115,12978.536417851745,7344.819462864168,6299.040968567383,5,20,CA,178,1,BB,0,1,1,0,1500.0,0,INTERNET,7.141238483377808,other,1,1,0,0
0,0.8,0.1179040053741377,-1,65,40,0.0191966588024343,-0.834921599321768,AC,2051,6841.763828594261,5331.132754258922,4616.968717812936,0,6,CA,176,1,BB,1,1,-1,0,200.0,0,INTERNET,6.871070578435961,other,1,1,0,3
0,0.8,0.7362561520917474,-1,45,20,0.0161849573478054,-1.3294891733278345,AB,1358,9534.7833067377,5395.630880947388,4846.228043901457,10,18,CA,68,0,BA,0,1,26,0,200.0,0,INTERNET,1.397497991659796,windows,0,1,0,4
0,0.7000000000000001,0.0453070219732113,-1,75,30,0.0435913099498389,27.712812369355035,AA,1979,4106.417628156467,5427.8545790424105,6381.634164886478,1225,16,CA,138,0,BC,0,1,15,1,500.0,0,INTERNET,4.848910375061092,other,1,1,0,4
0,0.8,0.8831819790083849,-1,39,20,0.0391103032576026,-0.4967156087221218,AB,556,5339.602762965733,6014.825549537402,4176.3978274818055,17,19,CA,133,1,BB,0,1,1,0,500.0,0,INTERNET,0.9895678841554492,windows,1,1,0,5
0,0.7000000000000001,0.9980492558897208,29,9,20,0.0002419382021122,-0.5430383742074238,AD,598,5480.000049009662,3438.218001435296,4858.180326034802,1,13,CA,135,1,BC,0,1,26,0,200.0,0,INTERNET,8.348247987184601,other,0,1,0,3
0,0.7000000000000001,0.1484130101463792,-1,68,40,0.0021366085408158,-0.902907838323916,AB,1021,1735.2165917153748,3038.4285384040004,3462.638704706004,16,7,CA,119,1,BB,1,0,1,0,200.0,0,INTERNET,4.517974758052457,windows,1,1,0,5
0,0.7000000000000001,0.9931346803948105,-1,242,40,0.0257780465393408,-0.9745682261692346,AC,516,3306.9649605712816,2253.9625146067183,3161.769478316968,0,5,CA,111,0,BE,0,1,-1,0,200.0,0,INTERNET,2.8140963745963834,other,1,1,0,7
0,0.2,0.2741566425997799,53,6,30,0.0235225201579033,-1.063317249438803,AB,1000,3743.644746093619,3956.678661590708,5220.246037594895,5,10,CA,91,0,BB,1,0,1,0,200.0,0,INTERNET,3.897124808464018,other,1,1,0,2
0,0.2,0.4041390010337227,-1,30,50,0.0149255752622531,-0.7219693620762604,AA,1227,9390.635604797691,7609.683751310101,5474.569950842048,9,3,CC,189,1,BC,0,1,9,0,1500.0,0,INTERNET,7.619257345778104,windows,0,1,0,1
0,0.1,0.5401279704994884,-1,5,30,0.0195805465046788,-1.3832863341710475,AB,1400,7458.672406907582,7088.176943864984,6342.9315614989255,18,6,CA,53,1,BB,0,1,26,1,200.0,0,INTERNET,27.54584526704016,windows,0,1,0,0
0,0.1,0.5190661927210437,-1,325,20,0.0307024316363194,-0.8987517083762233,AB,1120,5269.682681371587,3543.3120937624108,5582.742117849851,1375,6,CA,94,1,BE,1,0,28,0,200.0,0,INTERNET,9.660576374520504,windows,0,1,0,1
0,0.9,0.2337634875267734,-1,166,50,0.0059313085106534,-0.4928874840040978,AD,812,3121.264392435091,2928.309688914343,4363.363245385049,6,6,CA,226,1,BA,1,1,1,0,1500.0,0,INTERNET,4.993840939777434,linux,0,1,0,6
0,0.9,0.8909915868953291,-1,158,40,0.0094047544833983,-0.8337337205942207,AB,696,3740.467961971903,2960.134704609516,3210.459309205407,1454,3,CA,197,1,BA,1,1,1,1,500.0,1,INTERNET,2.8565552689876594,other,1,1,0,5
0,0.2,0.169728559904715,30,12,20,0.0127294571279969,-1.2032509537024751,AB,1116,4497.613061474453,3227.531584563807,4352.012322959363,1560,18,CA,84,0,BE,0,1,1,0,200.0,0,INTERNET,6.822084720558764,other,1,1,0,6
0,0.1,0.9068407626516364,-1,67,50,0.0109094847884704,10.208128443329606,AA,1370,3686.366075211093,7328.296100697395,5512.886266475482,1,5,CA,135,1,BB,0,1,1,1,200.0,0,INTERNET,2.179045010688296,windows,0,1,0,1
0,0.1,0.0806896400414523,18,-1,20,0.0153479356451323,-1.247711765619949,AB,1667,7328.82521288687,5218.038960293263,4884.381773589519,40,9,CF,171,1,BB,1,1,1,0,500.0,0,INTERNET,3.0917768146247155,linux,1,1,0,3
0,0.2,0.7932861527642331,-1,294,20,0.0127261952926808,18.723698089005342,AA,1000,4706.590695800183,3943.794270525511,4269.55604015578,9,14,CB,244,0,BE,0,1,11,1,1500.0,0,INTERNET,1.7663547475206844,windows,0,1,0,6
0,0.4,0.8914425291660754,-1,312,30,0.0062356624013973,-0.7980151837644128,AB,1056,1372.864692758162,3952.682544696919,5935.499954436767,135,17,CA,143,1,BD,0,1,24,0,500.0,0,INTERNET,8.752880207235961,linux,0,1,0,0
0,0.6000000000000001,0.6435668897373327,-1,134,60,0.034217656990408,-1.4903978034715526,AC,300,7960.396840304492,5005.380034934241,4915.343267716988,0,4,CA,156,0,BC,0,1,-1,1,200.0,0,INTERNET,3.9391740744268535,other,1,1,0,4
0,0.3,0.2710944484445746,-1,70,30,0.0029964588365425,-0.6962494713050459,AD,1076,14058.149050644171,8175.325125090685,5575.524914605792,15,4,CA,36,1,BE,1,1,15,0,200.0,0,INTERNET,11.720843663179984,linux,1,1,0,1
0,0.3,0.1364396075938293,30,10,30,0.0060304434362735,-1.2106934562389438,AB,968,1531.4795783576074,3184.517236555273,3029.429529409013,1008,7,CF,90,1,BC,1,1,11,0,200.0,0,INTERNET,4.836837484604745,linux,1,1,0,7
0,0.3,0.7911858281655186,-1,266,20,0.0057271675275356,38.60191431313634,AA,2507,4594.483045565681,7335.5810776602675,5531.487272503244,18,5,CA,102,0,BE,0,1,28,1,200.0,0,INTERNET,3.3496142883635285,windows,0,1,0,2
0,0.6000000000000001,0.1292061404463352,-1,107,40,0.0017779803477402,-1.145886660344824,AB,2339,4805.967217451653,2531.355508424351,4392.319802594539,1,8,CA,101,0,BA,0,1,15,0,200.0,0,INTERNET,1.2314727578164522,windows,0,1,0,6
0,0.7000000000000001,0.7956759242368274,170,20,40,0.0019198864527457,-0.8099746780321675,AB,477,8984.419947975543,5826.049711327574,6375.183324449166,0,8,CA,174,1,BC,0,1,3,0,1500.0,0,INTERNET,12.248024835908485,other,1,1,0,0
0,0.8,0.2080641279598006,53,13,20,6.879086749942303,39.732814389507695,AA,1586,4064.743445168792,4948.655907909547,4446.018948538955,10,14,CA,60,1,BC,0,1,1,0,200.0,0,INTERNET,12.183364352819757,other,0,1,0,4
0,0.9,0.7448493641750804,-1,20,20,0.0057503170698854,-0.7634195633691427,AB,1172,7756.853392345813,3682.856767912801,4338.625955878426,10,8,CA,120,1,BB,0,1,1,0,200.0,0,INTERNET,1.4107087847798727,windows,1,1,0,5
0,0.5,0.6127241114686827,-1,194,40,0.0072613180209418,-0.6218579300410174,AB,885,11168.752631371204,6271.949547565669,5317.654629277479,1,10,CA,161,1,BE,1,1,2,0,1000.0,0,INTERNET,1.237024683298417,macintosh,1,1,0,1
0,0.9,0.1143021293118233,12,14,30,0.0100660420801183,52.11205665017389,AA,1625,909.1494132563917,2883.686087925525,6205.28685565133,1413,14,CB,188,1,BB,1,0,5,0,1500.0,0,INTERNET,4.746175205808879,macintosh,1,1,0,4
0,0.7000000000000001,0.4683319368859151,33,10,20,0.0372247474143944,-0.6647368983572091,AB,2688,3215.749603456718,6240.0400073174205,4946.422320522559,8,14,CA,128,0,BC,0,1,5,0,500.0,0,INTERNET,5.046707341515698,linux,1,1,0,3
0,0.7000000000000001,0.5557145624557005,-1,51,30,0.0037244164069974,50.04012551976735,AA,2087,8483.124587691735,4528.795400855347,6420.327213000409,1541,17,CA,109,1,BA,1,1,2,0,500.0,0,INTERNET,7.905201641204537,x11,0,1,0,1
0,0.6000000000000001,0.9921754004905178,31,13,40,0.0025800677841037,-0.6935733655012812,AC,699,1678.9745390168769,6425.241654762313,5147.361859266319,1,13,CA,155,0,BC,1,0,-1,0,200.0,0,INTERNET,1.0974241705094143,other,0,1,0,3
0,0.4,0.3590193646510892,-1,186,40,0.0143127204633747,-0.2779594518243139,AB,923,6981.805850644539,5009.063579793192,4634.934490033612,6,3,CA,130,1,BC,1,1,30,0,200.0,0,INTERNET,14.461703775574383,windows,0,1,0,3
0,0.6000000000000001,0.7017426373262095,25,10,20,0.0379868414858967,-0.9191339667952482,AB,921,8022.848612873309,5524.129304525056,3994.707470717799,636,16,CA,134,1,BD,1,1,1,1,200.0,0,INTERNET,1.4947274630769345,linux,1,1,0,6
0,0.8,0.8523817098321266,-1,41,40,0.0031192406636645,-0.8506305172235713,AC,1247,4204.521747071945,4419.767291138923,5553.734865894393,1,10,CD,79,0,BB,1,1,-1,0,200.0,0,INTERNET,8.355841238105231,linux,1,1,0,2
0,0.1,0.3695983984997426,-1,58,30,0.0193746416244954,-0.9333167806930488,AC,1627,6555.15852201469,3758.924423641087,5484.804976186586,0,10,CA,-1,1,BE,0,1,-1,0,200.0,0,INTERNET,3.0449370199485566,other,1,1,0,1
0,0.8,0.1719952773758168,29,13,30,18.77908204548175,38.456048774911935,AA,919,11919.50283329663,7476.040220048982,6640.245661077775,842,3,CA,70,0,BC,0,1,15,0,500.0,0,INTERNET,7.345855935641509,other,1,1,0,2
0,0.2,0.2307349143828035,-1,49,20,0.0166119998992473,-0.5643101016764818,AC,2565,2207.3031039038647,2271.7528327633404,4425.808749193876,1,13,CA,98,1,BC,0,1,-1,0,200.0,0,INTERNET,10.137792063822316,windows,0,1,0,4
0,0.6000000000000001,0.8138068385639401,104,57,20,0.0183095980400182,-0.0077067955126359,AA,1196,6291.952480711397,4280.026204686255,4337.705396315606,1701,6,CA,93,1,BD,0,1,30,0,500.0,0,INTERNET,4.608431860122629,other,0,1,0,2
0,0.8,0.1005197025206063,-1,28,40,15.127057610447784,-1.1085857644289177,AB,1670,5156.097428523963,5129.618206076487,5316.757293238027,9,11,CC,85,1,BD,1,0,10,0,200.0,0,INTERNET,3.9272048119100633,linux,1,1,0,2
0,0.1,0.7953097752737873,-1,61,30,6.3121612451965685,7.230237157792247,AA,1573,7706.382371467187,5034.692925917607,5505.556814489561,0,13,CA,41,0,BC,0,1,11,1,200.0,0,INTERNET,4.128351197445456,windows,1,1,0,1
0,0.9,0.7256007557770621,-1,18,50,0.000318702131371,53.95952066144918,AA,848,5688.84914847891,4281.803393888618,6299.847169356408,7,1,CA,332,1,BC,0,1,11,1,1500.0,0,INTERNET,3.39544907545321,other,1,1,0,0
0,0.8,0.9908318561433248,294,0,30,0.0135614005532336,-0.5788400497731014,AD,1298,4596.940419877048,3779.122767164972,5027.102023566509,1673,9,CA,182,1,BB,0,1,10,0,1000.0,0,INTERNET,22.88125517896345,windows,1,1,0,3
0,0.1,0.5412327087131069,-1,97,50,0.0031111552024658,-0.6930675628348544,AC,852,6205.116632922058,4635.578067875988,4875.005810363002,1,8,CC,148,1,BE,0,1,-1,0,990.0,0,INTERNET,45.881767978859386,windows,0,1,0,3
0,0.4,0.5369958456433819,-1,239,20,0.0359247471932064,-1.7848689080427813,AD,4182,7999.641329738335,6408.012570307782,6664.087420657344,6,21,CA,83,1,BE,0,1,1,0,200.0,0,INTERNET,5.973411759877273,other,1,1,0,0
0,0.1,0.5769609046816321,-1,23,20,0.0189096593306656,-1.0985317709897526,AC,2750,4561.708020550914,5949.277156808875,4826.592627209858,0,19,CA,184,1,BE,0,1,-1,0,1500.0,0,INTERNET,13.38501345655878,linux,1,1,0,3
0,0.9,0.7313626404710469,-1,83,50,9.596768660496175e-05,-1.393625614837302,AC,1017,8610.250754523639,4958.7052643487,5638.221208191629,0,5,CA,259,0,BA,1,1,31,0,1500.0,0,INTERNET,13.747670428376168,windows,1,1,0,2
0,0.7000000000000001,0.7666108406671082,-1,358,40,0.0324438879216347,-0.6343067314610864,AD,884,4032.379861238209,3474.7938225311755,3081.032070885573,2,2,CA,324,1,BB,1,0,1,0,1500.0,0,INTERNET,5.109459575983558,macintosh,1,1,0,7
0,0.6000000000000001,0.4809828223418236,-1,45,40,0.0196184339142432,-1.095604007740048,AB,1446,5410.635001901475,5339.570066333982,5513.46566422804,894,19,CA,165,1,BC,1,1,31,0,1500.0,0,INTERNET,0.7183009661032529,windows,1,1,0,1
0,0.4,0.8104482744277673,-1,45,30,0.0203233314811725,-1.7352202345245535,AD,3357,6833.116988591177,3750.851948004804,6685.067893798438,29,18,CA,172,1,BC,1,1,20,0,500.0,0,INTERNET,24.992352348325426,linux,1,1,0,0
1,0.9,0.6310549476914851,318,7,20,0.0171236884918154,-1.132130006709376,AB,648,5467.098333667769,4812.439470757548,5577.877535180174,14,18,CA,66,1,BA,0,1,1,0,200.0,0,INTERNET,4.283221515216241,other,1,1,0,2
0,0.8,0.6827941322853922,-1,45,30,0.0030893065544115,-1.5746939596400185,AD,1097,2604.780258986892,7390.255139320526,6425.491704978911,37,11,CA,51,0,BC,0,1,28,0,200.0,0,INTERNET,2.9404707435865696,windows,0,2,0,0
0,0.1,0.3798126827457673,198,85,30,0.0054173188488841,-1.1583872455765192,AB,1927,5407.233533799927,3175.6479727092988,5089.472199762141,15,12,CA,57,1,BB,0,1,11,0,200.0,0,INTERNET,6.190603997587839,linux,1,1,0,3
0,0.9,0.0965160493559107,-1,335,40,0.0276786949390175,100.69182691191514,AA,1386,9646.000833884604,6354.469122466806,6635.8230841230015,1764,14,CA,84,1,BE,0,1,26,0,200.0,0,INTERNET,5.932952518950584,other,1,1,0,0
0,0.9,0.2014499170945142,-1,39,20,0.00770766783839,-1.6798141783334084,AB,763,2001.69680316309,2988.048916333272,4239.773727008066,1416,11,CA,243,1,BB,1,1,1,0,200.0,0,INTERNET,1.5424278528840911,other,1,1,0,5
0,0.8,0.0903468621581644,-1,153,40,0.0207200046077934,-0.7474144994405391,AB,681,3823.594328623301,4979.7814258681565,4815.905306752216,33,10,CF,64,0,BB,0,1,31,0,200.0,0,INTERNET,6.5278292666963775,linux,0,1,0,3
0,0.3,0.4439517933803326,-1,57,40,0.0247363060701801,7.251456389793785,AA,1556,7903.960337567028,8735.827979945228,5065.622213585421,3,14,CA,157,0,BC,0,1,11,0,1500.0,0,INTERNET,3.8309398148160776,windows,1,1,0,3
0,0.8,0.8757013567551218,-1,42,30,0.0206463768604363,23.718257001113656,AA,1996,10400.533442245342,5787.147466330369,5167.934355564454,2,11,CA,190,1,BC,0,1,1,0,1500.0,0,INTERNET,3.325877306147968,macintosh,0,1,0,3
0,0.7000000000000001,0.2118595243576125,-1,51,30,0.0300118117733187,32.476562614881395,AA,955,7553.298148994335,4531.919503240463,5284.23631421643,14,25,CA,-85,1,BC,1,1,1,0,200.0,0,INTERNET,3.8260524224299086,other,0,1,0,1
0,0.9,0.1178507717065908,-1,62,20,0.011289173736655,-2.010995601314266,AB,3447,5964.585609507873,6494.315683316215,6824.917634164733,1,13,CB,59,1,BB,1,1,28,0,200.0,0,INTERNET,46.04377438451204,linux,0,1,0,0
0,0.9,0.3828333287373596,26,16,30,0.009633320620846,-0.8602146686653225,AC,747,10658.646852212549,4510.127209006989,4930.340070438698,1,12,CA,260,0,BB,0,1,-1,1,200.0,0,INTERNET,1.742861833786182,other,0,1,0,3
0,0.4,0.205598184880107,-1,48,20,0.0003450047609231,-1.0908464190739828,AC,2415,8105.669811218435,7368.9888281457215,5543.332449449271,0,12,CA,24,0,BE,0,1,-1,0,200.0,0,INTERNET,3.8275544319012687,macintosh,1,1,0,2
0,0.1,0.8800863046890708,-1,111,40,0.0384094912707693,-0.8708525046895823,AB,950,5613.612550190584,4966.333517199741,4318.313177735906,1,3,CA,185,1,BB,0,1,25,1,500.0,0,INTERNET,15.280319594394982,other,0,1,0,4
0,0.4,0.8267147406459463,-1,26,20,0.0277901939282299,-1.287588281419072,AC,3224,6415.743605657362,4521.200113308371,4232.379457715323,0,10,CA,97,0,BB,1,1,-1,0,200.0,0,INTERNET,3.860582986305985,other,1,1,0,5
0,0.7000000000000001,0.1815541373946591,11,8,40,0.0180244966573008,-0.7704153646939598,AB,1721,7546.517224996485,3585.4165955839794,6744.326243359366,17,15,CA,117,1,BC,1,0,1,0,200.0,0,INTERNET,15.044055752699014,windows,1,2,0,0
0,0.5,0.1610735235489452,26,37,30,0.0026619802698094,8.564780050970665,AA,2648,2194.0335815376848,3053.950647457095,3078.5128183843017,9,7,CA,121,1,BC,1,1,21,0,200.0,0,INTERNET,7.383844392412927,linux,1,1,0,2
0,0.8,0.4209176958281973,325,11,40,0.0075593980321596,32.45292996741618,AA,1165,4099.959814704281,3311.156287774614,5134.812610850438,1526,7,CA,99,0,BB,0,1,1,1,1000.0,0,INTERNET,11.344744327077908,other,1,1,0,3
0,0.6000000000000001,0.4748302675413134,31,7,30,0.0146109952954874,106.60332577084088,AD,1491,1001.5382704681292,3408.964838877533,6257.666666149135,493,6,CA,211,0,BA,0,1,6,0,1500.0,0,INTERNET,11.816107026113029,linux,1,1,0,0
0,0.9,0.807848094850274,-1,260,40,0.0015862145435147,-1.0415624678723727,AC,1515,6801.3564310251295,5206.3384594593,6647.527530206775,0,9,CA,73,0,BD,0,1,-1,0,200.0,0,INTERNET,5.529217025882938,other,0,1,0,0
0,0.8,0.6964186579472267,-1,74,40,0.0047943093038654,-1.1024687078287223,AB,1292,10709.345804228167,3756.131190059212,5496.658205146023,1517,8,CA,141,1,BC,0,1,20,0,200.0,0,INTERNET,5.296674185715455,linux,0,1,0,1
0,0.9,0.7849551489900439,12,12,30,0.0194344621482594,-0.4900946320956974,AC,492,4605.197151783837,5045.201854856687,5137.667212232188,1,9,CA,118,1,BC,0,1,-1,0,200.0,0,INTERNET,4.087137990355632,other,1,1,0,5
0,0.9,0.7830932138611442,117,21,30,0.0345561247474065,-1.644995554724254,AC,986,5826.18697858995,2988.28687904572,4290.832378762677,0,9,CA,182,1,BC,1,1,-1,1,1000.0,0,INTERNET,5.693585474254276,linux,0,1,0,6
0,0.8,0.99090545887868,-1,313,20,1.363329583834613,50.77237096142682,AA,2884,7211.831667673188,5193.101833006157,6729.577179331449,856,4,CA,93,0,BE,1,1,6,0,1500.0,0,INTERNET,14.944931464625965,other,1,1,0,0
0,0.9,0.2641628801987148,-1,35,40,0.0089446748351295,-0.4918257197574075,AD,1513,1105.8962825502313,3107.9223585472905,3120.263956848868,14,7,CA,121,1,BC,0,1,28,0,200.0,0,INTERNET,1.772941756660347,other,1,1,0,5
0,0.7000000000000001,0.8079943312897716,-1,230,20,0.0134692138925715,-1.047186653751308,AB,881,7944.42778703106,6191.488522144217,6708.285275893542,28,6,CA,42,0,BE,0,1,2,0,200.0,0,INTERNET,7.772077549592821,other,1,1,0,0
0,0.8,0.2999951193318992,-1,46,30,0.0156509427657061,-1.0307238953370417,AB,1176,3838.314118560646,3162.3958002056256,4018.924983988953,820,10,CB,104,1,BB,0,1,1,1,200.0,0,INTERNET,16.88901348456194,other,0,1,0,6
0,0.4,0.3938097591775169,-1,31,20,0.0073311212967053,52.40692662260689,AA,3761,4404.598987523413,4270.103759956283,5948.43859671386,1822,16,CA,50,1,BC,0,1,21,0,200.0,0,INTERNET,5.8934191773290845,other,1,1,0,1
0,0.1,0.7544407276100372,29,56,10,0.0281586398514887,50.21971657138549,AA,719,2161.800160303634,3946.166356017676,4989.295479421628,189,6,CA,89,1,BC,0,1,21,0,200.0,0,INTERNET,1.5069177219682242,windows,0,1,0,3
0,0.8,0.6176090888570906,25,2,30,0.0201601394755735,37.244158802308576,AA,1219,2583.633787544325,3847.208299290356,4950.19581094261,33,13,CA,145,1,BC,0,1,29,1,500.0,0,INTERNET,17.88178713819643,other,0,1,0,3
0,0.7000000000000001,0.7532736202341352,-1,35,20,0.0019444074210221,-1.5669789449349445,AB,1096,1634.456492692938,5396.39917987942,4351.709756695809,6,20,CA,289,0,BC,0,1,1,0,1000.0,0,INTERNET,4.628731092914824,windows,0,1,0,5
0,0.7000000000000001,0.7959728254875112,-1,187,20,0.0092684994979731,-0.037797541405284,AB,2139,1029.7703000267438,2948.2424242438988,5179.036482812417,434,7,CA,164,1,BE,1,1,15,0,200.0,0,INTERNET,5.274977697863919,other,1,1,0,5
1,0.8,0.2608726616066596,-1,62,30,0.0169771055738008,-1.2176602111149974,AD,338,2310.994365346045,3556.1747498391187,4174.335985046607,11,11,CA,221,0,BB,0,1,30,0,1000.0,0,INTERNET,9.760536176322052,other,1,1,0,5
0,0.4,0.9949329361438946,-1,38,30,0.0023739401937271,-1.099317493117467,AC,543,9519.610073975568,6075.646479088226,5321.234622690037,1,6,CA,48,0,BC,0,0,-1,0,200.0,0,INTERNET,3.8519284499286535,other,0,0,0,2
0,0.9,0.7095965824975949,-1,36,20,0.0194430643901309,-1.000029273524112,AB,704,7318.74586900359,5556.01499160047,4162.486246630008,7,19,CA,163,0,BB,0,1,1,0,1500.0,0,INTERNET,3.871186153594199,other,0,1,0,5
0,0.1,0.0562656784564308,-1,77,40,0.0162037011691485,-0.7799770701338309,AD,2263,10385.068253461228,6048.484723513285,5458.882735274692,30,13,CA,132,1,BC,0,1,1,0,200.0,0,INTERNET,7.935836032445754,windows,0,1,0,1
0,0.4,0.996592200734292,-1,193,20,0.8580396794092242,36.71249377105021,AA,2130,8141.335730675441,6903.662303914184,6439.966473360761,50,12,CA,49,1,BE,0,1,30,0,200.0,0,INTERNET,3.1949158331112346,other,1,1,0,0
0,0.9,0.5263734498136493,-1,42,20,0.0063076964168273,44.23930445032054,AA,1055,3052.666118963196,3408.534286271501,4342.174090456721,414,15,CA,88,1,BB,1,1,21,0,200.0,0,INTERNET,17.09267730542648,other,0,1,0,5
0,0.8,0.5792699476571896,31,6,30,0.0082531600894287,-1.1610878481152362,AC,1184,7536.646317118874,4664.348412854619,4252.530401144893,2,13,CF,109,1,BD,1,0,1,1,500.0,0,INTERNET,3.6399193865907566,linux,0,1,0,4
0,0.6000000000000001,0.8984493787264456,-1,60,20,0.019479572694107,-0.8924041404137363,AB,1023,11361.167723254584,7328.087947700616,3759.781397924281,1,4,CA,76,1,BB,0,1,1,0,200.0,0,INTERNET,2.31043543995838,linux,1,1,0,5
0,0.9,0.2698072402791482,-1,58,40,0.0033806575752263,-1.2934861897353114,AB,867,5183.875990299404,3215.873740173568,4347.481273745586,41,5,CA,284,1,BA,1,1,25,0,990.0,0,INTERNET,2.1428895221333724,linux,0,1,0,5
0,0.7000000000000001,0.1068911428643982,-1,35,20,0.0227734831282907,-1.0202026345229949,AB,779,6142.176951496563,4840.159130228284,4179.311499349451,14,4,CA,73,0,BC,1,1,2,0,200.0,0,INTERNET,4.334757637576097,windows,1,1,0,5
0,0.7000000000000001,0.1531603228691795,32,4,30,0.001468617003507,96.51487635003105,AA,1039,1747.6825720920488,2202.332616339312,3535.6581857660235,23,14,CB,235,0,BC,0,1,1,0,1500.0,0,INTERNET,2.6015713289407985,macintosh,1,1,0,6
0,0.5,0.5544250868297598,-1,197,20,0.005359919631523,-0.8877734394557524,AC,1377,5750.435170615609,7179.024452902701,6343.617999470035,0,5,CA,54,1,BE,0,1,-1,0,200.0,0,INTERNET,2.451942073822185,linux,1,1,0,0
0,0.7000000000000001,0.4516676456707589,7,14,30,0.0091597358729133,-1.4690417157917346,AC,583,8882.720493712955,5782.410203032102,5022.096079845873,0,11,CA,188,0,BC,0,1,-1,1,500.0,0,INTERNET,2.0815295456584675,other,0,1,0,3
0,0.9,0.2715138533977682,-1,25,30,0.0051872100997545,51.90381203736479,AA,2864,3502.2208857911987,5215.1076617256485,3871.087712424832,9,2,CB,121,0,BC,0,1,1,0,500.0,0,INTERNET,5.187391828835981,other,0,1,0,6
0,0.1,0.507192033889064,-1,38,20,0.0143338565095143,-1.229868236301221,AD,1341,2853.575491166449,4715.592054895104,5068.195094752283,2,5,CA,110,1,BC,0,1,15,0,200.0,0,INTERNET,5.283963073889625,linux,1,1,0,2
0,0.9,0.736603594465958,-1,217,50,0.0314757363973292,-0.4873602765077229,AB,2087,7565.725641674406,6397.076329655861,5986.083776416142,11,5,CB,200,0,BB,1,1,1,0,1500.0,0,INTERNET,6.685651986365082,other,1,1,0,0
0,0.6000000000000001,0.3190326440746466,-1,69,30,0.0362498183864236,-0.9456819727171984,AC,633,4065.0025591055455,2422.202530374697,3079.635627328111,1,4,CA,152,1,BC,0,1,31,1,200.0,0,INTERNET,4.608964738972643,linux,0,1,0,7
0,0.7000000000000001,0.8326083087058189,132,29,30,0.0029161075553843,-1.190033833370328,AC,207,3931.789451372689,3731.072441587893,5553.875774303754,1,17,CA,141,1,BC,0,1,-1,0,1000.0,0,INTERNET,12.72046581493228,linux,1,1,0,2
0,0.6000000000000001,0.1033771456699407,30,6,40,0.0013998732077972,-1.7177026709086132,AB,1297,14430.151497459923,6609.110045552274,4263.824094825061,1,9,CB,155,0,BC,0,1,-1,1,500.0,0,INTERNET,16.068297304035664,linux,0,1,0,5
0,0.7000000000000001,0.724155227484746,-1,61,50,0.0079537025893935,5.1233366962697735,AA,1269,1396.920429619043,3206.061808066647,4133.386179924684,1333,7,CA,176,0,BB,1,1,10,1,500.0,0,INTERNET,2.2588558459074743,linux,1,1,0,5
0,0.6000000000000001,0.4080133194625618,60,10,30,0.0193876091478308,-1.4399910535004168,AB,1552,6323.6424496882055,4594.918671019975,5120.866424348835,9,7,CF,80,1,BC,0,1,28,1,200.0,0,INTERNET,19.27172471190568,linux,1,1,0,3
0,0.9,0.2488754897266105,-1,372,20,0.0060524968079447,-0.613706501408229,AB,724,3586.837575648701,2946.306128885669,4171.708053470527,7,9,CA,232,0,BE,0,1,1,0,200.0,0,INTERNET,3.559703139643544,other,1,1,0,6
0,0.8,0.1376140362416872,-1,40,40,7.3511392513528255,-1.1403836694286102,AC,1087,3226.73761786776,4502.877871726794,5588.770318065616,0,6,CA,40,1,BB,1,1,-1,0,200.0,0,TELEAPP,-1.0,other,0,0,0,1
0,0.8,0.5340115576285713,-1,114,40,0.025097539578398,-1.3687537414131985,AC,952,4335.271280080893,5048.897221844266,4233.7554911758825,0,4,CA,250,1,BA,0,1,-1,0,1000.0,0,INTERNET,10.949653871564742,linux,1,1,0,6
0,0.8,0.4823510534976769,-1,48,20,0.0198103106693726,-1.3320237001062616,AD,2017,9996.058294008615,5788.556465801982,5836.6343339382665,4,18,CB,68,0,BC,1,1,28,0,200.0,0,INTERNET,3.205685010303404,other,1,1,0,0
0,0.7000000000000001,0.7728529454402829,-1,378,30,0.0057145530766832,-1.1247214029026562,AC,1463,8962.573288612444,5386.316207876729,5214.902093337653,1,13,CA,330,1,BB,1,1,6,1,1000.0,0,INTERNET,1.7513212482482612,linux,1,1,0,2
0,0.4,0.5319555963516045,-1,35,30,0.0177893858311992,-1.468749189364838,AD,5412,11399.347057763296,6975.424685201655,6745.59952361189,9,15,CB,36,1,BC,0,1,1,0,200.0,0,INTERNET,3.885654399993368,linux,1,1,0,0
0,0.9,0.1588225995512824,-1,162,30,0.015084722107029,7.804415106499307,AA,2462,4787.322727739414,2671.6122574963724,3141.06181911302,5,4,CB,79,1,BA,0,1,31,0,200.0,0,INTERNET,5.640466385308201,linux,0,1,0,7
0,0.4,0.9142455899079044,-1,383,60,0.00818878005946,-0.5249373714292881,AC,904,4544.04886560126,2835.606054519151,4175.225216456977,0,9,CA,311,1,BD,0,1,-1,0,1500.0,0,INTERNET,7.8241907414585885,windows,1,1,0,5
0,0.4,0.8089623933756496,-1,392,30,0.0240448105134989,43.976634098957184,AA,416,5168.01387169297,6915.107902107186,5318.893253642251,17,8,CB,137,1,BC,0,1,31,1,1500.0,0,INTERNET,4.348032338190257,other,0,1,0,1
0,0.9,0.7718809355577643,-1,154,30,0.0230474789116098,-1.3981028470006052,AB,948,8939.014616920998,5741.727771521031,4821.52831407599,0,11,CA,185,1,BA,0,1,-1,1,200.0,0,INTERNET,1.7725119580664144,linux,0,1,0,3
0,0.3,0.3903985570698345,36,333,40,0.0001282230140365,-1.3664980022707018,AB,858,6614.564647743822,3389.3038101404604,5077.785006736744,1770,2,CA,96,1,BE,1,1,11,0,200.0,0,INTERNET,13.879501574054274,windows,1,1,0,3
0,0.1,0.7894174018671605,11,21,20,0.0046776326058056,-1.1272257177883882,AD,1721,1258.7870390706155,7418.923280880652,6690.494196307017,12,14,CA,70,0,BC,0,1,6,0,200.0,1,INTERNET,5.340479530899289,windows,1,1,0,0
0,0.9,0.6526798774500502,-1,117,40,0.0140519304648692,-0.5408002287858217,AB,1279,4866.639466304568,5151.645554778651,5518.885328389135,12,13,CB,-41,0,BB,0,1,1,0,500.0,0,INTERNET,0.4985023574536822,windows,0,1,0,1
0,0.7000000000000001,0.3896833145371458,30,17,20,0.0048845883870821,40.31776982566366,AA,460,1541.488157887222,2000.868683432108,3094.793315517596,2,5,CA,158,0,BB,1,1,1,0,200.0,0,INTERNET,17.419256961395693,windows,1,1,0,7
0,0.8,0.6369682858672421,29,8,20,0.0099041548086456,-1.0265110956781625,AC,2814,4692.753290849636,3667.5646157736014,5437.022658262299,0,17,CA,97,0,BE,0,1,-1,0,200.0,0,INTERNET,1.4464325005358774,linux,0,1,0,2
0,0.1,0.6577676367123824,-1,203,30,10.927807370743368,7.692692794610382,AA,1479,4465.398753422862,4783.788260528819,5336.139424660732,2,12,CA,24,1,BE,0,1,25,0,200.0,0,INTERNET,4.3107478127669046,windows,0,1,0,1
0,0.9,0.8199285960972063,-1,47,30,0.0282414670253382,51.4858523114304,AA,1315,1346.1582681731454,5924.469771580476,5438.08322820864,1,16,CA,208,1,BB,0,0,1,0,1500.0,0,INTERNET,4.533467966859142,other,1,1,0,1
0,0.9,0.5201796424562319,30,1,20,0.0073993835775577,-0.546526996143144,AC,1010,3731.958766474996,6882.315674233466,4495.3392474670645,0,8,CA,86,0,BB,0,1,-1,0,200.0,0,INTERNET,3.748288552936124,other,1,1,0,0
0,0.9,0.9216575741504413,-1,71,30,0.0292154647932634,-0.959569691168666,AA,4270,7750.258607256274,6425.483102215387,4364.2352819676335,12,11,CA,281,1,BA,0,0,30,1,1500.0,0,INTERNET,3.741221617106338,windows,1,1,0,4
0,0.1,0.2466264862029825,21,13,20,0.015959251278102,-1.262861438527335,AD,1542,7193.921086650134,4990.5899660795,4765.651257890608,6,15,CA,107,1,BD,1,1,26,0,200.0,0,INTERNET,8.172993586030008,macintosh,0,1,0,3
0,0.4,0.7306217209731759,-1,54,20,0.0061209369335975,50.24349656848039,AA,871,1889.3946468205152,4533.655382379061,5239.1212488384535,7,7,CE,94,1,BC,0,1,3,0,200.0,0,INTERNET,5.020635938718916,windows,1,1,0,3
0,0.9,0.3239412343916424,57,5,30,0.0001686890317691,-0.8930949909229207,AC,1223,2967.9056326489563,2054.58751623528,3110.796181756286,0,5,CA,112,0,BC,1,1,-1,0,490.0,0,INTERNET,1.1590811446757128,windows,1,1,0,7
0,0.6000000000000001,0.6819282647208923,110,139,40,0.0128473900570557,-1.1039142617271271,AB,4006,2023.2538559695456,4764.934729566522,4680.918127843233,35,6,CA,207,0,BC,0,1,15,0,1500.0,0,INTERNET,4.337059461076842,macintosh,1,1,0,4
0,0.9,0.1423105605312013,-1,19,20,0.0030657312152926,-1.0542947915443457,AC,2595,6500.109087328795,3322.3966258468504,5333.1780139464,0,17,CA,96,1,BB,0,1,-1,0,200.0,0,INTERNET,21.18369763689898,other,1,1,0,1
0,0.9,0.5564775955598731,-1,31,40,0.024280889189223,-1.030031341486726,AB,1090,4616.197457081637,6974.998961077532,6320.314395363025,18,6,CB,19,1,BC,1,1,25,0,200.0,0,INTERNET,11.227289565944345,windows,1,1,0,0
0,0.8,0.0466892760786328,-1,31,20,0.0062698952922753,-0.8048412336980779,AD,1161,2990.6191678677724,3413.625314235961,4291.233408007725,13,11,CA,33,1,BC,1,1,1,0,200.0,0,INTERNET,9.52570407337102,linux,0,1,0,5
0,0.8,0.4487604309717851,88,0,40,0.0035958194590958,-1.600615360149528,AC,2720,4442.58440811103,6892.945607962475,6730.555478016055,5,10,CB,134,0,BC,0,1,-1,0,500.0,0,INTERNET,14.1625462080783,linux,0,2,0,0
0,0.9,0.7509665750279759,25,6,30,6.771178747665264,30.29445995893732,AA,1628,8733.798144692286,7187.293486299791,5210.527788171132,1,13,CA,113,1,BC,0,1,1,0,200.0,0,INTERNET,2.1486249648058524,windows,1,1,0,2
0,0.2,0.493055663278209,-1,42,40,0.0117016305893095,-1.14051434482947,AB,1426,10263.729316854477,4856.781842626141,5412.213439161035,13,19,CA,159,1,BC,0,1,10,0,200.0,0,INTERNET,17.216964087018855,linux,1,1,0,1
0,0.1,0.4884867152454063,32,5,30,0.007994593150928,-1.1732909761957075,AB,635,3459.4145223691826,2716.960830744112,4417.525957001273,0,11,CB,112,0,BB,0,1,1,1,500.0,0,INTERNET,3.3281811554559733,linux,1,1,0,4
0,0.6000000000000001,0.3009041044797061,-1,285,10,0.0089159803849737,-0.8578169022498223,AB,1079,4725.212989764937,3583.223498410662,4279.504880217068,8,13,CB,43,0,BE,0,1,20,0,200.0,0,INTERNET,22.87959886244906,other,1,1,0,5
0,0.8,0.2094794347426535,-1,78,40,0.0147229475767094,-1.6975213955368758,AC,873,8313.629511315838,4832.200181040094,4304.308171858056,1,8,CA,60,0,BA,0,1,-1,0,200.0,0,INTERNET,6.00908517578221,macintosh,0,1,0,5
0,0.1,0.1892984871469646,-1,357,20,0.013997866241708,-1.1947828605059705,AC,1549,5147.813302998315,7109.999660719344,5373.163757812912,2,21,CA,11,0,BE,0,1,-1,0,200.0,0,INTERNET,3.016872453011945,linux,1,1,0,1
0,0.9,0.2444146115019775,-1,10,40,0.0046462595704405,-1.0415013857232231,AB,242,1042.0041827838347,2674.445041616804,2999.791568559589,16,5,CA,81,0,BC,1,1,1,0,200.0,0,INTERNET,0.43347869083718,linux,1,1,0,7
0,0.7000000000000001,0.6474568612903376,30,31,20,0.0260203633133996,-1.251116385943042,AB,327,1542.1651869604784,3024.553750564308,3474.4767960493496,8,9,CA,80,0,BC,0,1,1,0,200.0,0,INTERNET,2.014458348879541,linux,0,1,0,7
0,0.7000000000000001,0.8894768748425548,-1,133,40,0.0142422357186716,-0.8850559940109817,AB,915,4769.2371856853415,3247.590029488753,4293.627620254961,749,13,CB,159,0,BB,0,1,1,0,1000.0,0,INTERNET,2.9179419251970526,linux,0,1,0,4
0,0.1,0.7171908142551546,-1,110,20,0.0173572407507573,-0.8824444582835186,AC,2002,588.0920809335039,3845.446963287349,6380.471176472228,2,6,CA,65,0,BE,0,1,-1,0,200.0,0,INTERNET,4.149285176047913,windows,0,1,0,0
0,0.6000000000000001,0.4515876393103441,51,16,20,28.64330550101709,46.10049308869698,AA,1657,8782.741123456588,4142.6747916845725,5133.556870678465,42,7,CA,79,0,BE,1,0,15,0,200.0,0,INTERNET,7.32169822663279,other,1,1,0,3
0,0.9,0.6306792161727083,-1,105,30,0.0221484120083971,-1.4798111797431446,AB,793,3720.0633792287904,3407.176031525961,3043.394290104793,11,6,CA,238,0,BA,0,1,30,0,200.0,0,INTERNET,2.2147570605381106,other,0,1,0,7
0,0.4,0.7743140559359432,-1,311,20,0.0252833734400104,-0.8496919202293337,AB,1653,8710.711655137,5427.132112719239,4886.328775380484,1902,8,CA,143,0,BE,0,1,30,0,200.0,0,INTERNET,1.3446609830683334,windows,1,1,0,3
0,0.6000000000000001,0.7976030983999677,-1,38,20,0.0069812183110038,49.05828902212308,AA,1725,6139.641338684151,3263.549698306697,4905.329505179438,344,12,CA,77,0,BC,0,1,22,0,200.0,0,INTERNET,2.7955710117660955,windows,1,1,0,2
0,0.5,0.1023868852382143,-1,32,30,0.0146375863266859,-1.2319666181005329,AC,1773,5866.730274008571,5858.545237045229,4924.261990125176,0,15,CD,81,1,BC,0,1,-1,1,200.0,0,INTERNET,4.2371487648349575,linux,1,1,0,4
0,0.7000000000000001,0.5128988826470211,11,2,20,0.0299420125394826,-1.53824716603329,AC,821,4394.571764957645,6816.955614469403,5623.490833524969,0,5,CB,125,1,BC,0,1,-1,0,200.0,0,INTERNET,4.539028991955927,linux,1,1,0,1
0,0.6000000000000001,0.4956940747642965,47,3,30,0.023478139796354,-0.6753766618464332,AB,1637,1008.657231172194,3491.231211145555,4766.712844049087,273,19,CA,113,1,BC,0,1,29,0,500.0,0,INTERNET,16.488118947394952,linux,0,1,0,4
0,0.4,0.9966597665151292,23,3,30,7.3571878782568625,-1.5280564346435812,AB,2440,6546.525018357804,4888.22136656553,5521.452408100168,2,10,CA,119,0,BC,0,1,29,0,200.0,0,INTERNET,6.240857461663724,linux,0,1,0,2
0,0.7000000000000001,0.1559531289201263,-1,62,40,0.0162181254030761,-0.4282543392558249,AB,1229,8048.289144361827,5023.993997647792,4726.604888822016,8,5,CB,166,1,BC,0,1,10,0,500.0,0,INTERNET,20.341533766171,linux,1,1,0,3
0,0.3,0.7235913265372939,-1,64,50,0.0059224500105922,41.24467588972973,AA,789,4215.297877871925,6684.882646950315,5283.648454604475,700,15,CA,164,0,BC,1,1,28,1,200.0,0,INTERNET,7.234355744255318,windows,0,1,0,1
0,0.2,0.4704327085591346,33,32,30,0.0087008269790165,-1.238755978962728,AC,2291,2832.684063145698,3813.7178801297136,5147.008908351487,0,12,CF,124,1,BC,0,1,-1,0,200.0,0,INTERNET,2.4510125966178054,linux,1,1,0,3
0,0.1,0.9030008588407866,-1,312,30,0.0270726095599499,-1.5801823937132755,AC,1408,10192.641643878029,4874.456300540222,5184.1070081909365,0,14,CA,118,1,BE,0,1,-1,1,200.0,0,INTERNET,9.715770308632546,other,1,1,0,2
0,0.6000000000000001,0.9921947485481952,-1,53,50,0.0097231249695685,28.087295992241344,AA,1620,9257.363593266238,5425.361001773416,4778.8591704802175,207,4,CA,58,1,BB,1,1,28,1,200.0,0,INTERNET,0.8837062428889696,windows,1,1,0,4
0,0.8,0.9894084455777574,138,15,50,0.0056334192784033,38.3467159971928,AA,3781,12269.666926636262,6408.563490055199,5864.373130245676,32,6,CA,187,0,BC,1,0,6,0,500.0,0,INTERNET,5.894797272491381,other,0,1,0,0
0,0.9,0.8861225350662216,-1,190,20,0.0365545409009355,-1.3154718636745495,AB,810,4931.384436665328,2585.791704075812,4389.7158527929305,39,5,CA,127,1,BB,1,0,28,0,500.0,0,INTERNET,2.6706729958587143,linux,0,1,0,6
0,0.8,0.2169069067785828,13,10,30,6.641364641313577,34.40678434755796,AA,369,970.0436818361928,5056.278477145241,5572.474486941569,8,13,CA,64,1,BC,0,1,3,0,200.0,0,INTERNET,7.549492117689589,other,0,1,0,2
0,0.8,0.1170909239046794,177,16,40,0.0251928439695337,16.255820632262022,AD,1044,7741.558629924383,5027.696980761496,4188.394641000285,611,2,CC,62,1,BA,1,1,10,1,500.0,0,INTERNET,4.747406496500751,other,0,1,0,4
0,0.1,0.8666698904326696,-1,40,30,0.0188238540647953,48.30753346098129,AA,1284,7479.686184701452,5342.909773230077,4754.359130360416,38,15,CA,213,1,BC,0,1,1,1,1500.0,0,INTERNET,5.200501456346236,linux,0,1,0,3
0,0.5,0.5377969304825492,47,14,40,0.0099491931959562,-0.2712094246948192,AC,1257,1287.7883196395003,4768.699656326183,4399.630069589974,1,7,CA,130,1,BC,0,1,-1,0,200.0,0,INTERNET,2.034265459683848,linux,0,1,0,5
0,0.9,0.5119442837964673,156,18,30,0.0092377614493839,-1.6089980845780238,AB,2575,7767.852443933003,4823.833616471938,4744.134825896916,14,7,CA,186,0,BC,0,1,10,1,1500.0,0,INTERNET,1.3795451284302516,macintosh,0,1,0,3
0,0.8,0.2899958104576794,30,42,30,0.0069664782105942,20.4933603516115,AA,1143,5485.004368963965,4123.676804216498,4835.032363115075,13,10,CA,95,1,BC,1,1,29,1,200.0,0,INTERNET,18.3353913626072,linux,0,1,0,4
0,0.2,0.8101731385203048,95,57,40,0.9058204794119658,-1.0304680299661362,AD,1264,5637.788343425844,4788.185378802399,6641.153401888587,6,6,CA,135,1,BB,0,1,30,0,1500.0,0,INTERNET,13.296784551465125,linux,0,1,0,0
0,0.9,0.8395122443198659,-1,72,60,0.0024720131130891,-0.8107586632001758,AB,834,616.8356013005764,4728.9713590605015,3084.537244279871,0,4,CA,259,0,BA,0,1,2,0,1500.0,0,INTERNET,1.23227018922025,windows,0,1,0,4
0,0.9,0.6360656902801047,29,9,30,0.0406442566969188,50.50182433788534,AA,1337,3489.8624779304687,6087.065533030284,4746.432148786368,14,11,CA,164,0,BC,0,1,1,0,500.0,0,INTERNET,1.7057112504184304,macintosh,1,1,0,3
0,0.8,0.181116760164893,55,7,30,1.1655425955903052,-1.363193296352382,AC,2713,5735.511354158572,4681.039730551295,4186.577165531301,1,14,CA,133,1,BB,0,1,-1,0,200.0,0,INTERNET,4.854812012024233,linux,1,1,0,5
0,0.9,0.1555870310722521,-1,76,50,0.0041863567666252,12.6522805369962,AA,1542,4314.613218516768,3605.89147381821,6758.104149548018,1,4,CD,32,0,BC,1,1,20,0,200.0,0,INTERNET,2.243786528225999,linux,0,1,0,0
0,0.9,0.664152087153925,9,20,30,0.0276628376499073,-1.2069333306918668,AD,920,6003.301482924207,4871.5528294983005,4161.166929359098,9,7,CA,158,1,BC,0,1,1,0,200.0,0,INTERNET,1.578779036505528,other,0,1,0,5
0,0.1,0.1305198999808781,-1,54,30,0.0232487959920975,37.20800954728736,AA,1882,13426.59853407475,7434.226748913557,4858.923441576694,0,5,CA,-10,1,BC,0,1,31,1,200.0,0,INTERNET,2.023296156168415,other,0,1,0,0
0,0.8,0.6239434086339429,27,11,20,0.0195871122113546,-1.004253023383203,AC,964,893.4229658846216,5760.4239225984375,5572.8445217992985,1,6,CA,177,0,BB,0,1,-1,1,1000.0,0,INTERNET,4.10242668869566,linux,1,1,0,1
0,0.7000000000000001,0.4159320456545272,8,-1,30,0.0329877987584897,-0.7527801584780516,AB,550,1506.1184216031686,4397.406145761581,4822.635312973868,16,7,CA,94,0,BC,0,1,1,0,200.0,0,INTERNET,1.7898203203855678,windows,1,1,0,3
0,0.7000000000000001,0.2738066533882956,58,203,30,0.0002468927611767,-1.7790346060703617,AC,1340,5209.307210667425,5424.964503825346,4435.5007057822,1,9,CF,118,0,BB,0,1,-1,0,1000.0,0,INTERNET,11.956372441966348,other,1,1,0,4
0,0.5,0.5068906849943485,-1,62,30,0.0125627502624339,46.785029305977936,AA,724,4291.956884899941,5583.967904654669,5509.812742662776,23,14,CA,168,1,BC,1,1,31,1,1000.0,0,INTERNET,5.635863198717456,linux,0,1,0,1
0,0.2,0.3903200769258945,-1,37,30,8.552528505904945,8.177747159347003,AA,2169,1002.0724887961296,5757.801210786719,5343.725304645359,9,15,CE,18,1,BC,0,1,10,0,200.0,0,INTERNET,5.7422178957756405,other,0,1,0,1
0,0.8,0.7269440100998339,9,15,20,0.0067762303521592,-1.0808698884346155,AC,1860,3508.868147280897,8906.898248747999,5133.829994643611,0,10,CA,142,1,BC,1,0,-1,0,200.0,0,INTERNET,1.5069984977912083,linux,1,1,0,1
0,0.4,0.2966695230412845,-1,115,30,0.0158185863377815,-0.5336184046795733,AC,865,1958.105953067713,3798.192835052461,4173.351324493681,0,8,CA,119,1,BC,0,1,-1,1,200.0,0,INTERNET,1.069759482384376,linux,1,1,0,5
1,0.9,0.4105400604281016,-1,137,40,0.0005699679345271,-0.7482547172782595,AC,1430,1246.6243942069475,4511.825106792472,5868.937628831252,1,4,CA,204,0,BA,0,1,-1,0,1500.0,0,INTERNET,6.168029874781388,windows,1,1,0,1
0,0.1,0.4109029237866793,-1,38,40,0.0380060907603814,49.667837648335045,AA,2574,6688.8837062112,4861.532140860832,4866.392934113527,0,8,CB,90,1,BC,1,1,26,1,200.0,0,INTERNET,1.6504870484744876,linux,1,1,0,3
0,0.1,0.5006949422658642,-1,11,40,0.0177664098997611,-1.4492496090437048,AC,2866,3346.718127571944,3941.6286099806207,5768.184629421075,2,12,CA,134,1,BB,0,1,-1,0,200.0,0,INTERNET,4.032057280801787,linux,0,1,0,2
0,0.8,0.8698495914742218,51,6,30,9.882021612469856e-05,20.015493114946764,AA,1136,6457.321689822938,3943.909278262868,3182.982381827632,6,6,CA,152,0,BC,1,1,6,1,990.0,1,INTERNET,3.711016050658764,windows,1,1,0,7
0,0.3,0.8442661669586473,-1,236,20,0.0100938390101862,49.43071885481599,AA,1520,2766.297854031819,6608.322345724875,5271.763948308903,46,5,CA,190,0,BA,1,0,25,0,500.0,0,INTERNET,4.577024756703938,linux,1,1,0,1
0,0.1,0.8994164725635805,-1,96,60,0.0156800446421318,-1.298009837944439,AB,1247,3225.7725506543406,3389.7545053337817,3187.130831524259,9,3,CA,187,1,BA,1,1,6,0,500.0,0,INTERNET,25.714832542669782,windows,1,1,0,7
0,0.2,0.1226421875751584,-1,74,50,0.0069132312853992,-1.32642809001604,AB,1935,8759.038877062565,6009.97315997229,6666.924715579637,1,8,CA,181,1,BB,1,0,19,0,200.0,1,INTERNET,3.4120864549775023,linux,1,1,0,0
0,0.4,0.0541614134211996,29,5,50,0.0161236332270927,-0.8738769549608647,AD,3710,5172.154571827239,6576.776886220708,6305.043103010559,1,8,CA,112,1,BD,0,1,3,0,200.0,0,INTERNET,2.57382320230663,linux,1,1,0,0
0,0.2,0.109948504317848,-1,204,40,0.0021837135655454,-1.2062281026387924,AB,1218,5517.266017871983,4369.893426730563,4282.72871216701,1,3,CC,-6,1,BB,1,0,25,0,200.0,0,INTERNET,3.41472037274589,linux,0,1,0,5
0,0.9,0.8717516192370491,-1,67,30,0.0389821450609074,-0.7357756367283455,AD,1479,7582.884371043024,4677.496326642068,5074.473237021947,207,7,CA,101,1,BB,1,1,28,1,200.0,0,INTERNET,4.0187759502729525,windows,1,1,0,2
0,0.1,0.2282033688250126,-1,308,30,0.0057180398553875,-0.5607878163410375,AB,891,5271.638612059906,5023.455793539034,4377.115652664789,12,5,CA,119,0,BB,1,1,28,0,200.0,0,INTERNET,3.44238983820492,linux,0,1,0,5
0,0.9,0.8126757142987089,-1,103,30,0.0184447584715356,-0.7703879767615611,AC,646,14130.17127711022,4578.645561676442,5096.606032097036,1,12,CA,148,0,BE,1,0,-1,0,200.0,0,INTERNET,1.6121208372440896,windows,1,1,0,4
0,0.8,0.4413164577299293,-1,61,30,0.0121861137777322,-1.1148634281678764,AC,1678,9318.021746666209,5583.858979044089,4792.349659273707,0,12,CA,180,0,BB,0,1,-1,0,200.0,0,INTERNET,1.692607490565836,other,0,1,0,3
0,0.9,0.046041713868762,-1,59,30,1.1395979058804528,-1.0541782079294888,AB,1046,8534.913599258449,3797.864411283834,4716.3012911241885,14,10,CB,135,1,BC,0,1,15,0,200.0,0,INTERNET,0.6505687982863512,linux,0,1,0,3
0,0.1,0.3529323338941488,-1,248,20,2.276256917973348,27.058288968155164,AA,650,5731.369140003154,5449.722462545425,5560.301018972176,1477,5,CA,30,1,BE,0,1,1,0,200.0,0,INTERNET,8.944510512103733,linux,0,1,0,1
0,0.8,0.8404234248968616,-1,115,30,18.77968190185993,-1.2224343401199416,AC,908,6835.74878733951,4881.881440834369,4355.073014600519,1,4,CB,113,0,BB,0,1,-1,0,200.0,0,INTERNET,2.777836082096339,other,0,0,0,6
0,0.1,0.0205103307554942,-1,146,20,0.0256309171527578,-1.2100867754352609,AD,3802,6046.300603653946,5164.151303842799,4977.793526203976,34,11,CA,-3,1,BE,0,1,25,0,200.0,0,INTERNET,4.0834391425427965,windows,1,1,0,4
0,0.2,0.1940480457717186,-1,39,20,0.0070746545436199,-1.1895903595418722,AC,1126,3785.566979717921,2886.6483584217485,3939.675741168032,1,11,CA,136,1,BB,1,1,-1,0,200.0,0,INTERNET,8.143351175865146,other,1,1,0,6
0,0.8,0.3647425207499305,-1,192,50,9.495436530054184e-05,-0.5970659791757791,AB,631,8954.619003850996,3830.313408909937,4935.471050085622,10,8,CA,321,1,BA,0,1,11,1,1500.0,0,INTERNET,13.868103848008383,windows,0,1,0,3
0,0.9,0.6759495069779256,-1,153,20,0.0230370448682944,-0.8152649642246252,AD,3807,4672.3549202545455,6413.918850912274,6008.781039138476,6,25,CA,192,1,BE,0,1,2,0,500.0,0,INTERNET,3.6402478896546175,macintosh,0,1,0,0
0,0.6000000000000001,0.9025948648168876,-1,382,40,0.0056141841506641,19.60779851417497,AA,4927,8169.964975383936,6953.171526301532,6269.012126653569,6,16,CA,43,0,BA,1,1,30,0,200.0,0,INTERNET,4.323984624765446,linux,1,1,0,0
0,0.7000000000000001,0.860790079777411,-1,80,30,0.0246612393967109,2.2491302624494267,AA,2194,7837.7773398087475,5238.639326096818,5435.703430922838,5,8,CA,185,0,BC,1,1,10,1,1500.0,0,INTERNET,2.8783330653760943,linux,1,1,0,1
0,0.1,0.5662018574566461,-1,184,30,0.0053379355890397,-1.2722185189076316,AC,4342,9628.314900112897,6097.471280838579,5958.235824127028,1,17,CA,66,1,BA,0,1,25,0,200.0,0,INTERNET,3.2075075462225344,linux,1,1,0,0
0,0.1,0.483024369566817,-1,27,30,0.0257694501683988,-0.9825476943903416,AB,816,3591.681261651785,3404.961999434768,4845.132345878875,4,20,CF,171,0,BA,0,1,15,0,1500.0,0,INTERNET,4.968911001914085,linux,1,1,0,3
0,0.8,0.0003117695906088,-1,236,40,0.0114947307988608,18.669021164280828,AA,2762,8950.705601469686,4604.9268357345645,4974.164361863737,18,8,CB,116,1,BE,1,1,11,1,500.0,0,INTERNET,2.036154479533451,other,0,1,0,4
0,0.8,0.4754550773499915,47,18,30,0.0317148956177958,49.13939695649236,AA,1454,1837.6927363616248,5158.235831572036,5188.475617207378,8,16,CA,219,0,BC,0,1,7,0,1500.0,0,INTERNET,14.707516207973423,linux,0,1,0,2
0,0.9,0.0635817525531947,61,8,20,0.0183409245932195,-0.5808284315951528,AB,852,1277.026839367246,2052.074066970364,4336.171005376443,771,3,CA,172,1,BC,1,1,1,1,500.0,0,INTERNET,14.227462888326766,linux,0,1,0,6
0,0.8,0.8348449019717288,10,9,20,0.0060171568129143,-1.0231313054742237,AD,1249,12187.227390082571,7119.5045368939245,5324.657753643904,9,13,CA,141,1,BC,0,1,1,1,200.0,0,INTERNET,9.099326340861529,other,0,1,0,1
0,0.6000000000000001,0.0318110509881695,55,1,30,0.0199613122222911,-0.8120783939787063,AD,1834,7564.823218025916,7378.615625703997,6722.321591961582,40,15,CB,76,0,BB,1,1,10,0,200.0,0,INTERNET,3.722252938801466,linux,0,1,0,0
0,0.8,0.8807902629303517,-1,30,20,0.0108632459487572,99.63925658848385,AB,1107,717.5606305119031,5382.074571942236,4333.468644847911,9,21,CA,176,1,BE,1,1,28,0,500.0,0,INTERNET,2.437245578798056,windows,1,1,0,4
0,0.2,0.2919039539599612,167,38,30,0.0179031224313546,-1.0672717239677092,AD,1270,957.1300951700456,4642.793433158488,4946.663789465614,845,14,CA,194,1,BA,0,1,11,0,1500.0,0,INTERNET,18.67870080891512,windows,1,1,0,4
0,0.1,0.5642153044662452,33,9,50,0.0037181548654845,-0.8663753285572375,AB,1337,3155.576656170565,3448.660459623301,3149.937554590119,749,8,CF,144,1,BB,1,0,1,0,500.0,0,INTERNET,1.081859331556135,windows,1,1,0,6
0,0.1,0.3837926122416652,-1,69,20,0.0205033136526983,-0.9133682579219334,AC,2715,9556.51251091118,6223.623955178112,5207.463648971854,1,13,CA,36,1,BB,0,1,-1,1,200.0,0,INTERNET,4.327682966126466,linux,0,1,0,2
0,0.9,0.1065330550832102,52,25,30,0.0134979633129383,-1.5259540186152742,AC,730,3867.8085767094312,4350.40100173213,3737.274488941798,1,15,CC,149,1,BB,0,1,-1,1,200.0,0,INTERNET,1.615523051847406,other,0,1,0,6
0,0.8,0.6946386291217892,-1,134,30,0.0039664961321561,-0.8440258904307678,AB,2099,3693.751176152963,5309.13155934468,4291.051881774305,12,9,CA,291,0,BA,0,1,28,0,1000.0,0,INTERNET,7.690322931894772,windows,0,1,0,5
0,0.1,0.8585108730512505,-1,26,40,0.0038710241929997,-1.1344706439598318,AC,971,9318.546813626232,6440.473776767032,5043.013462841628,0,10,CF,119,0,BB,0,1,-1,1,500.0,0,INTERNET,3.3298945740294337,other,1,1,0,2
0,0.6000000000000001,0.835433658726397,-1,52,30,0.03580799693207,48.58787813233825,AB,3348,7081.426732308903,6936.671109286188,4175.866878003286,9,7,CA,153,0,BC,0,1,1,0,200.0,0,INTERNET,3.5737665814087616,linux,0,1,0,5
0,0.3,0.9881604822378144,10,13,20,0.0229796780066215,-0.3944181400564609,AC,2594,9807.40135305669,7356.4917306458865,5537.935511787751,1,27,CA,116,0,BB,0,1,-1,1,200.0,0,INTERNET,2.9674428898385754,linux,0,1,0,2
0,0.1,0.9662084599424552,-1,78,20,0.021696416214691,-0.9709784739569464,AB,482,4024.8613117448494,3228.6590840539807,3696.127346155845,10,7,CA,115,1,BC,0,1,11,1,200.0,0,INTERNET,2.832547242968741,linux,0,1,0,6
0,0.9,0.8326218136746341,-1,41,30,0.0064407146268856,-0.347492705584088,AB,674,6187.766360724296,3777.594638274477,4983.394342205956,14,13,CA,114,1,BE,0,0,30,0,200.0,0,INTERNET,1.109914357364686,windows,1,1,0,3
0,0.8,0.513595530355472,33,14,40,0.0069850985611939,-0.7845511237930114,AC,1151,5215.381188039934,4700.867654274876,4304.737080453841,1,11,CA,124,1,BC,0,1,-1,0,200.0,0,INTERNET,4.691531854674809,linux,1,1,0,5
0,0.2,0.1864690120239927,-1,50,30,0.0037787898375956,-1.0747958748165576,AC,2567,8973.304856142142,5994.667206490503,5067.67577524164,1,7,CA,208,0,BB,0,1,-1,0,500.0,0,INTERNET,10.155903467646132,other,0,1,0,3
0,0.1,0.4457519576477333,-1,121,10,0.0059266978842035,-1.012226221389887,AC,1249,4540.757904615497,6779.395961837332,5300.441559996762,1,8,CA,105,1,BE,1,0,-1,0,200.0,0,INTERNET,5.8575838135741645,linux,1,1,0,1
0,0.6000000000000001,0.3085228599088317,-1,26,40,0.0013493463986144,-1.014759071441888,AB,210,5806.839518725089,4526.501326373461,5138.432053480533,11,8,CA,195,1,BC,0,1,3,0,200.0,0,INTERNET,4.894798592817292,linux,1,1,0,3
0,0.1,0.1141386559712571,-1,374,20,0.0071973862407086,-1.124203968209294,AB,1689,3956.10925421298,3339.729870500151,4953.254390729223,28,8,CB,179,0,BE,1,1,28,0,200.0,0,INTERNET,4.178052421857779,other,1,1,0,3
0,0.9,0.8985275932063808,-1,69,50,0.0069131270036753,-1.0458777509554618,AA,1473,7537.824134652002,5310.984747694305,5091.564533975786,18,7,CA,103,0,BE,0,1,5,0,200.0,0,INTERNET,1.9878098087936344,linux,0,1,0,4
0,0.1,0.6432599532463413,-1,43,40,0.0172656862475219,-0.2487826974645223,AB,748,5825.216916507529,3889.674028254285,5544.155315652622,585,5,CA,152,0,BB,1,1,10,0,200.0,0,INTERNET,6.640891184705237,windows,1,1,0,5
0,0.7000000000000001,0.1498760772822291,-1,166,30,0.0299936328011781,28.62053156976768,AA,1426,7916.3345417064,7296.835491119156,5314.622322022648,280,7,CA,222,1,BA,0,1,1,1,1500.0,0,INTERNET,4.184966133712279,linux,0,1,0,1
0,0.9,0.2446890069844535,31,15,30,0.0085703770095528,-0.7532652969270712,AB,5102,7992.450820237926,6474.598101208085,6671.903953756122,4,13,CA,123,1,BC,0,1,1,0,200.0,0,INTERNET,5.63389707756525,macintosh,1,1,0,0
0,0.9,0.8663620851906254,65,18,30,0.0284718083772478,-0.7158183058905914,AC,766,2600.689615558641,3927.506029512073,5021.567914315705,1,12,CA,49,1,BB,0,1,-1,0,200.0,0,INTERNET,3.700864618246868,linux,1,1,0,3
0,0.3,0.1575258940398925,-1,20,20,0.0154039454398555,-1.0210276539632863,AB,1177,1510.54297014819,3159.932916629417,3119.9451650130627,6,7,CA,129,0,BC,1,1,1,0,200.0,0,INTERNET,4.184808811362002,other,0,1,0,7
0,0.8,0.9038601250661542,-1,61,20,0.0326004786515979,-1.3546209407487428,AB,1250,4824.197220689532,5415.578049907943,5331.787524948491,2,12,CA,175,1,BB,0,1,-1,0,200.0,0,INTERNET,3.908147720714736,other,0,1,0,1
0,0.2,0.5670399792362285,-1,92,60,8.557050006720972,52.649123659671965,AB,1684,4921.701080507938,5829.900367817191,5691.617757683393,2,12,CA,146,1,BB,0,1,15,0,500.0,0,INTERNET,7.426481934004678,windows,0,1,0,2
0,0.5,0.7321371983314353,-1,366,50,0.0158134621946055,-1.2762699830252895,AB,973,7384.326741390691,3660.8927963753113,4378.727478731159,44,3,CC,251,0,BA,0,1,2,0,1500.0,0,INTERNET,5.495774654464004,windows,0,1,0,5
0,0.1,0.2376388781784539,28,2,30,0.02127026127048,-0.9003977522494827,AC,1406,2986.992168695672,5728.948221805073,6270.193013303847,44,8,CA,328,1,BC,0,1,10,0,500.0,0,INTERNET,7.270677753305173,linux,1,1,0,0
0,0.9,0.6871257499248298,-1,204,20,0.0205807537458672,-0.6858302904923095,AC,2939,10359.050336436769,5254.81472625701,6315.892969891075,1,11,CB,286,0,BE,0,1,-1,1,200.0,0,INTERNET,7.449052680147965,other,0,1,0,1
0,0.2,0.3055127086070975,-1,84,30,29.19760453896627,-0.7511678564478578,AC,1036,4988.63233202784,4356.072706728089,5318.061463696133,1,6,CA,39,1,BE,1,0,-1,0,200.0,0,INTERNET,6.571348880604348,windows,1,1,0,5
0,0.8,0.2057986619750028,-1,65,40,0.0464072818842539,13.185990228445116,AA,1783,7117.975548025792,4795.510892545085,4342.437613334049,2,9,CF,140,0,BC,0,1,1,1,200.0,1,INTERNET,1.5476777252292695,linux,1,1,0,0
0,0.2,0.662822433691851,-1,213,30,0.0083139595679803,-1.0130652681805798,AB,1890,5852.807373158622,3118.513555077613,3742.04559386956,11,5,CA,123,0,BB,1,1,10,1,200.0,0,INTERNET,4.667156052555802,other,0,1,0,2
0,0.1,0.9012544768863352,-1,216,20,1.006320403326626,-0.9637317800087696,AC,1562,5146.336270463342,4934.7368780618735,5094.369962746235,0,5,CA,241,0,BE,0,1,-1,0,1500.0,0,INTERNET,10.7782566586792,linux,1,1,0,3
0,0.4,0.0305990628101807,-1,49,40,0.0206147059350305,-1.5948755487851218,AC,1506,1411.580212448133,5572.598127948328,4549.119928388212,0,2,CF,158,1,BB,1,1,-1,0,200.0,0,INTERNET,4.497055784855569,linux,1,1,0,3
0,0.5,0.0840106620823992,-1,63,30,0.0264945298866294,-1.064000849541988,AB,1411,9319.45869345024,6209.299635746318,6546.287515854655,505,16,CB,91,0,BB,0,1,30,1,200.0,0,INTERNET,4.880013883095144,other,1,1,0,0
0,0.3,0.9207824981945408,-1,250,20,0.0060474864348867,50.93278263048612,AA,2480,1619.1953481311584,6352.418892086517,5587.306036854246,4,16,CB,74,1,BE,0,1,2,0,1000.0,0,INTERNET,15.411976351910374,other,1,1,0,1
0,0.2,0.1661491136029855,10,22,10,0.0352433332237817,26.748124693592075,AA,708,2033.7200230435308,3141.318244020319,4223.479598973648,133,6,CA,118,0,BC,1,0,1,0,200.0,0,INTERNET,3.4486032883425564,macintosh,0,1,0,4
0,0.9,0.9964956723532036,8,355,40,0.0198108490540864,-0.6423332782940996,AB,478,1503.9505609207474,6228.73727631649,3121.887637520804,16,11,CB,130,1,BA,1,0,11,0,200.0,0,INTERNET,5.461949671135192,linux,0,1,0,1
0,0.9,0.409110262675966,-1,52,30,0.0001965840392328,-1.314765604651843,AC,1474,11323.675106826193,4904.337500823848,5506.806456467863,0,15,CA,51,0,BB,0,1,-1,0,200.0,0,INTERNET,6.730415877735537,linux,0,1,0,1
0,0.1,0.4608968193522626,-1,187,30,9.61426345859757,4.664865021183279,AA,1217,8885.592293639731,4440.195521343357,5317.274351333922,1860,19,CF,41,0,BB,0,0,31,0,200.0,0,INTERNET,5.173868736626932,linux,0,1,0,0
0,0.8,0.5124241775971982,-1,196,20,0.010321955089166,-0.8006294762150225,AD,628,1823.2127598282025,3047.2201793098748,4154.079192699192,1,11,CA,150,0,BB,0,1,19,0,200.0,0,INTERNET,0.6137369362475363,other,1,1,0,6
0,0.3,0.7920193189415019,-1,196,30,0.003238920928022,-1.1594685982462178,AB,768,2324.676842717055,5876.600967715855,4671.833712914845,13,8,CC,44,0,BE,0,1,20,0,200.0,0,INTERNET,9.026756311761028,other,0,1,0,3
0,0.6000000000000001,0.4212185520435753,-1,76,40,0.0187602761654306,-1.2781308383863357,AC,665,4053.766164048409,2291.5922236910515,3127.8968429293736,2,6,CA,153,0,BA,0,1,1,0,500.0,0,INTERNET,7.1541214008901575,other,1,1,0,7
0,0.2,0.5527920743545834,-1,120,30,0.0195670965874573,26.68453407592763,AA,2701,3554.179122284981,5951.094882376787,6623.056229679378,46,30,CA,117,0,BA,1,1,15,1,200.0,0,INTERNET,5.798546755828402,linux,1,1,0,0
0,0.8,0.0414943517866011,64,2,30,0.008206518461527,-0.3891338827951122,AA,928,1571.6119202866737,3370.416131304446,4434.1411156057375,1,13,CA,208,1,BC,0,1,28,0,200.0,0,INTERNET,3.8530088152432014,other,0,1,0,5
0,0.6000000000000001,0.1603982623271933,-1,59,30,0.0028619196492482,-0.5799595483191853,AD,1038,3193.381334855252,2346.5410348406594,3192.660907682423,11,12,CA,124,1,BE,0,1,1,1,200.0,0,INTERNET,4.018179188890717,linux,0,1,0,6
0,0.3,0.7566539108530134,-1,111,30,0.0141736393623943,27.53608447313939,AA,1897,2904.6381797942445,3902.500837980009,4290.161660600877,12,19,CA,209,0,BE,1,1,30,0,1000.0,0,INTERNET,10.415194240784157,other,1,1,0,5
0,0.9,0.1739205311041307,-1,108,40,0.0128340613976528,-1.1839963407308651,AB,2500,4163.052754965292,4389.303327308799,4137.151066465113,2,7,CA,191,1,BA,0,1,28,0,200.0,0,INTERNET,2.9574571374732463,windows,1,1,0,5
0,0.4,0.6699786903846273,-1,51,20,0.0009054558816855,100.06050385562584,AA,785,4794.045911400468,3191.8361897352424,4901.401003447477,8,6,CA,134,0,BC,1,0,28,1,200.0,0,INTERNET,2.3378014628013286,other,1,1,0,4
0,0.1,0.2101593472031284,-1,298,30,0.0253169547924807,-0.9725769587528328,AB,2553,9387.976184618285,5467.507604187765,4215.290032010207,13,13,CA,70,0,BE,0,1,5,0,200.0,0,INTERNET,3.638558435460239,other,1,1,0,6
0,0.9,0.8754135779507928,-1,53,30,0.009810192125136,-1.318701084685898,AC,836,6605.721253737856,3106.049156753522,3112.537576985283,0,12,CA,170,0,BC,0,1,-1,0,200.0,0,INTERNET,6.066908390372237,other,0,1,0,7
0,0.1,0.7447916554452714,-1,362,50,0.0001805742582809,106.39396793590863,AA,1162,4697.184423976811,4892.776420604226,5314.286136977098,14,5,CE,106,0,BE,0,1,19,0,200.0,0,INTERNET,3.334418201644097,other,1,1,0,3
0,0.7000000000000001,0.1492215804779694,41,4,30,7.111837824800111,11.16395334949986,AA,373,4260.253065946935,3684.675838809533,4828.067474930201,9,16,CA,146,0,BC,0,1,29,0,200.0,0,INTERNET,2.346388871126736,linux,1,1,0,6
0,0.6000000000000001,0.3089034505514065,-1,46,30,0.0249034866496204,-0.8069485804507122,AB,1190,9397.510307142344,6273.8586785400375,6404.788706325779,1811,14,CA,92,1,BE,0,1,1,0,200.0,0,INTERNET,3.5213732087795546,x11,0,1,0,5
0,0.7000000000000001,0.1386081121112965,-1,33,40,0.000824554827623,21.42682007486957,AA,5893,9036.98395334512,6907.330764046053,5357.733585369409,40,14,CB,136,1,BC,0,1,28,1,500.0,0,INTERNET,6.278780757761066,macintosh,0,1,0,0
0,0.2,0.5737889591310956,-1,74,30,0.0345587568504521,-1.108368790146142,AB,1146,10340.93808387342,7869.8268724833,5586.573495493472,838,25,CB,41,1,BE,0,1,30,0,200.0,0,INTERNET,11.696533208847786,windows,1,1,0,1
0,0.1,0.8881435908635832,-1,64,20,0.0083409642803011,-0.8528919827300023,AB,2048,9730.865184274013,5552.798248141715,5997.832844770177,11,10,CA,236,1,BD,0,1,19,0,1500.0,0,INTERNET,10.322605544234673,windows,1,1,0,0
0,0.3,0.7910341737727957,-1,215,10,0.0201441059584338,-0.7898184372925816,AC,4071,5513.635616719757,3470.7284615332987,5056.360559079633,1432,3,CA,93,0,BE,1,1,25,0,200.0,0,INTERNET,2.1326295450116657,linux,0,1,0,4
0,0.8,0.1012258007469177,-1,197,30,0.0298677574850114,-1.304792968164075,AB,1656,8024.202153221913,5687.261084216792,4795.39116200326,4,7,CB,127,0,BA,0,1,1,0,200.0,0,INTERNET,4.042571243508888,other,0,1,0,3
0,0.7000000000000001,0.5602468228393199,48,1,30,0.0241719204464887,-1.0643707603253412,AB,677,3697.480930654585,3357.7660007557533,4829.44959390879,12,26,CA,123,1,BB,0,1,1,0,1000.0,0,INTERNET,8.991237654812295,other,0,1,0,4
0,0.2,0.1466370651460863,-1,39,40,0.0576145891070587,-1.501291118253106,AB,1758,5936.994428633313,5347.103038483774,4977.758688041854,7,13,CB,176,0,BC,1,1,1,0,1000.0,0,INTERNET,4.082981448224946,macintosh,1,1,0,3
0,0.4,0.2184361815102529,-1,22,30,0.0321927484287062,-1.2752235264363967,AC,1623,5758.731687147663,3707.965171918501,5589.481526924791,0,15,CE,87,1,BB,0,1,-1,0,200.0,0,INTERNET,3.887626557893128,linux,1,1,0,2
0,0.3,0.6453655405059744,-1,331,20,0.0216508022569355,-0.4533767831252785,AD,573,4484.972868171438,3573.041478737204,4185.521869093047,10,8,CA,151,0,BA,0,1,11,0,500.0,0,INTERNET,3.828412200132704,windows,1,1,0,5
0,0.2,0.0855721163645529,-1,45,30,0.0333020957903457,-1.779821818621566,AB,796,3720.353078380642,4791.548896642269,3108.2613041539785,12,12,CA,92,1,BB,0,1,28,1,200.0,0,INTERNET,11.797958709988391,linux,1,1,0,7
0,0.1,0.1053124968486015,27,12,20,0.0268878385129812,21.21609917619281,AA,1560,9895.71420765524,5691.06190616657,4606.48585125407,39,23,CA,221,0,BE,0,1,15,1,1500.0,0,INTERNET,0.7347676281926435,other,0,1,0,3
0,0.2,0.1406375144927238,-1,163,30,0.0173785303901336,-1.0525346014029138,AB,936,9586.750005532387,5256.436278490429,5307.833012707211,34,5,CA,38,0,BE,0,1,30,0,200.0,0,INTERNET,3.4433960198387887,other,1,1,0,1
0,0.1,0.8651257926679986,54,8,20,0.0181133026499848,-1.0067783278160936,AB,589,7168.049547703748,4960.2609331052745,5152.819150019626,10,15,CA,241,0,BC,0,1,29,0,1000.0,0,INTERNET,10.009300590167388,windows,1,1,0,3
0,0.1,0.0957052742105896,-1,111,40,0.0158672165939056,-1.463800535131098,AC,2149,1760.8767109013556,4872.6618671914175,4372.864392869035,0,13,CF,130,1,BB,0,0,-1,0,200.0,0,INTERNET,1.7500642842099043,linux,1,1,0,5
0,0.8,0.804995580988966,-1,125,50,0.0012159413761152,28.20255765236118,AA,564,9504.014215661362,2725.3503905188268,3905.543434576081,1,11,CA,272,1,BA,1,1,1,1,1000.0,0,INTERNET,9.009778543358085,windows,1,1,0,6
0,0.8,0.089042115065896,-1,11,30,0.0380589882710979,32.58990744997202,AA,1608,8266.224208150014,6951.6053340098215,6791.619857995263,19,12,CA,88,0,BC,0,1,1,0,1000.0,0,INTERNET,6.519717164084852,other,0,1,0,0
0,0.6000000000000001,0.3058165508495817,11,2,40,0.0133329168711025,-0.9114277881722924,AB,555,4420.069698756277,2563.471791422203,3068.4487229142687,12,6,CA,170,0,BC,0,1,3,0,990.0,0,INTERNET,1.0606132460103872,linux,1,1,0,7
0,0.7000000000000001,0.907092957876658,-1,50,30,0.0055588129804514,-0.5269185364639153,AC,1273,5805.472277396408,4546.189061608141,5122.976452584479,1,9,CA,132,0,BA,1,1,-1,1,500.0,1,INTERNET,4.088370371786663,windows,1,1,0,4
0,0.4,0.1371117479751591,30,6,40,0.0054711393235603,-1.1909496481769362,AC,785,10149.7666698071,5681.1712200697375,4888.986467832315,0,2,CA,162,1,BC,0,1,-1,0,500.0,0,INTERNET,12.926187053534438,windows,0,1,0,4
0,0.8,0.1660364285904933,-1,51,50,0.0214117351924109,-1.7845194541622902,AD,1210,7911.702757301501,4032.882900932762,4368.33812648544,3,7,CA,73,1,BC,0,1,5,0,200.0,0,INTERNET,4.659921802743264,windows,0,1,0,4
0,0.6000000000000001,0.8929642426966253,-1,87,30,0.011424955604357,-1.0771342540193949,AC,1110,6903.264743750607,4994.13727081741,4371.141061694912,0,9,CA,275,0,BA,0,1,-1,0,1000.0,0,INTERNET,2.6193981565945026,other,1,1,0,5
0,0.1,0.9252541566082172,-1,47,30,0.0200464956275142,-0.9423133522847889,AC,2911,6483.633707371208,4231.850009262853,5073.6857865353,0,14,CA,328,1,BA,1,1,-1,1,1000.0,0,INTERNET,3.862207844873371,other,1,1,0,3
0,0.1,0.3391239744774494,-1,389,30,0.0182233018719445,-0.8035291679546377,AC,2611,5536.245639291671,5753.780353087164,4882.624120308024,0,8,CA,161,0,BA,0,1,-1,0,1500.0,0,INTERNET,2.0705046662197955,linux,1,1,0,3
0,0.1,0.4474363395838149,-1,72,30,0.0080315668726955,-0.964214481111105,AD,674,4034.251504614112,3258.594030102568,5512.6580891839,8,17,CA,79,1,BC,0,1,2,0,200.0,0,INTERNET,8.315418526854426,windows,0,1,0,1
0,0.4,0.8486933414075162,25,6,20,0.0172727224345333,-0.392474986423919,AB,869,1334.3773326581736,3799.192161670343,5165.265490593828,931,7,CC,142,1,BB,0,1,1,0,200.0,0,INTERNET,5.237856621442085,linux,1,1,0,2
0,0.8,0.6563411192872208,-1,191,40,0.023377801972905,24.44956086930405,AA,1804,9711.529174570329,5479.165439839988,5064.461970288255,741,7,CA,168,1,BC,1,1,1,1,510.0,0,INTERNET,7.121871463094733,windows,0,1,0,1
0,0.9,0.7115273560080827,-1,136,40,0.0054825252407505,-0.5325208702691284,AB,1116,8327.894554970673,5301.463517758497,6246.630247911772,16,9,CA,248,1,BA,0,1,25,0,1500.0,0,INTERNET,5.479687050827552,other,0,1,0,0
0,0.5,0.3781894471863753,48,11,30,0.0131013855758013,5.259607573483218,AA,598,4013.009195240417,4347.318356749217,4949.737402212922,16,11,CA,103,0,BC,0,1,15,0,200.0,0,INTERNET,1.2462009539653387,other,1,1,0,4
0,0.8,0.8445035183174843,-1,136,50,0.0019980912886912,-0.8266866845611685,AB,1436,5909.528468019824,5686.296216626165,6795.206355467592,14,13,CA,185,0,BA,1,0,9,0,1500.0,0,INTERNET,2.1787293675445323,windows,0,1,0,4
0,0.5,0.4611579441662185,-1,109,40,0.0204824831762612,-1.0194816883853537,AD,3365,5075.670915311915,2927.271704155187,5079.183078502536,42,3,CB,189,1,BC,1,1,1,0,1000.0,0,INTERNET,22.57844528345943,linux,0,1,0,2
0,0.8,0.3216227929696979,-1,36,50,0.0117933871889089,-1.0874970060540656,AB,526,3152.9363231395555,3731.367564509945,4251.860301969228,25,8,CA,234,1,BB,1,0,5,1,1000.0,0,INTERNET,9.393644068906315,windows,1,1,0,5
0,0.9,0.8835543006119103,11,2,40,0.010018658566599,-1.1573538217885182,AC,1801,12907.589432225031,4262.918645198689,5963.176593220031,1,15,CB,157,1,BC,1,1,-1,0,200.0,0,INTERNET,17.408107703920585,other,0,1,0,0
0,0.8,0.2837041236854194,-1,43,70,0.0255301664565719,1.396889766083696,AA,1161,6405.834316400609,5206.069304729712,4328.402582594237,10,11,CA,160,1,BC,0,1,5,1,500.0,0,INTERNET,10.586341825672976,other,0,1,0,6
0,0.2,0.2835169149268504,-1,124,40,0.0131269628916376,-0.9919344564703908,AC,2414,2461.6452392570927,2949.860922366512,4388.979333830554,0,8,CF,94,1,BB,0,1,-1,0,200.0,0,INTERNET,28.53527949302352,other,1,1,0,6
0,0.9,0.1387682310507046,-1,356,40,0.0130383620166282,-0.4240672129820217,AC,1133,4977.246273130135,2931.7805328772947,5143.27284847528,0,2,CA,165,0,BA,1,0,-1,1,1500.0,0,INTERNET,4.47519373330149,other,0,1,0,3
0,0.9,0.0890383552904966,12,36,40,0.0168779296124838,33.5182407725428,AA,770,6758.466336887679,3622.765945704262,5108.38647924537,59,7,CB,53,1,BC,1,1,15,0,200.0,0,INTERNET,17.075104850232147,linux,1,1,0,3
0,0.5,0.6124190432031059,-1,364,30,0.004447775880977,-0.9085867216243072,AB,1581,6986.798421870493,4066.528735830234,5306.816044532424,11,6,CA,194,0,BB,1,1,28,1,1500.0,0,INTERNET,3.5523457644885337,windows,1,1,0,1
0,0.3,0.68727273059866,-1,37,30,0.0076548820970978,16.968825107822965,AA,2010,1216.0003720732464,4118.3134210477865,5501.668867101434,8,23,CA,98,1,BC,1,1,26,0,200.0,0,INTERNET,1.2265619196849429,other,1,1,0,5
0,0.6000000000000001,0.8808702289033471,-1,47,30,0.0264950666545723,38.60194381355819,AA,565,7068.983397994911,4135.139732856405,5075.964863956026,321,5,CA,55,0,BB,1,1,11,0,200.0,0,INTERNET,5.501986068370449,other,1,1,0,1
0,0.6000000000000001,0.1460673494180511,29,0,30,0.0186544407247248,-1.2455951177282434,AB,730,2022.3938590109087,3480.396052483222,4249.990994191897,32,2,CD,189,1,BB,1,1,1,1,500.0,0,INTERNET,54.71790540489968,macintosh,0,1,0,5
0,0.1,0.2269698617556969,-1,288,20,9.777599919053964,25.16435310554861,AA,2771,7440.782900636746,4713.793058417352,4412.009644770101,2,5,CB,105,0,BE,0,1,21,0,200.0,0,INTERNET,5.978497259485597,other,1,1,0,4
0,0.1,0.9944698770365388,11,21,30,0.0028097369533714,16.268902664570156,AA,1471,6958.581559314138,6771.22784976354,4199.249606067493,1,15,CA,94,0,BC,0,1,20,0,200.0,0,INTERNET,4.174341628210411,windows,0,1,0,4
0,0.9,0.3369183377967561,-1,76,50,0.0182089702184217,-0.7974477470438973,AB,1586,7557.391973119635,5070.425863982398,4846.766168365702,1,10,CA,201,1,BE,0,1,-1,0,1500.0,0,INTERNET,1.6128888023604488,linux,0,1,0,3
0,0.5,0.8057075747272261,-1,11,20,0.0323818168527605,27.367167867194816,AA,719,1892.8555099177247,2213.754216772629,3093.316810121363,8,6,CA,122,1,BC,0,0,28,0,500.0,0,INTERNET,0.9526156683514454,other,1,1,0,7
0,0.9,0.5639988288209665,9,19,40,10.44495203532133,-1.121891133520328,AB,527,5088.38223543435,4906.46705437339,5318.730364616278,14,9,CA,70,0,BC,0,1,20,0,200.0,0,INTERNET,32.67980104527651,macintosh,1,2,0,1
0,0.9,0.3001347297248544,-1,46,40,0.0135464341048962,106.2349524429643,AB,567,1246.4968855624354,3574.5050054528924,4214.865943130184,36,6,CA,196,1,BC,0,1,1,0,1500.0,0,INTERNET,0.8435837065794538,other,1,1,0,1
0,0.6000000000000001,0.0480636586548185,-1,110,50,0.0248161228165904,-1.5602548265205505,AB,932,4043.2078628965296,3276.034556040124,4720.690175265501,23,2,CA,259,0,BA,0,1,25,0,200.0,0,INTERNET,17.2647421689362,windows,0,1,0,3
0,0.7000000000000001,0.7030844546734569,59,10,50,0.0148950910466971,-1.123456481607498,AC,1714,3023.1263702496003,5022.667185540835,5634.363263892914,1644,7,CA,104,0,BB,1,1,-1,0,200.0,0,INTERNET,4.619962202019641,other,1,1,0,1
0,0.8,0.8014404335188471,9,-1,30,0.022591040231436,-1.8521561720467967,AC,1229,8393.956531120084,5779.071414438814,4766.058998782753,0,16,CA,143,1,BC,0,1,-1,1,200.0,1,INTERNET,8.510808982191772,other,0,1,0,3
0,0.3,0.321752113709311,-1,52,30,3.162260209323992,31.7265129845833,AA,2370,8493.63466317289,4381.741582424615,5608.598793931385,35,16,CB,141,0,BE,0,1,11,0,200.0,0,INTERNET,11.551105094790293,other,1,1,0,1
0,0.9,0.997174983058838,-1,116,30,0.029045791153076,-0.901503825777967,AB,1106,3290.708149200186,4935.376276359147,5974.678507960308,17,11,CA,70,1,BE,0,1,15,0,200.0,0,INTERNET,9.745680922445723,linux,0,1,0,1
0,0.9,0.1822570059827809,-1,45,30,0.0022074085457118,-0.9048032871985932,AB,1069,3068.6446609597624,3112.7299798460167,4257.257336705434,1833,12,CA,220,1,BB,1,1,28,0,500.0,1,INTERNET,13.639730075041353,linux,1,1,0,6
0,0.7000000000000001,0.7464910931676502,-1,26,30,0.0041713151384404,-1.3115156745983207,AC,920,7056.954153371036,2826.207587849643,3079.3564265197483,1,8,CA,79,1,BC,0,1,-1,0,200.0,0,INTERNET,9.300614367012829,windows,1,1,0,5
0,0.9,0.8932735230221244,-1,14,20,0.0146972564907551,-0.959657435649305,AC,1842,5543.858433049692,2897.418296636393,5960.308558651188,1,3,CA,136,0,BC,0,1,-1,0,1000.0,0,INTERNET,10.121651768599143,other,0,1,0,2
0,0.9,0.633158103763965,34,17,30,0.0018835101176954,-0.9815470319036368,AB,434,7345.668120613273,6801.310082014666,4249.033608219889,0,10,CA,124,0,BC,0,1,1,0,200.0,0,INTERNET,1.1513043204440292,windows,1,1,0,5
0,0.8,0.2690085349402418,-1,60,40,0.0244663020942441,-1.6602901685144729,AD,1268,7625.635659293485,8394.831606283447,5424.373821746689,7,10,CB,162,0,BB,0,1,1,1,500.0,0,INTERNET,4.679048554083737,windows,0,1,0,1
0,0.1,0.2769834898598388,-1,362,20,0.0119412214876098,-0.9843638748675908,AB,1480,1286.785075832902,5019.924737085451,4934.326054333398,16,18,CA,181,0,BB,0,1,2,0,1500.0,0,INTERNET,7.180748321856271,windows,1,1,0,4
0,0.9,0.1307238452787838,-1,59,50,0.0045327580184915,-1.3660273870460635,AD,817,5841.945652130999,6752.915084149694,5504.5148609961625,1335,4,CA,271,1,BA,0,1,5,0,1000.0,0,INTERNET,16.41770300989582,linux,0,1,0,2
0,0.9,0.3293472458243102,-1,75,40,1.0810706241615184,-1.910922606516391,AC,2426,1806.9028732026115,4533.305523019845,4272.3638411879865,1,6,CA,168,0,BA,0,1,31,0,1000.0,0,INTERNET,4.988333152786127,windows,0,2,0,4
0,0.6000000000000001,0.3294889357049949,-1,191,40,0.0023294448393467,-0.756103735623114,AC,737,11193.77470576475,7533.490176311774,5733.29845446384,1,6,CB,41,1,BA,1,1,-1,0,200.0,0,INTERNET,5.003078267184531,linux,0,1,0,2
0,0.3,0.0819828088781494,52,3,30,0.0172906190679183,-0.7215468214138115,AB,2208,6198.700087349344,3960.077906216859,5617.171182143472,26,14,CA,130,1,BC,0,1,16,0,200.0,0,INTERNET,4.1504893343005085,linux,1,1,0,2
0,0.9,0.0955452972540223,-1,76,40,0.0131535846414835,51.00854195766858,AA,435,1719.5730678685502,1898.4631809343728,3091.313515873255,369,6,CA,270,1,BB,0,1,28,0,500.0,0,INTERNET,8.567621165102931,windows,1,1,0,0
0,0.9,0.3592474048710221,-1,19,30,3.261025585428428,7.394994204256085,AA,1020,2138.13727174158,4368.49166095239,3103.758738527132,0,14,CA,162,1,BC,1,1,21,1,200.0,0,INTERNET,2.674016944812428,macintosh,1,1,0,7
0,0.6000000000000001,0.8613180024778078,-1,83,40,0.0191550948558147,-1.4254070019104987,AB,533,4808.006760881131,4080.830215273335,4324.653888823343,1,5,CA,185,0,BB,0,1,28,0,200.0,0,INTERNET,37.21324833716468,other,1,1,0,4
0,0.4,0.3156822258049304,-1,87,20,0.0250210339788166,-1.3174426966004729,AC,3388,5494.355406710894,4970.731896023766,5209.101567739701,1,19,CA,79,1,BB,1,1,-1,0,200.0,0,INTERNET,4.705235704140863,linux,1,1,0,2
0,0.2,0.4223005111170747,82,10,20,9.35489774345229,4.402524793588242,AA,1535,7926.102839179069,6780.130323651156,5479.852772554308,2,12,CA,191,0,BA,0,1,1,0,500.0,0,INTERNET,1.3834513192591575,other,1,1,0,2
0,0.9,0.2432242551508193,-1,268,30,0.0143897876786168,-0.9056532768354344,AB,1082,7064.825021340428,5281.454035377938,4444.123091212884,899,15,CB,130,1,BE,0,1,31,0,200.0,0,INTERNET,6.12167774716233,windows,0,1,0,4
0,0.7000000000000001,0.2744132383360163,-1,65,40,0.0169751395803712,-1.1396226345411062,AB,518,2379.287827067044,3046.5463239983924,3098.792347204579,175,4,CA,115,0,BA,1,0,1,0,200.0,0,INTERNET,10.729351324586435,other,1,1,0,7
0,0.7000000000000001,0.5303937686089516,-1,21,40,0.0299526735268798,-1.4863732118014767,AB,775,2740.746266383739,2647.350719931898,3117.140560742182,7,4,CA,111,1,BA,1,1,9,1,200.0,0,INTERNET,1.7296309295188252,windows,0,1,0,7
0,0.3,0.4207042430864408,-1,5,30,0.0247808303243405,-1.1822637738518569,AB,1040,6179.093668458488,3468.10455242401,4753.598493130266,7,22,CA,213,0,BC,0,1,1,1,1000.0,0,INTERNET,9.563577616839911,other,0,1,0,3
0,0.9,0.1650255138767741,34,2,40,0.0048108244267756,49.79780810825032,AA,1436,2726.715682413199,4443.942337321818,4780.771800871223,15,11,CA,241,0,BA,0,1,30,0,500.0,0,INTERNET,2.650613544438672,windows,0,1,0,4
0,0.9,0.0134333034657619,31,2,30,0.01247140189749,-1.2067259264967625,AB,1357,2728.0663668751204,4006.339275141426,4272.695571649973,604,19,CA,119,1,BC,1,1,15,0,200.0,0,INTERNET,3.704399697959051,linux,0,1,0,4
0,0.3,0.6136132695646411,-1,202,20,9.003317055356712,34.690664097448895,AA,1199,6110.355399564718,6178.754453597853,4444.436913725876,1976,4,CG,56,0,BE,1,1,19,0,200.0,0,INTERNET,1.3320017451907051,other,1,1,0,4
0,0.7000000000000001,0.3868359406417474,31,9,30,0.0041679166859822,-1.2253589320174083,AC,1404,11497.224690841673,7253.505454737053,5083.250309730707,1,11,CA,187,1,BC,0,1,-1,0,500.0,0,INTERNET,8.298710137468548,other,1,1,0,2
0,0.8,0.4915456177588594,25,12,30,0.0309980193951755,-1.2145281701976596,AC,1697,8984.550872194532,7253.031704302685,5538.64375891776,7,6,CA,132,0,BC,0,1,28,1,500.0,0,INTERNET,2.2584992886850737,macintosh,0,1,0,2
0,0.4,0.8839085869381336,-1,72,50,0.0147902030337461,3.817431688796976,AA,557,5456.47149565554,3822.7268848241993,4369.209646669908,1506,3,CB,238,0,BC,1,1,30,1,200.0,0,INTERNET,7.959670778424147,windows,1,1,0,3
0,0.9,0.5367276561264083,-1,89,30,0.0093415557168126,-0.3030590350627964,AB,561,1769.8293646577054,1562.233734638446,3129.071160999523,2019,4,CA,147,0,BC,0,1,5,0,1000.0,0,INTERNET,2.740013708033473,linux,0,1,0,7
0,0.9,0.4087398185004607,-1,192,50,0.0116706330489888,31.15334296695609,AA,3732,6802.317569842161,5682.239647948571,4789.024180053785,8,2,CA,165,0,BC,0,1,1,0,500.0,0,INTERNET,3.9159522928226966,windows,0,1,0,3
0,0.9,0.4678422891675147,-1,115,30,0.0014008040636501,-0.9933177165501732,AC,2077,1537.823694818735,2837.633622998213,4837.689446965378,1,9,CA,244,0,BA,0,1,-1,1,1500.0,0,INTERNET,3.3981348354710583,other,1,1,0,3
0,0.5,0.1788967996580569,-1,190,30,0.0367866445331398,-0.7725436446126008,AB,1027,2296.7402131193744,3502.6566512040868,4321.602080459323,17,5,CA,93,0,BB,1,1,21,0,200.0,0,INTERNET,4.742016813271379,windows,1,1,0,4
0,0.9,0.5582892916781451,-1,33,40,0.0301379134374132,-0.9109537046313378,AD,1227,3359.466292768443,2924.4552225106268,3688.6369000305713,14,11,CA,213,1,BA,1,1,1,0,500.0,0,INTERNET,14.88527902305396,linux,1,1,0,7
0,0.7000000000000001,0.5376641982308644,-1,26,30,0.0085702694942871,-1.778284508425911,AD,1114,1765.4114725492068,3303.571901319875,4433.27787008634,32,8,CF,141,1,BC,1,0,26,1,200.0,0,INTERNET,4.1241515378488565,other,1,1,0,5
0,0.9,0.3849901833111093,-1,108,40,0.0126371015147744,-1.0523316852875664,AC,2025,8471.249309983206,7362.180465193964,4941.003606145091,0,22,CB,158,1,BA,0,1,-1,0,500.0,0,TELEAPP,4.61207822056909,other,0,1,0,3
0,0.9,0.1547014264908355,28,2,20,0.0166764831903231,-0.7266261174298363,AB,740,3758.0950057459263,3666.405010552544,4251.374590733217,10,14,CA,169,0,BB,0,1,15,0,500.0,0,INTERNET,8.294101635877576,other,1,1,0,6
0,0.2,0.4154702089226932,45,2,40,28.090335759617552,-1.3182529939064809,AC,2679,4327.081149567784,2812.838948892784,3054.03030380283,2,9,CB,48,1,BD,0,1,-1,0,200.0,0,INTERNET,5.990221272328378,linux,0,1,0,7
0,0.8,0.280023486521997,-1,55,20,0.0406041672453715,-0.5043193683564697,AD,3072,9914.082473665418,5161.595058570651,6362.4128281092335,841,14,CA,142,0,BC,1,0,1,0,500.0,0,INTERNET,17.290247500301962,linux,0,1,0,3
0,0.4,0.26242508329817,-1,257,40,2.692182996115968,-0.948176145999485,AC,918,4140.734323418023,6009.633290293621,5639.781641419253,1,4,CA,46,0,BB,0,1,-1,0,200.0,0,INTERNET,11.805997495115411,other,1,1,0,2
0,0.1,0.4541277645041256,-1,77,20,0.6514316487823179,-1.5283875170856014,AA,2290,2931.847188740414,3667.9045324040367,5469.458230459914,2,20,CB,25,1,BE,1,1,31,0,200.0,0,INTERNET,11.507960253688708,windows,1,1,0,1
0,0.7000000000000001,0.3682306887940773,48,3,40,11.490386859776356,-1.374962330186811,AC,2285,1188.5808116691887,7655.15234351722,5570.4663372687855,0,13,CA,30,0,BC,0,1,-1,0,200.0,0,INTERNET,9.968174372888551,linux,0,1,0,1
0,0.9,0.7538583621903084,-1,138,40,0.0336135279041446,-1.4934415844234354,AB,622,5659.211507823253,4077.343849824617,4412.38345553105,1,6,CA,154,0,BC,1,1,-1,0,200.0,0,INTERNET,3.6893837642075273,linux,0,1,0,6
0,0.8,0.7410448298488943,54,15,30,0.0185518458890818,-0.8361828786046392,AC,1535,3439.975484254707,3199.1061345970043,5071.548613573772,0,4,CA,138,0,BC,0,1,-1,0,500.0,0,INTERNET,16.481868011430993,other,0,1,0,4
0,0.8,0.186020452339599,-1,194,40,7.454680821339005,51.33512162909842,AA,3146,4485.32497040704,5680.252320252954,4373.738052417129,2,5,CA,68,1,BA,0,1,25,0,200.0,0,INTERNET,4.451559929133038,linux,0,1,0,4
0,0.5,0.9938209660151504,12,3,50,0.0007948597579796,-1.1888936481944536,AB,2859,7260.357894626706,5753.442832672059,6717.0548334666455,11,8,CC,66,0,BB,0,1,28,0,200.0,0,INTERNET,23.341225735882063,windows,1,1,0,0
0,0.1,0.9188549803065204,-1,33,40,0.0429170647426405,-0.7506727669006508,AB,1023,2485.3204333224826,5125.744903810623,5740.403689656843,863,5,CA,-29,1,BC,0,1,28,1,1000.0,0,INTERNET,13.765856010836847,other,0,1,0,2
0,0.6000000000000001,0.3554678587512757,-1,51,20,0.0187783904667347,-0.927993755611678,AC,1148,6089.957881360179,4214.763179832497,4316.56035039313,0,11,CA,167,0,BA,0,1,-1,0,200.0,0,INTERNET,5.223288212686163,other,1,1,0,5
0,0.9,0.7348748714587308,-1,181,30,0.0095710773658695,20.89187382407148,AA,4272,5785.3986539938505,6015.557774880687,4835.57354567625,27,16,CA,184,1,BA,0,1,1,0,1500.0,0,INTERNET,3.81616728122084,other,1,1,0,0
0,0.4,0.1334445008982811,30,15,20,0.0181862600335673,19.581030042106303,AC,2528,9121.256854935178,7090.779723830684,5547.553094544233,1,19,CA,143,0,BC,0,1,-1,0,1000.0,0,INTERNET,3.5752830592876643,windows,1,1,0,1
0,0.5,0.3889289665088876,25,0,20,0.0161162785362116,-1.1153166962078365,AC,1270,3542.1604800953387,3550.6764642912144,5573.097578356129,1369,15,CA,109,0,BB,0,1,-1,1,200.0,0,INTERNET,2.374900071178992,other,1,1,0,1
0,0.2,0.8803791867338289,-1,83,20,0.0255472605754302,-1.1107854726131516,AC,884,4530.415695988299,1898.2998628618527,3114.511277305387,0,6,CA,101,1,BE,0,1,-1,0,200.0,0,INTERNET,4.833944171424752,other,1,1,0,7
0,0.8,0.1298232920887314,31,4,40,0.020685554453189,-0.8482339162520031,AB,2497,3774.128463780308,3831.8970053022,5118.562276517889,14,6,CA,71,0,BB,1,1,21,0,200.0,0,INTERNET,2.78334646201159,linux,1,1,0,3
0,0.6000000000000001,0.0616054812976592,-1,96,20,0.0178179412390565,-2.9979355789019344,AA,1528,9073.020476433963,5456.322146954023,5107.382181837621,1351,3,CA,172,1,BE,0,1,20,0,200.0,0,INTERNET,1.5600055299915283,other,0,1,0,2
0,0.9,0.3974538215023644,-1,48,30,0.0137785910905406,99.93718357179448,AA,2355,7984.507384180351,4794.6706752854025,5370.120769914859,648,7,CA,73,0,BC,1,1,22,0,200.0,0,INTERNET,3.733795846137241,linux,1,1,0,2
0,0.2,0.4834697200292821,-1,27,40,0.030359876682454,-1.144017871000088,AB,741,5329.227434520207,2878.868897451296,5042.243224796644,19,12,CA,91,1,BB,0,1,15,0,200.0,0,INTERNET,3.2576403366431426,windows,1,1,0,3
0,0.7000000000000001,0.9948731053800292,-1,273,40,0.0174890399155475,31.89338071599135,AA,2858,3554.7904783858985,3374.653903223225,4147.727760570668,5,4,CA,191,0,BA,0,1,28,0,1000.0,0,INTERNET,11.624689063037511,linux,0,1,0,6
0,0.7000000000000001,0.0622115958346225,46,0,40,0.675053137590009,24.41142894009772,AA,1792,859.7601227673033,2705.36176368281,5177.859216839071,41,12,CA,96,1,BC,1,1,28,0,200.0,0,INTERNET,12.524851151967866,other,1,1,0,2
0,0.7000000000000001,0.1726996373738538,59,18,30,0.0164568788140437,-1.1813469841065751,AC,1998,6631.09885425467,4147.527078087486,5182.868551240782,0,14,CA,87,1,BC,0,1,-1,0,200.0,0,INTERNET,5.515906310884877,linux,1,1,0,1
0,0.8,0.7205489785096046,-1,50,30,0.0183080394728585,-1.5433351804664204,AB,1062,3023.9636086509204,1778.1065099787986,3115.236219227036,1408,6,CA,226,1,BB,0,1,31,0,1000.0,0,INTERNET,7.588076478470128,windows,1,1,0,7
0,0.3,0.1496601191633225,-1,100,50,0.0015550497684528,5.351641865742781,AA,1198,3994.129795562495,5513.438457206609,4917.555559416562,2,4,CA,175,0,BA,1,1,20,0,500.0,1,INTERNET,12.5330402966484,windows,0,1,0,3
0,0.6000000000000001,0.99878863630573,-1,241,50,0.0067411237885643,-0.2736134217528783,AC,1182,4241.306747512719,3542.8260756383334,3052.07569343837,0,2,CC,121,1,BD,1,1,-1,0,200.0,0,INTERNET,2.7045100545455547,windows,0,1,0,7
0,0.9,0.7462566312669217,43,28,20,0.0183046410204003,23.22642456326168,AA,499,8063.742098220564,6240.644565398249,5567.722839327126,547,16,CB,58,0,BC,0,1,11,0,200.0,0,INTERNET,14.725412401145382,other,1,1,0,2
0,0.4,0.4657854697502471,53,5,20,4.865426859998019,-1.8581127559825283,AB,1635,10186.646452579818,6048.432982415782,5007.66678748561,11,14,CA,124,1,BC,1,1,28,0,200.0,0,INTERNET,2.47483709485454,linux,0,1,0,3
0,0.6000000000000001,0.7874181164034191,95,188,40,0.0111446287583757,-0.7064024602412691,AB,1058,2800.576411726493,5303.836056414861,4867.97774192072,17,8,CA,252,1,BA,0,1,28,0,1500.0,0,INTERNET,4.065313692482333,macintosh,1,1,0,3
0,0.8,0.3771947956860529,-1,310,20,0.0043364106795576,-0.8229844726125518,AB,1959,4553.881731347154,4831.223809914915,4424.414646409908,1956,17,CA,198,1,BE,0,1,30,0,1000.0,0,INTERNET,2.215562871417399,windows,1,1,0,4
0,0.2,0.8711104040007983,-1,91,40,0.0132893594459477,-1.618973029541272,AB,2683,10662.834965926464,7015.413131925279,5719.012142394331,2,13,CA,11,1,BB,0,1,-1,0,200.0,0,INTERNET,5.501876204039244,windows,0,1,0,1
0,0.5,0.5963935945180494,24,2,40,0.0306579338466477,-0.5087973177160385,AC,114,1774.556375241431,3366.0518210707173,3064.270464423684,0,8,CA,184,1,BA,0,1,-1,0,2000.0,0,INTERNET,2.5136862850132125,windows,1,1,0,7
0,0.2,0.3722906899332267,-1,205,20,0.0156540259478363,-0.2042517123749204,AB,2635,2539.445132320365,3020.473085230331,4838.403949181922,34,7,CA,181,0,BE,0,1,25,0,990.0,0,INTERNET,4.048748090992598,other,1,1,0,4
0,0.1,0.8222456258652733,-1,152,30,0.0312295280556839,16.400180244190118,AA,2656,6161.011476983304,3811.701876888381,6692.717144333679,1666,11,CA,154,0,BC,0,1,1,1,1500.0,0,INTERNET,7.396475238756144,other,1,1,0,0
0,0.9,0.7445072569179314,9,7,40,0.027458888466374,-1.1216031568072424,AB,1116,581.6782792148667,4402.3275372388935,4850.025980989786,21,2,CA,210,0,BB,1,1,28,1,1500.0,0,INTERNET,5.205318013127641,other,0,1,0,4
0,0.5,0.7568615330906995,-1,134,30,0.0211581274864531,-1.1450686867975337,AC,1880,7919.465686500729,3094.712623873155,5300.257731842105,1,13,CA,38,1,BC,1,1,-1,0,200.0,0,INTERNET,21.805810374542656,windows,0,1,0,1
0,0.2,0.3836995954115369,190,62,20,2.1966676508916496,-0.1553325619332696,AC,1246,13388.645992464915,6950.9224520999305,5534.037060524608,1,8,CA,67,0,BC,0,1,-1,0,200.0,0,INTERNET,28.37333570799539,windows,1,1,0,2
0,0.9,0.2168838809868861,-1,36,30,0.0083628814390228,-0.8372883021740075,AC,946,3892.063249945251,2815.870014124571,3675.235710355452,1,7,CA,139,0,BC,1,1,-1,0,200.0,0,INTERNET,4.4479093784069565,windows,1,1,0,6
0,0.5,0.7779873349833285,-1,110,20,0.049659520048167,-0.7898430460894506,AC,862,1707.5481182846606,2124.995760545885,3682.746300544937,0,8,CA,108,0,BE,1,1,-1,0,200.0,0,INTERNET,5.823423973072032,other,1,1,0,6
0,0.9,0.7848691135347808,-1,78,40,0.0397029791387216,-1.1437704046698258,AB,1042,3409.407953157217,3537.2995047062595,3985.851515864677,9,3,CA,127,1,BC,1,1,11,1,200.0,0,INTERNET,1.4517781925058144,other,1,1,0,6
0,0.4,0.8054161968512148,-1,66,30,0.0225787446886462,-0.7225761997666259,AD,3285,4325.782004871378,4124.460799343156,5187.155885382937,10,12,CA,77,0,BE,0,1,26,0,200.0,0,INTERNET,1.866339022146149,windows,0,1,0,2
0,0.4,0.8824240753314221,30,5,20,0.0243241901439568,-0.8427025400523336,AB,714,3030.584626617509,5149.999244056012,5585.020441351433,0,18,CA,115,1,BB,0,1,30,0,200.0,0,INTERNET,7.0588979552246425,linux,0,1,0,1
0,0.1,0.8629007951221178,-1,34,30,0.0195844186710143,15.005201873703124,AA,1512,2767.2645929336586,7213.695472354183,4862.753804049027,4,15,CA,204,1,BC,1,1,28,0,500.0,0,INTERNET,5.530753636467834,macintosh,0,1,0,4
0,0.1,0.6535499149229779,-1,79,20,21.884905462769407,-0.9053187832207994,AC,2092,4258.914074933514,4945.147407669233,5271.931639232955,0,8,CA,118,1,BE,0,1,-1,0,200.0,1,INTERNET,7.314610348466156,windows,1,1,0,4
0,0.2,0.5736162203866897,-1,47,20,0.0022214342354745,-0.990911150472678,AB,591,5480.012382742928,6509.01276949276,5337.192800616447,12,15,CA,220,1,BE,0,1,28,1,1500.0,0,INTERNET,3.5908012954027293,linux,1,1,0,1
0,0.7000000000000001,0.7073453461737965,-1,114,30,0.015554466811813,-0.7192995765645877,AD,2453,11287.317639597555,7657.515912639423,6054.232928998486,2,7,CB,-4,0,BE,0,1,15,0,200.0,0,INTERNET,4.731710979239846,other,1,1,0,1
0,0.3,0.4710239643371674,-1,46,40,0.023232574929532,-1.2438515239566492,AB,1127,2554.791462713455,3133.9068530128607,3051.5314406129582,12,4,CD,130,0,BB,0,1,6,0,200.0,0,INTERNET,9.62218615796999,macintosh,0,1,0,7
0,0.8,0.6101382985731585,-1,57,20,0.0038982716230538,-0.3025062112161957,AD,2621,3408.849543631259,3590.770652520445,4947.622760376871,1,12,CA,103,0,BE,0,1,31,0,200.0,0,INTERNET,1.8216953867056225,windows,1,1,0,4
0,0.1,0.5819536779551572,-1,44,30,0.0051057335460412,20.608874696892293,AA,3266,10638.849306965509,7436.7707214033935,4381.685431737364,1258,12,CA,84,0,BE,1,1,16,0,200.0,0,INTERNET,4.694989447259244,linux,0,1,0,5
0,0.1,0.0594265487004048,-1,4,20,0.0258399801826875,-1.219014860386717,AB,1771,7935.164782871298,6462.361108891166,5441.5147301541465,2,15,CD,102,0,BB,0,1,26,0,200.0,0,INTERNET,13.565336373906153,windows,0,1,0,1
0,0.4,0.2365315485596033,-1,27,20,0.0252665147735513,-0.6363181308007921,AB,1112,14911.252836545287,8206.669943985919,5175.948100063415,14,5,CB,182,0,BC,0,1,31,0,200.0,0,INTERNET,8.369111677557765,other,0,1,0,2
0,0.6000000000000001,0.5315954148009874,-1,219,40,0.0165479870885071,-0.7044287585302824,AC,932,5767.17767898404,3251.3478156703886,4955.424802596114,0,7,CF,132,1,BB,1,1,-1,0,200.0,0,INTERNET,1.2295856726644054,other,1,1,0,4
0,0.3,0.6394826542828158,-1,125,40,0.0034131819434425,-0.855169383440963,AB,875,3674.7527956419617,3351.3617822789693,4367.207472807641,1455,11,CA,233,0,BE,0,1,25,0,200.0,0,INTERNET,1.5662353819523362,other,1,1,0,5
0,0.9,0.4076524281492629,-1,19,40,0.0315932950439218,-1.1430646499257435,AB,1211,6574.161069753182,4013.04800760606,5052.873668675215,49,6,CA,122,1,BB,1,1,1,0,200.0,0,INTERNET,5.009030825575652,linux,0,1,0,3
0,0.8,0.4261890767038594,55,11,40,13.792176484482903,50.2253909657946,AA,976,2458.482844019701,4348.322909846523,4885.696326733125,1682,10,CF,68,1,BB,0,1,1,0,200.0,0,INTERNET,12.588274731568813,windows,1,1,0,3
0,0.4,0.8745688442955721,153,11,20,0.0021315185417904,-1.500828168063558,AD,1247,8154.862505229804,7132.241335894279,5542.98555779224,7,8,CA,173,0,BE,0,1,25,0,1500.0,0,INTERNET,14.969139927925792,linux,0,1,0,1
0,0.9,0.2623771317927777,-1,135,30,0.021649554109791,-1.3404108845990352,AC,742,4679.655733337423,2780.381230099323,4265.585428136229,0,11,CA,114,1,BE,1,1,-1,0,200.0,0,INTERNET,10.52871766110598,other,0,2,0,6
0,0.4,0.0739027515514234,-1,57,30,0.0084284835355701,50.078046988495295,AA,2173,8015.566238059784,3833.0429942775904,6327.815898297949,7,6,CB,58,1,BC,0,1,20,0,200.0,0,INTERNET,3.944951044663517,windows,1,1,0,0
0,0.8,0.1675729969590079,93,11,30,1.2890339116350973,52.7628442033897,AA,1180,3132.2230873735907,6264.768332985013,4205.124542474088,1496,3,CA,237,1,BA,1,1,28,1,1500.0,0,INTERNET,3.5884177950364924,other,1,1,0,6
0,0.1,0.0613148064196717,119,4,30,0.0052286384498488,-1.0282344146475095,AB,946,8359.608256846659,5616.7391716018665,5831.898161462725,26,14,CF,66,1,BC,0,1,31,0,200.0,1,INTERNET,11.03791582677104,windows,1,1,0,0
0,0.9,0.0423337418067899,-1,26,30,0.0176285478440488,12.878654131229082,AA,1004,5156.626364718042,3861.001278110089,4877.513866812442,1,4,CB,94,0,BC,0,1,15,0,200.0,0,INTERNET,3.7021146650625263,other,1,1,0,3
0,0.8,0.5298282335032722,48,10,20,0.0160561136402432,-1.19393728610864,AC,1008,9609.951531224047,5917.8598750240535,4769.479971103101,0,9,CA,90,0,BE,0,1,-1,0,200.0,0,INTERNET,2.1107720812029687,other,1,1,0,0
0,0.8,0.0207594375126053,-1,109,40,0.0091412919625744,-0.9844000428511496,AC,716,3146.081906722952,2683.0103940683857,3056.540919520637,0,7,CA,235,0,BA,0,1,-1,0,1000.0,0,INTERNET,1.496507678556294,other,1,1,0,7
0,0.4,0.1117865649988658,-1,26,30,2.384586174183564,31.630933022573863,AA,701,9791.172850369208,7085.115784551927,5318.4971486771865,8,12,CB,144,1,BA,0,1,15,0,200.0,0,INTERNET,66.65125554270236,linux,1,1,0,1
0,0.4,0.0218541161546759,103,210,20,0.0085629372259674,50.31430617616022,AA,1229,9304.211008518309,7130.003399471693,5423.532138712849,44,12,CA,97,1,BE,1,1,4,0,1000.0,0,INTERNET,3.0306100966264045,linux,1,1,0,1
0,0.2,0.7118060358393647,-1,287,20,0.0096078799221517,-0.7539176317555459,AB,988,3706.132471839429,5461.982846973321,4262.4593491203705,1454,15,CA,100,0,BE,1,0,1,0,200.0,0,INTERNET,1.1351279427653411,other,1,1,0,5
0,0.9,0.2141733068205444,-1,80,30,0.0390839207898518,-0.3268243642983667,AD,1800,4547.434641555821,4127.15682958486,5037.289091676086,1344,4,CA,187,1,BA,1,1,1,0,200.0,0,INTERNET,2.599326182002299,other,0,1,0,4
0,0.7000000000000001,0.9952987438216294,61,28,30,0.0037146765748275,-0.8393111878601569,AD,1830,10628.76042129028,6173.372659097294,5957.073474221046,566,15,CA,200,1,BB,1,1,6,1,200.0,0,INTERNET,5.985972970336968,linux,1,1,0,0
0,0.6000000000000001,0.8771199883796325,31,0,50,0.0170011130050811,-2.0189867814064235,AB,1312,7511.286239246045,3675.000593603306,4371.998282569607,27,6,CA,97,0,BC,0,1,20,0,200.0,0,INTERNET,10.632488735251297,windows,0,1,0,4
0,0.7000000000000001,0.5297287309523749,-1,194,20,0.003133756447245,7.009071090406749,AA,2727,3121.556307125612,2867.143192797165,4261.553930703837,7,11,CA,137,1,BE,1,1,1,1,500.0,0,INTERNET,1.284702173987777,other,0,1,0,5
0,0.1,0.1227200241062791,35,0,40,0.0226095668093228,-1.4382761475794528,AC,1112,6359.6988326726905,7374.101586994739,6798.278804030279,0,3,CA,84,1,BC,0,1,1,0,200.0,0,INTERNET,8.268693680921894,linux,1,1,0,0
0,0.1,0.6914416126375247,-1,164,30,0.0340939449137223,-0.9527395593796916,AB,714,5025.324671511258,4712.922081723901,4239.629519760016,15,9,CA,72,1,BE,1,1,28,0,200.0,0,INTERNET,2.517868564104333,other,1,1,0,5
0,0.6000000000000001,0.3076374616846441,-1,358,20,0.0357130601440857,-0.8088683579674669,AD,1404,9788.519168004956,6105.050578084732,5526.201404565568,37,23,CB,-6,1,BE,0,0,30,0,200.0,0,INTERNET,7.251870958248936,other,0,2,0,2
0,0.1,0.7895444930257813,-1,299,20,0.0167335681377031,25.88377111329777,AA,4046,8710.202412637656,5569.921151196402,6734.014808096232,8,7,CA,114,0,BE,1,1,1,1,1500.0,0,INTERNET,3.1265395751478584,other,0,1,0,0
0,0.7000000000000001,0.739933885417832,52,7,20,0.0138142441227039,-0.8740364190680797,AD,567,9019.133869352145,4972.033688114311,4213.802550307162,14,9,CA,134,1,BC,1,1,22,0,200.0,0,INTERNET,3.5632447802087897,windows,1,1,0,4
0,0.9,0.4710737111089698,-1,32,30,0.0213970080261686,-0.5156276260025315,AB,1177,4025.895756547256,2811.278785805492,3112.974907846284,12,10,CA,197,0,BA,0,1,1,0,500.0,0,INTERNET,6.344946015543687,windows,1,1,0,7
0,0.9,0.7750080693452392,-1,137,30,0.0057583293823353,-1.562244104837934,AC,715,5081.462925283551,3493.821159319206,3186.485598474194,0,9,CA,93,1,BA,0,1,-1,0,200.0,0,INTERNET,2.910805282461653,linux,1,1,0,7
0,0.9,0.3955277394621894,-1,90,30,0.0281971406133832,-0.953604960331603,AC,699,6216.755911611266,4366.547839406991,5386.905641790755,1,10,CA,260,0,BA,0,0,-1,0,1500.0,0,INTERNET,2.245392330848339,windows,1,1,0,2
0,0.9,0.2672643333142797,204,9,40,2.1267611042483887,-0.7421784063909127,AC,1093,1625.468333932626,4973.192783347896,5132.292248187306,0,5,CF,96,1,BB,1,1,-1,0,200.0,0,INTERNET,4.597103269128668,linux,1,1,0,2
0,0.4,0.4382750681289921,10,96,30,0.0110296785594191,-0.5509171337849239,AB,502,4088.746295609875,4927.041535914917,5299.520853137625,253,5,CA,144,1,BC,1,1,5,1,200.0,0,INTERNET,1.458486472505676,windows,1,1,0,1
0,0.8,0.8059244509491196,-1,165,40,0.0247304210240584,-0.5870227212682171,AD,306,286.5082422674721,2323.485796773359,3160.80203213294,1759,8,CF,194,0,BB,1,0,1,0,990.0,0,INTERNET,8.287378610135761,linux,1,1,0,7
0,0.7000000000000001,0.0490316769271027,-1,164,40,0.0005350796753945,-1.2250827666303246,AB,611,3515.164684539945,2916.149063760703,3032.095191796584,11,8,CA,158,0,BA,0,1,1,0,500.0,0,INTERNET,2.6424707200694044,linux,0,1,0,7
0,0.1,0.0834871079483514,-1,46,40,0.0051861982133946,-1.1613947072612565,AB,977,1625.8577558347513,4850.308869734713,5193.917939488885,0,9,CF,38,0,BB,1,1,4,1,200.0,0,INTERNET,2.859482192151761,linux,1,1,0,2
0,0.8,0.8505627224902192,-1,300,40,0.0101585674542866,-0.1986684290955166,AD,1348,4007.2952078550206,3740.595025359859,4379.560650207821,0,4,CA,173,0,BA,1,1,27,0,500.0,0,INTERNET,2.421575407138387,windows,1,1,0,6
0,0.6000000000000001,0.8486246380781994,-1,129,20,0.0103380096243276,-0.9494622301875788,AD,2130,7189.278324919997,4547.0958527454495,4426.493234898338,12,14,CA,19,0,BE,1,1,30,0,200.0,0,INTERNET,4.0200825268949325,linux,1,1,0,5
0,0.8,0.8091525335625432,-1,187,30,0.0116373857719434,-1.4801671780395609,AB,1057,2653.984191076664,4858.158814136229,4360.0444407516015,20,22,CA,110,1,BE,1,0,1,0,200.0,0,INTERNET,2.052633270856526,linux,0,1,0,4
0,0.7000000000000001,0.4622704986288724,-1,46,50,0.0117888828651466,16.174803342781146,AA,2017,7830.743328536034,8990.992353176573,5026.540235065368,12,9,CA,127,0,BC,1,0,31,0,200.0,0,INTERNET,34.69570479446174,macintosh,0,1,0,4
0,0.4,0.1621365745991635,-1,118,30,0.0176035299309482,16.104453967753738,AA,1614,4126.649220504768,5545.9554450226415,4335.62270738022,10,5,CD,40,0,BC,0,1,25,1,200.0,0,INTERNET,2.0888566496721768,other,0,1,0,6
0,0.4,0.3631068138455315,-1,292,20,0.0181376194806635,-0.7633811261317747,AB,1239,7601.221146242693,6767.091912258662,5360.51978711314,0,12,CE,38,1,BE,0,1,5,0,200.0,0,INTERNET,38.14228454415076,windows,0,1,0,1
0,0.9,0.2766781395919975,54,10,20,0.0026210804118421,-0.3743811107836743,AB,1081,9603.804250466685,5477.922652859518,4334.765800032953,17,15,CE,153,1,BE,0,1,11,0,200.0,0,INTERNET,1.0697100221879492,linux,1,1,0,5
0,0.5,0.0298902994605009,57,0,20,0.0231554533402329,-1.1516052359760482,AB,1094,1360.051710515065,2984.8638650985217,3100.7859487780406,5,11,CA,163,1,BC,1,1,21,0,1000.0,0,INTERNET,1.0425800356324118,linux,0,1,0,7
0,0.4,0.7162659307213279,-1,96,40,0.018038948972488,-0.7381115449659239,AC,789,4904.392929205369,4776.658434416931,5136.022455211884,1314,7,CA,135,0,BA,1,1,-1,0,200.0,0,INTERNET,4.023908402031272,other,1,1,0,3
0,0.7000000000000001,0.5044411772500857,208,29,60,0.0182922808067739,-1.0874395575125593,AC,929,7451.661165974802,5434.1082508663485,6249.377843855164,0,3,CA,83,0,BB,1,1,-1,0,200.0,0,INTERNET,2.18068707789613,other,0,2,0,5
0,0.1,0.1741607179037578,118,21,20,0.0009407267496244,21.87723816771582,AA,923,7881.870953272238,5378.692457327631,4241.215702663925,11,17,CA,87,1,BC,0,1,10,0,200.0,0,INTERNET,6.211541279775343,linux,0,1,0,4
0,0.7000000000000001,0.8426303546929298,-1,65,20,0.0326879297902572,-1.2289620364070506,AB,2936,12178.1311420513,5378.443264265067,6593.71521171525,8,11,CB,20,0,BE,1,1,30,0,200.0,0,INTERNET,4.483115192186378,linux,0,1,0,0
0,0.8,0.4191712291681899,-1,32,20,0.0096439630153778,-1.1519952450641298,AC,3153,6246.842184957646,3837.6837804803135,5175.245908081173,1,10,CF,110,1,BC,0,0,-1,0,200.0,0,INTERNET,8.099222343066579,linux,0,1,0,2
0,0.6000000000000001,0.7126089669359192,-1,58,50,0.0286642623195929,50.24185732728802,AA,902,5894.86663912984,5151.26715407853,4234.421624767493,463,5,CA,215,1,BC,1,1,11,1,1500.0,0,INTERNET,9.72591935985367,windows,1,1,0,1
1,0.9,0.1848958187009214,-1,169,20,0.0149409739845782,-0.9603199625090876,AD,1507,4856.921039987884,5233.282987906053,5122.068139293511,1364,20,CA,119,1,BE,0,0,20,0,200.0,0,INTERNET,3.9801403527178665,other,1,1,0,1
0,0.8,0.4359540538453908,-1,62,40,0.0013580968073749,-0.6617911491699022,AB,1020,3253.986885543089,5188.122236696181,5611.688709762926,2,13,CB,-70,0,BB,1,1,31,0,200.0,0,INTERNET,4.4785786730709605,other,0,2,0,2
0,0.8,0.0741176824696937,-1,138,30,0.0137491739437869,-1.1976852641439657,AB,963,5858.534303751523,5152.996933227729,4387.1411778464935,938,11,CA,194,0,BA,0,1,1,0,1000.0,0,INTERNET,4.145859628051068,windows,1,1,0,4
0,0.9,0.6831507046327882,-1,105,50,0.0130033882404795,-1.2100546809023685,AB,722,3603.549964022985,2886.159671074892,3093.452257704774,5,5,CB,116,1,BB,1,1,30,0,200.0,0,INTERNET,8.999977871933462,other,1,1,0,7
0,0.7000000000000001,0.9326706676760306,-1,363,50,0.0040849838055994,-1.0761577072571265,AC,746,2995.221332947137,4543.997842949449,4371.851613209104,0,3,CA,332,1,BA,1,1,-1,0,1500.0,0,INTERNET,16.468123208340863,linux,0,1,0,2
0,0.9,0.8185381461095504,-1,47,40,7.980448416889112,-0.9621500176523768,AC,2915,5843.910022611114,4165.738989581259,5558.3333893705,1,13,CA,19,1,BC,0,1,-1,0,200.0,0,INTERNET,37.49439851109583,linux,0,1,0,1
0,0.7000000000000001,0.4123304656260249,-1,122,30,0.0269800397245815,13.332936746412992,AA,1747,13477.07919969451,7831.844696861912,5516.624174079208,2,14,CA,44,0,BB,0,1,1,0,200.0,0,INTERNET,7.211520513415315,other,0,1,0,2
0,0.5,0.5410954497261373,-1,20,40,0.0374432604703079,-1.0574920468940052,AB,1315,2515.811715597832,4714.800344994133,5573.933504794619,36,13,CA,168,0,BC,0,1,5,1,1500.0,0,INTERNET,1.9968139012798147,other,1,1,0,2
0,0.7000000000000001,0.5574072621423902,-1,200,60,0.0157115732916972,-1.281678965199731,AB,1388,12280.51398277612,7655.481571814716,6000.495519908507,5,4,CC,41,0,BB,1,1,30,0,500.0,0,INTERNET,14.7006733200156,linux,1,1,0,1
0,0.3,0.7480729994183409,-1,88,40,0.0199550989716742,21.88586773252285,AA,367,7640.360761317167,6668.977011165576,5463.125741935685,1,3,CA,203,1,BB,1,1,30,0,200.0,0,INTERNET,11.232007962520743,other,0,1,0,7
0,0.2,0.8673950822688181,-1,87,30,0.0170377441836465,-0.7346681736320965,AC,3198,3371.485932130663,3747.404286797313,5735.278762204204,1,18,CA,53,1,BB,0,1,-1,0,200.0,0,INTERNET,3.4674386687454466,linux,1,1,0,2
0,0.9,0.1659695715100108,-1,92,40,0.0111090628196103,-0.7228560856093387,AB,587,9340.583779977524,5395.344924241883,5063.716458165929,17,4,CA,228,0,BC,1,1,5,0,1500.0,0,INTERNET,2.561858508374472,other,0,0,0,3
0,0.9,0.6118301463108581,-1,38,40,0.019765011981945,-0.9831838026533036,AC,1240,5929.274106844072,2482.414154052084,4870.985541077318,0,9,CA,195,1,BC,1,1,-1,1,500.0,0,INTERNET,12.32065704580052,linux,0,1,0,4
0,0.7000000000000001,0.5592830750594143,-1,55,30,0.0032288444033096,47.90859922991076,AA,246,9103.305125424278,5617.826479537874,4847.860703506687,697,5,CA,178,1,BC,0,1,1,1,500.0,0,INTERNET,3.3059929028917385,windows,0,1,0,3
0,0.8,0.8409840457752578,-1,164,30,0.0231880943281862,100.95222985373712,AA,2527,1290.731682954183,4490.206870383094,4191.546937978889,1529,6,CA,256,1,BD,1,1,6,0,1500.0,0,INTERNET,4.284197081877027,other,1,1,0,5
0,0.6000000000000001,0.759903000597813,-1,175,40,0.0182627424022018,24.715614111303864,AA,1818,10236.392127688949,7522.927555275815,5593.977697226971,2,12,CA,0,1,BB,0,1,-1,0,200.0,0,INTERNET,9.600693119729762,linux,0,0,0,2
0,0.4,0.0647857674149317,-1,32,50,0.030195075989797,-1.0734391075746157,AD,1416,1256.8991784459647,6076.102680287609,6364.9543456883375,25,4,CF,115,1,BB,1,0,1,0,200.0,0,INTERNET,2.3190265573492983,linux,1,1,0,7
0,0.9,0.1912466329491178,-1,137,40,0.0185055361236798,-1.0659697886215225,AC,1655,2182.7445548130195,2949.9198102976,3114.656045781376,1,7,CB,215,0,BA,1,0,-1,1,200.0,0,INTERNET,4.32909329630898,other,1,1,0,7
0,0.8,0.6923244510311342,-1,71,20,0.0248924198527241,-1.1959211854540306,AB,1862,9805.070562188184,6243.881884080445,4613.033912779872,11,20,CA,109,0,BC,0,1,1,0,200.0,0,INTERNET,5.197879525110297,other,1,1,0,3
0,0.8,0.6913012998126571,-1,75,30,0.0300032202526895,15.287709151587071,AA,1053,5971.713995650919,3915.3491540221694,4224.6925351586,138,5,CA,130,0,BB,0,1,16,0,200.0,0,INTERNET,6.978154434386313,other,1,1,0,6
0,0.9,0.5796236552867621,-1,31,40,0.0262557716253491,-1.0762056249326326,AD,1438,12479.08266962602,7125.864535135819,5914.278419911526,1313,5,CB,223,0,BC,0,1,24,0,1500.0,0,INTERNET,7.995850578758236,other,1,1,0,0
0,0.3,0.940692061838566,-1,36,20,0.0087949626570137,-1.096552914430606,AD,2150,7277.057469305765,5063.438645597642,4962.592539178876,7,6,CA,108,1,BE,1,1,1,0,200.0,0,INTERNET,18.49605581195099,windows,1,1,0,5
0,0.8,0.9906302373648992,-1,35,30,0.0062836307817941,-1.1418482402342491,AB,3065,5522.563115240389,3995.345744738736,5308.167066712857,15,13,CA,33,0,BC,0,1,26,1,200.0,0,INTERNET,2.0833289470058176,other,1,1,0,1
0,0.9,0.4802365153590645,-1,220,50,0.0033275060192451,52.35613314874544,AA,681,3801.241967107386,3612.9592882587785,5540.409332509377,747,4,CA,200,0,BA,0,1,5,0,1500.0,0,INTERNET,5.949679344099258,windows,0,1,0,2
0,0.7000000000000001,0.4125045932386233,41,23,20,0.025042490145597,-1.4988840731109174,AB,1328,3682.2772770426673,5643.051639749138,4879.8482434753605,16,16,CA,82,0,BC,0,1,28,0,200.0,0,INTERNET,1.9837029441252905,other,1,1,0,3
0,0.9,0.1748991412013529,-1,78,40,0.0109311745786476,-0.7665234767454329,AB,1732,2239.60208463873,2735.23072850869,4701.574301075493,8,8,CA,56,1,BC,1,1,2,0,200.0,0,INTERNET,4.726074078452906,other,0,1,0,3
0,0.7000000000000001,0.7373216148193299,-1,49,30,1.218467569267007,-0.5714137962145289,AC,1605,10133.175063489389,5932.088162405775,5513.264786957137,0,13,CA,84,0,BE,0,1,-1,0,200.0,0,INTERNET,11.319041443166869,linux,0,1,0,3
0,0.6000000000000001,0.0643305758794641,-1,127,30,0.0399721456273249,-1.3292000535832005,AB,913,6903.354007940834,4781.806591345747,4914.957311741649,11,9,CA,119,0,BB,1,1,1,0,200.0,0,INTERNET,1.4368038473563858,other,1,1,0,4
0,0.9,0.7935570865545668,-1,52,20,0.0006597524424089,32.391207358606685,AA,1204,8717.827639437217,3867.215079429321,6357.406577889167,41,5,CA,174,1,BC,1,1,1,0,1500.0,0,INTERNET,1.5616267681284222,other,1,1,0,0
0,0.6000000000000001,0.4691061984616033,335,4,30,0.0117499203029253,-1.0498858499129728,AB,1854,1206.1868592254918,6656.569252924572,5603.082340115375,8,13,CA,273,1,BC,0,1,1,0,1000.0,0,INTERNET,2.5066588517056307,other,0,1,0,1
0,0.1,0.4824101842737573,-1,185,60,0.0222625689689898,-1.5485290261735167,AC,1352,4624.62883776233,5041.2809317962265,5135.033084014177,1,1,CC,89,0,BC,1,0,-1,0,200.0,0,INTERNET,3.6671494648140346,windows,1,1,0,1
0,0.9,0.8093190327386439,-1,118,30,0.003845909677837,39.13667969825286,AA,2179,9252.873112046427,6128.449809753757,4943.502980717706,18,12,CA,64,1,BA,1,0,2,0,200.0,0,INTERNET,4.6002172111358535,macintosh,0,1,0,0
0,0.9,0.447777963760943,-1,37,60,0.0423142581749835,-1.5221232940607865,AB,1214,4219.726111613028,3649.195637638025,4816.77403563738,10,6,CA,103,0,BA,0,1,1,0,200.0,0,INTERNET,6.019498054705554,linux,1,1,0,3
0,0.9,0.4806349892148318,-1,52,20,0.0373212945062077,22.956407992265763,AA,4096,1259.1657298420794,4224.6064478899625,5074.710235131653,6,13,CA,197,0,BC,1,1,31,0,1500.0,0,INTERNET,2.2973260486758607,other,1,1,0,4
0,0.7000000000000001,0.1374037918885116,27,8,20,0.0259951934238331,-1.5487255827751016,AD,1345,6246.8362848463685,4036.203060249245,5202.128326113377,9,10,CD,213,1,BC,0,1,15,0,500.0,0,INTERNET,15.804310002740376,linux,0,1,0,3
0,0.1,0.6927407179698605,-1,176,30,0.0165368869355757,29.909267331724248,AA,1787,8748.722741052901,3149.180444482682,4842.0003576826175,483,8,CA,198,1,BE,1,1,21,0,500.0,0,INTERNET,3.2718991652166665,windows,0,1,0,3
0,0.5,0.0948977570980049,-1,43,20,0.044188939617034,18.88368203745308,AA,740,12152.91002324176,7658.788258989331,6750.66729390264,10,7,CA,130,0,BC,0,1,21,0,200.0,0,INTERNET,18.798192317826008,linux,1,1,0,0
0,0.1,0.4462388983761024,-1,191,20,0.0116776255831856,-1.3036244313233198,AB,698,1301.8003396714969,5967.261994154043,5061.130773523665,918,16,CF,98,0,BB,0,1,10,0,500.0,0,INTERNET,25.831819676810603,windows,1,1,0,3
0,0.9,0.2967226366247108,-1,184,40,0.0142685405814186,-1.0400382773255945,AB,887,3505.015800879045,3025.552960108874,4280.449263253744,1572,7,CB,195,1,BB,1,1,15,0,500.0,0,INTERNET,9.090156298512168,linux,0,1,0,5
0,0.7000000000000001,0.4746352052665844,34,9,30,0.0168867005946843,50.72120272226172,AA,1415,1174.8678551809317,5283.66469446444,4816.408307363706,6,18,CA,191,1,BB,0,1,20,1,1500.0,0,INTERNET,1.986274161171816,windows,0,1,0,5
1,0.1,0.9024918894296718,-1,129,40,0.0093819701393134,-1.3649054231378164,AB,2043,7685.150550278598,5453.574838233029,5032.829066543053,11,6,CA,278,1,BA,0,1,25,0,200.0,0,INTERNET,8.267492685799542,windows,1,1,0,4
0,0.3,0.2412068174826172,-1,133,20,0.0195540088269203,16.48749130819433,AD,1245,8525.985669308242,5455.869450521541,4500.498704008806,9,15,CD,162,1,BE,1,1,1,1,200.0,0,INTERNET,3.6722000785631015,linux,0,1,0,4
0,0.9,0.7247668712807871,27,5,20,0.0337902765338453,50.9284973378324,AA,1586,6043.115732751257,4194.89214601586,4294.3126561693225,0,4,CA,237,0,BC,0,1,26,0,1000.0,0,INTERNET,2.7861377481713285,linux,1,1,0,3
0,0.2,0.9242480831739244,-1,188,40,0.0122555360917144,-1.076733655080202,AB,1467,4117.381236100177,6033.485220003502,4371.539376776045,42,7,CF,201,1,BA,0,0,20,0,1500.0,0,INTERNET,1.8542113536082685,windows,1,1,0,5
0,0.9,0.9906905464223644,-1,55,30,0.030351909235397,2.6028824638812047,AA,1711,14598.632952940816,4226.71178806195,6382.748326657354,531,16,CA,60,0,BC,1,1,1,1,1500.0,0,INTERNET,0.6520110941274915,other,1,1,0,0
